tweet,tag
teri maa ki khasam hay tere elawa kisi ko bhi intezar nahi kutte k bhonkne ka,1
Bro ak mahan aadmi ne kaha H hamesha khubsurat kanyaao ka sath do,0
मालदीव में माधुरी दीक्षित ने पति संग रोमांटिक कैंडल लाइट डिनर को किया एन्जॉय खूबसूरत फोटो हुई वायरल entertainment,0
twitter appreciates art but twitter copy maal pelne walo ki letaa bhi khoob hai,1
Hoke sang bhi hum saath nahi kadam bade par haath nahi Bin dhaage ka ye bandhan hai phir bhi mannko sehlata haiYeh Rishta Kya Kehlata Hai❤These lines n them So beautifulReady for facing new challenges in their lifeGorgeous peoplesKaira Shivin yrkkh,0
Flipkart daadiVyomNew ChipkaliLots of thrillin materials thereDont assassins ridhu's character n RiAnsh essence for thrillRiAnsh ko baksh do plzAfter OTT transfer RiAnsh charms lost havoclyBring backIshqMeinMarjawan2,0
Hahahaha sahi kaha akhir ye he to washi converted hinduo…,0
Abey koi chuthiya hi hoga jo bolega ki dance kharab haiKitna acha dance kia sid ne mene expect ni kia tha,0
Bhagwan shree Krishna bhi kale hi thekya pta ese hi hosb apne ap m sunder hye kisiki smile hor uske liye ye bhut khubsurat h bura nhi mana hu bta rha hu dear,0
Iss kuti kay bachay ko agar few salaries na mili to yeh apni auqaat par aa jae gaShakal se begharat lagta hayRandi ka bacha,0
Mc log हज pe kyu jaate hain Congress subsidy deti thi vo bhi sirf haz pe Teri maa k…,1
Teri maa ka bh maa se puchna ki tu baap ka hi beta hai ya parosi waale chacha ka yaad phir dono ka sp mix ha…,1
Ek wada to bahut khubsurat hai house wife ko 2000 dena isse bahut sari aurto ko rahat melega but kya pata pura ho payega ki nhi,1
"I have done the same thing because ""someone"" moti ated me as well",0
"""In response to a CREW FOIA request IRS attorneys admitted that Mnuchin’s decision to block the release of Trump’s tax returns was the first time the IRS ever failed to turn over requested tax returns to Congress Sharing a president's tax info is not unprecedented""",0
Ma chudane paise kha gaythe armour ke paise tu aur teri ma Randi gandhi,1
Av v samay haiSanatan dharm me wapas aa jaoWrna duniya me badnam kaum islam hi haiJisko america nanga krta hai,0
Insaan Duniya me 3 Chizo k liyemehnat karta hai1-mera Naam oocha Ho2-Mera libas Achcha Ho3-Mera Makaan Khubsurat HoLEKINInsan k marte hi ALLAH uski 3chizee Sabse pahley Badal Deta Hai1-Naam [marhoom]2-Libaas [Kafan]3-Makaan [Qabar]A silent msg but we don't Realize,0
Jab mulla kuttiya ko nahi chorta to ye bakri hai?,1
Zindagi ki kitab mein Maine Khubsurat SA ek kissa Likha hai Jo bheete Hain Saath tumare Maine wo Har Lamha Likha hai,0
dil jude bina hi tut gaye hath mile bina hi chut gaye,0
Tera time aa chuka haibas Mana lo Ganpati Ji se apni fall down dardnak na hoTum toh sadd chuke ho…,1
Waha Acha hai Trp joh mil rahi hai And tu dekh ke muth hi marr lifetime muthal 6ka,1
AnuPreA- Anurag Basu - naa yeh diwangi chahiye na yeh dard nahi honi wali muze kisise mohobbatP- Prerna Sharma - pyar ek aisi khubsurat chij hai jo us dard se badhti hai jaise jaise dard badhta hai kashish badhti haiHalfYearWithoutKZK2,0
Ye log bas Modiji ke nam par election jeet gye Ur ab satta sukh bhog rahe haiyh…,0
Aaj main panty bhul gayi thi toh meri behen ne mujhe apni panty de di,0
ill send nude for every like/retweet(must follow) comment DONE so i can DM kik sophie21hottiehorny nudes cumtribu…,0
bhai is lia ka med walon na parhna kam hota or randi rona zada dala hota o bhai kisi na zabardasti rakhwaya ha medical kabhi hum na kaha ka presentation daita hoa standup comedy kartay hain hum?? ni na,1
ABEY BHADWE SAALE KAAM SE KAAM RAKH NA MADARCHOD quarantine reh na saale narangi lund Teri BIWI D…,1
Ye Ni poochu gi k who is she? Chalo mn he btaa deta she's my mother my love and loving your mother is legen…,0
do you just *click-clack-cluk* your finger until your mom hears it and says- HA AUR KARLO JISSE UNGLI MOTI HOJAAYE?????????CAN SOMEONE EXPLAIN ME THIS???????????,0
Rhea ek rendi hai tumhe dikhta Nahi usne ek super star ko mout De di CBI ke samne bahut Kuch bola bahut Ba…,1
bhai hum bangali hua toh kya huahum bhi toh insaan‍♂️haibhai caantry is not importantbut beautiful heart ❤️ is the most important sudhar jaowarna kaan ke neecheaisa bajaungi‍♀️‍♀️‍♀️,0
Dia Mirza ने बेबी बंप के साथ फैंस को दी गुड न्यूज़ जल्दी घर में आने वाला है नन्हा मेहमानDiamirza vaibhr Goodnews Bollywood Actress Beautiful SunsetKeDiVaNe,0
Aaj Whatsapp uncle logo ki FD interest rate cut kar diye sher ne ☺️☺️Thanks Moti ji,0
Thodi nhi kuttiya bana ke chodne main jada maza aata or baal pakad ke,1
मुंबई में नजर आईं करीना से लेकर हेमा मालिनी तक बी-टाउन की खूबसूरत अदाकाराएं,0
salman khan aur karn johar ka paltu nikla tu bhi Sirf paisa hi sab kuch h na Aaja aaj k bad teri…,1
Jo log healthy hai or already recover hai unko hi korona positive bata ke apna recovery rate bada rhe hai,0
Madarchod ye Allah Bolta hai agar Jihadi thak jaate hai Ladte Ladte to Muhammad ko bh…,1
Modi ji hai toh sab mei number one honge except on economy jobs development foreign policy army democratic institutions women security education health law and order businesses and corruption ModiHaiToMumkinHai,1
To tere Baap ka kya be R**nd ki aulaad Usske ghar ne bijli paani aye wo kya bole wo usski maa…,1
Beti Hai To Kaal Hai Inspiration Beautiful Words DivyankaTripathi,0
Iska boobs bhut mast hai khase hai ye randi,1
Cemetry ke paas rehne ka asar nazar aa rha hai ye ?Ideal date location - Chudail Baudi,0
Raw Star Se Yaha Tak Ka Safar Bahot Hi Khubsurat Raha or Aage or bhi Khubsurat Rahega Ese Hi Chamkte Raho Hameshaaaa DARSHANNNN ✨,0
पक्का किसी muslim की chudi है यह तभी इतना उतावली है Randi,1
apni paidaish ka pata nahi randi biraadari ne paal diya badi ho gayi randi aur dhanush shiv ka is jaan pehchan ke favor ka nuksaan faayda beijjati hi beijjati,1
Kabhi nhi sudhrenge yea log Sare chor hai RAM RAM JAPNAPARAYA MAAL APNABHARAT KO LOOTNA HIHAI INKA SAPNA ShameOnAllOfUDubMaroSaaleSab,1
Wahi to gandu log khud me ladte rahte hai Bc pakistan me khud me lad ja…,1
अक्तूबर स्तन कैंसर जागरूकता का महिना है। October is the BreastCancer Awareness Month…,0
maha tu randi hay tera kaam hi yahi hayeah shareef bachi ha is ko kharab na kar,1
Arey tu cute sweet dil se beautiful Sab kuch hai isliye,0
Salae baap ka maal hai tera ??,1
Chutiyo tumhare jaise suaro ki tarah nahi aate akele to lad nahi skte to randi rona tumhara hna Ab agli kuch bhi bolne ke pehle sochlena nahi to tumhare baap tak ko rula denge Gandu gang jhaant barabar saale,1
Tera jism sahi dalali kr raha he teri baat ka jhangvi ka maa,1
ab waseem shb ko kiya takleef ha sahi kha ha randia hi hn randio ko randi hinlaka or parha jata ha,1
Chal teri maa ya fir teri behen k piche bomb lagata hoonbata tere…,1
Tera maa ne nahi karna band nale Sikh la kutte kanjar tu Punjabi hun tuhanu punjab waliya ne hi sidhe karna hai eda tuhanu kuttiya nu akal nahi aani,1
Bengal me halat kharab hai Yhi agar kisi BJP state me hota to Randi Rona Chalu ho gya hota desh me,1
Kamini Bata dey logo se k wo mei hi hu Haribhau,0
Jitna teri maa leti hai randi khaane mein,1
26+ Beautiful photos of Anusmriti Sarkar bollywood teluguactress,0
Bhabhi ye randiya to mast hai aur aap bhi bahut chuddakad hojo bhi randi mujhe dengilike comment or follow kr le,1
bht khubsurat hai tujhse duniya meriSidNaaz ❤,0
"Oye bhootni ki teri maa-behan-beti ka surname bhi ""bomb"" hai kya jaroor hai ShameOnUAkshayKumar",1
Good evening Shukriya aapka Ek Khubsurat Sikh dene ke liye Abhar Abhinandan,0
Randi maaa ke bachon poora din gaand ghiske points kiye ab maa na chudwao krwao time pe,1
Aaj se mai kisi ko beautiful nhi bolongakyoki ek same comment mai kis kis ko du yaha to sab sunder hai hi Mai ka karu,0
Sali tere par ye hi kam hai kya,1
Curtain ko open karke bhi ane curtain se chhupkar bhi Dekhte hain samne ek bhabhi h bahut hi khubsurat,0
It's not a joke by the way Mujhy to wesy hi sharm aa rahi hai Would you plz imagine k kia post kia hai ? Sorry but yahi to byhayai hai Ap ko nahi keh raha inko keh raha hun Dikha rahy k Sali bhi sath honi chahye Hope you would understand,0
Aagaya Hijra phir bakwas karne beta jahan tha wahi raho tum logo ki wishes ki zarorat nahi hy kyun jis…,1
Naiii kerskty han Bus wasay hi mayny suna tha ky Gadhi ko tang nahi kerty machar,1
To tum chut*ye ho to hum kya kren Dhoni k saamne aukaat kya thi ssr ki,1
Khanumarfa muslim majarity hone ki tak baychaara banaye rakho Arfa Randi ka kehnaBadvi tera chikni gaand ko mainhi maarunga Aur ye teri sapna kabhi pura hoga hi nahi tum Randi thi aur rahogi,1
Butter matt lagaoMain pehle hi moti hoon❤❤,0
Yahan banda achy mood se bhi aye to inky randi ronay dekh k apna mood bhi wesa hojata hai,1
no you’re Absolutely Right idk it sounds really discriminatory and like this IRL called my really bad panic attack and depressive episode “randi rona” so i don’t really care for it especially the way it’s used,0
Abe ab jo modi ke baap vha panchayat kre the unke ku nhi dia baas bhosdi walo n gandu h bc or…,1
Ye SonamKapoor madam b wahi krti hongi tbi to RheaChakroborty ko support kr rahi thisb ek jaisi hi Hain …,0
Giving interview to Rajdeep Sardesai for image building is like takingGK tuition from AliaBhatt History tuition…,0
Randi akshay teri maa ko babar azam ne choda,1
Teri maa ka nam 4hutiya haiAur tu 4hutiya ki padaish,1
Poonam ji aap bahut ki khubsurat aur lazabaab hai kya hum dost ban sakte hai agar ha to pls fb par aa jaiye,0
Khassmall Pakistanmall RealmallHer EXTREME HOT private pics are available ONLY 4 EXCHANGEPeople having their REAL Paki Girlfriend or ex Girlfriend's personal DATA kindly DM ONLY 4 EXCHANGEPaki Desi Hot Sexy Maal Private Exchange Trade HotMaal SexyMaal DesiMaal,1
Not opposition for jammu but ideology opposition MAAL JI,1
Tere baap somi om hai kya bsdk chakke ke aulaad chindi star ka fan Canadian mc teri maa toh randi hai hi saat mei tu bhi renda hai tujhe chakke pel the hai,1
sir ap apni ankhe band kr len ye aurat march nahi randi march ta sorry agar bura lge to magar jo sach hota he wo karwa hota he,1
tum logo ke itnay randi ronay hai nahi jitny yahan akay bata rahy hoty ho,1
Ohh that's beautiful हमारे यहां तो गर्मी का jwalamukhi फूटा है मे सोचा कहा है इतना अंधेरा,0
Rhea In Interview Sushant Came In my Dream And Told Me To Give InterviewI just Wana Tell You Rhea Sushant Came to My…,0
"Zindagi Me Agar Khubsurat Ladkio Ki Talaash Me Nikalna Hai To ""Ashraf Doctor Ki Dispensary Me Jaana""Ek Se Ek Khubsurat Ladkia Bimaar Khadi Hai",0
Teri Nazroo Ko Fursat Na MiliWarna Marz Itna Lailaaj Na Tha,0
No one bothered about respect of community &amp; shamelessly using it Moghul mindset Hindustan ka maal hai Loot lo,1
lagta hai Teri Maa Sab Raaste Ke Muslim Ki Fan Hoon Gaye Hai Kitna Choosi Sab Ka Tu…,1
I love it KEEP STALKING MY MAAL DRUG GANGSTER DEEPIKA FOREVERRRRR AND EVER YASSSSS MISSS DEPRESSION DEEPIKA WON AND ahahahbsbs,0
UP Bihar mein ek beautiful words ise hota hai iske liye_Lantth sab hai,0
Chal nikalTum logon ka Randi Rona Haram nhn hota Bajway ko giraftar Karo poora Pakistan tabah Kar dya baksa chor nay,1
Chain se Chahte Ho SonaTohBand Kar Do Ye Randi- Rona,1
Tum SidHeart ho sirf isliye bol rahi huKyu faltu me apan jhagda kar rHe haiItna beautiful fandom hai humara Hum ek PARIVAAR haiMai masti kar rahi thi yaar offensive hone ka koi intention hi nahi thaKoi aur hota toh itna kuch likhti b nahiBs k fan ho,0
Talented k saath saath aap kitne khubsurat bhi ho,0
Kabhi kabhi MAA teri confuse ho jaati hogi ki tujhe uski gobar nikalne wali gaand se nikala hai bin…,1
Hi beautiful and gorgeous lady Ek question puchhna chahti huHumare Baby kaha hai? kaise hai?thik hai na?Plz Champ ko bol dena Hum log bohut miss kar rahe heChamp ka deyan rakhiyeAap bhi safe rahelots of love ❤️❤️❤️ RahulVaidya,0
Bhosdi k tumne mujhe kahaan gaddari krte hue dekh lia randi ki padaishMere paas aaj Bhi Indian Passport hai aur Mujhe proud hai Indian hone pe Par tere jaise bhen ke lando ki maa mein hmesha chodd tan rahuga,1
Abe chutiye chup raha kr jita jitaya match hara diya gandu -- pyaar se bol raha hu,1
Jab haraam ki rozi Pakistan me hi mayassar hai tu tuj kaisi Randi baher Q jaigi,1
HaanTeri maa hi toh paise baat rahi hai gadhi,1
kitchen wali chipkali really doesn't wanna see me happy mf ok if you live there keep hiding bahir kiya kerne aati ho sjdhsjd KUTTI,0
Teri maa ki chut or saza ka fata bhosra sil Pdosi ki paidaish frzi lawde,1
Pyar mai duniya khubsurat lagti haiDard mai duniya dushman lagti haiTum jaise dost jindgi mai ho toBisleri bhi sali kingfisher lagti haicopy PaniDiGalOutNow,0
I mean TCH is an actual pedo--- so it clearly doesn't mean shit to him I think Randi is just a sadfriendless loaf who's happy to make money with a pedo of it means she doesn't have to get out of bed to work,1
I got my first ticket tapos solved pa tas na rate pa ako ;(( Ang cute nya huhuhu Okay mahal ko na trabaho pag bat…,0
Tributes to Beautiful Shashikala Jiये रास्ते हैं प्यार के चलना संभल संभल के,0
PAK FOOJ ZINDABADNAWAZ SHARIF MODI KA YAARNAARA YEH THAA RANDI KAY BACHAYAPNI DO TAKAY KI MAA MARVI HARAMZADO…,1
Jo 4 photos dipika ne lagayi ha kya slut shame ha tu mujhe bata,0
Reena Chachi aap jesa maal agar meri biwi hoti to me use hmesha chhipa k rkhta or din raat bed pe patak patak k chdtaLekin chacha k alag hi shok hYe b koi shok h dosto ko apni biwi ki photo dikha k uske baare me gandi gandi baate krnaREENACHACHI,1
Ek baat bata do bro sambidhan to ek he fir kyun tum log apne dharm ka prachar prasar Karne ka chut he…,0
To apny samjhany waly change Kro yaha q randi rona shuro kiya hwA,1
Itihas gawa hai har khubsurat ladkiKisi chutiya se he pyaar karte hai,1
Nop jitne jaldi jhagadte hai utne jaldi thande bhi hote haiShant rahene wale bhi magarmachh jaise bhi nikalte haiIt's generalisation Jhagadne wale aur khubsurat ander se kale hi hote haiMaine ander bahar dono se kale bhi dekhe hai,0
kakar sb kasi esse ministeri ka name bata de jis se log satisfy ho khud khan sb ke barre me kai kha…,0
Yad hai Follow reelkarofeelkaro reelsinstagram explore writersofinstagram instalove mood indianwriters broken online beautiful alone reels faisusquad brokeheart dubai turkey trending sbhandloom line instashayri silsilaeis,0
TAPAK TERI MAA KI PHUDDI KA JOOOS NIKAL KAR TARRI BAJI KO PILLAoooo,1
Sach ki Awaj buland karne walon ke sath yahi hota hai maan bhi lo ki TRP ke liye kuchh kiya bhi par Bigg Bo…,0
Humare billi ko jalan huve ke koi billi etne khubsurat kese ho skte hai,0
Ye to tumne apna rate bata diya galti se Hamara to 15 lakh hai Aur kab se…,0
Bhai kutta filter lagati ho and apne aap ko bad bitch bolti ho phir koi kuttiya bol de to offend ho jaati ho,1
Par mujhe beautiful ke baad kuchh aata hi nhi bolna,0
Please do remember in between election agendas we middle n upper middle are working to fill our stomach and educate our childrenand saving for old age we dont get free ka maal by anybody,0
Udhar hi rahe kamini Aani hi nhi chahiye Mumbai,1
phir aathey hai randi rone ke liye,1
Tumlog ka dusra planet hoga Kyuki normal people on earth ko jasly Jasmin siddhart sab pta hota h Par kutton ko heera thori dikhta h apni kuttiya hi dikhti h n bas,1
What work ???Pakistan a disintegrating economic messWith DOGS and PIGS like u CHIPKALI FARAZ,1
Your constant need for validation is unhealthy Sali ka sa Showtime lol,0
all bollywood kuta ki aulad hai hum bihariyo ki paidaesh hai bollywodanurag teri maa ki chut randi ki aulad hamari…,1
तेरा मेरा प्यार अमर फिर क्यों मुझको लगता है डरमेरे जीवन साथी बता दिल क्यों धड़के रह-रह करNo one in Bollywood is as beautiful as sadhna ji till date,0
Pasine chut gye es ke to bhut acha kam kiya congress party ka sa…,0
Sharam jaisee koi jaat bachi hai k nahi Kisko bevkuf bana rahe ho Public ne nanga kar dia fir bhi…,0
Jo madarchod ka bacha hai ye mere paas a randi ke bache mein batata hoon bhenchod,1
Today is 's birthday here we are celebrating nd giving lots of love nd blessings to her sbki pyari sbse choti gc ki aan ban shan ek no Ki gadhi kamo kandi wish uh a very happy birthday kamo god bless you From all of us ❤,0
repeat after me DrDeepika Drugs nasha hai repeat after me DrDeepikaDrugs buri chee…,0
Good Morning Beautiful Shivani नहीं जो दिल में जगह तो नजर में रहने दोमेरी हयात को तुम अपने असर में रहने दोमैं अपनी सोच को तेरी गली में छोड़ आया हूँमेरे वजूद को ख्वाबो के घर में रहने दो।,0
मेरी रूह को छू लेने के लिए बस कुछ लफ्ज़ ही काफ़ी है।कह दो बस इतना ही की तेरे साथ अभी जीना बाकी है।।Hello Beautiful Uma Good Afternoon and Happy Tuesday,0
Boycott karne wale pasine ki kamai se kharidate hai randi-baaji karke nahi,1
buzdar ka naam letay huway sharam nahi aai haram k pillay 30 sal teri maa k yaar hukomat kartay rahay punjab per ki…,1
Ye manisha kon hTeri maa ka naam baar baar mt le,1
Naya trend aane tak ka wait karna padega,0
Tum bhi space mein ghuskar apni khubsurat awaaz se logo drav hehe,0
Aja Randi ki tarah chudte he Aaj to teri chut ko chod chod ke highway bana dunga b…,1
Meri ko to reply krne mein mot aati hai ksm se agar psnd na hoti to muh tod deta fir block kr deti chudail ko,1
Isme itni gandagi hai ki ek aurat ko slut shame krna pad gya par nyi kro tum ye sab krke sayad Kuch mil jaye tum logon ko good,1
"Some Beautiful and more True Lines""Kabhi kabhi main khud se hoon yeh puchhtaMain tere qaabil bhi hoon kyaItna toh mujhe hai maaloomMilke tujhe behtar main insaan ban gayaThoda thoda tujh se seekhaPyaar karne ka tareeka""❤",0
Chhoti moti chori karne de raha tha icc Yeh bank hi lootne chala gayaAlso ashwin's statements during Asia cup press conf really set the ball rolling,1
mingle k randi rone se behtr hai,1
IshqMeinMarjawan2Sab ki chehra utra huwa thashocked thabaas ek kamini ki alawaIshaniHow can someone be this much heartless???? Smiling on the news of R's death,1
pahle to tumse Ishq Hua Mujhe❣️ Khubsurat to Tum baad Mein Lage,0
Madarchod teri ma ka bhoxda teri rakhel Apavitra BB14 me jane se pehle…,1
Ab gali k 50 number likhay hain tou aisa hi hona ha naWesay choti gali deti hn gadhi tk,0
FekuDiwas NationalJumlaDay GlobalFekuDay FekuDiwas Moti After every fake promise to people,1
Bata diya tune tu kiski aulad hai do baap ki aulad hai tu taking na ho to puch teri ma…,1
Tujhe lagta h laal dupatta aur sajan ji ghar aaye salman ke song h gandu Mana ki dimag kam h lekin itn…,1
Chutiye har jaga tu hugne aajata hai? Ghar pe toilet nahi Kya? Hai toh jaake Tere sar se saare tatti nikal de randi rona bandh kar,1
ShauryaAurAnokhiKiKahani I think i might tolerate her if she doesn’t touch Shaurya doesn’t hug him etc but esa ho ga nai Kamini mokay pe chauka zaror maray ge,1
Abay awra kuttiya ki bachi Jo mainay abhi tere chudai ki ha ussya to tere 7 naslen bahir ajayegi Acha jab paida hojayen to batta dena,1
khawaja teri maa ka phuda ru humary leader ko gali dy ga madarchod lagta ha rughy…,1
Wo kitna dare huye kaise kaise kanoon larahe Jo bewakuf hai nhi samjhte ki sach ko kitna bhi dabau wo dabta nhi h,0
Ye Maderchod jehadi ki okat Kya hai Randi ki olad Kitne Suwar Iski MA ke uper chade hoge kisi ko pata hai ArrestAmanatullahKhan,1
Abe mulli ki paidaish madarchod randwe Teri amma ka chodu babar ki aulaad sale itna joota marenge teri…,1
Farzi khabar na chalao Tum logo ko hathras me dekha nanga nach kar rahe theDogli patrakarita karte ho tum log,1
IstandwithRepublic Guys just spam rest of the trends who r against republic sachai sabke gale se nai utar rahiya phir ai…,0
Dev ki sali ne jeeta gold Silver Bronze because cheated Song beedhi jalaile,0
Humein unkay eysa karne par koi eytraz nahi acha hai karee magar plz plz phir awam ko sadgi foozol kharach apna maal Allah ki raha main dene or is tarha ka dars na dee jiss par khod amal kar nahi sakte kio k awam agar eyse karti hai tu woh bhi Allah k diye howe se hi karti hai,1
Rajasthan ki Jo Teri mataye Mari hai rape ke baad unke bare mein tera kya khayal hai bas tuje BJP…,0
Tijjani Gandu and Habu Tabule during final PDP Mega Rally in Ondo State todayPDPOndoFinaleOndoIsBetterWithPDP…,0
Two bit Hindutva troll abbe teri maa ki chutKangana abbe teri maa ki chut,1
Kya kasar reh gai thi maire pyar me kya kashar reh gai thi maire pyar meSub kuchh diya maine apna fir bhi chala gya muh marne Randi bazar me,1
Bahut strong maal Bohot Like NCB can raid immediately types,1
Hahahaha Although I got your point but sundari is a feminine word while sundaran is used as a masculine one,0
Infinity War wala Thor with Stormbreaker and Mjolnir would've kicked Thanos' ass easily par ye gandu logo ne uski waat laga di,0
Rich and ugly As haath mein paisa h toh kabhi bhi beautiful ban jaunga EijazKhan,1
Jisko bhagwan ne fursat se banyawo khubsurat to hoga he,0
"Bjp not unlike other parties thinks ""Sab bapka maal hai""",0
If SSR is killed at 13th june then y his last seen was at 930am at 14june?I mean how??? Was someone using his phon…,0
It's fucking hilarious to me that rich ministers won't reach out to the leeches refusing to sell Sputnik with a price cap and then just buy all their stock illegally for their inbred harami khandaans Corruption bhi muft key maal pey karni hey,1
Sadguru jaiso se yoga meditation aur Ayurveda seekh ke life me ghanta farak padega Agar life me kuch haasil karna hai to Punit Pania ke Randi rona suno jisse life badal jayegi Automatically intellect ka self certificate milega jisse Bangla gaadi sab aa jayegi Lol,1
Ab kya kare tum hari aankhe jo khubsurat hain itni,0
Maderchod rape ko navratri se jod raha hai halala ki paidaish hai kya??…,1
Banana republick ko bachata Chadda Rahne de be wo nanga ho chuka ab,0
Teri maa ko to roj modi or takluu yogii petaa hai Mujhee ptaa haa o…,1
Ye dekh bhen k lund map ko saari rivers kashmir se porkistan me jaati ha india me ek…,0
Or ye jo tumne start kiya woi know kabir wrong hai or m uske liye usko bilkul support nahi karungi what about u bro ?Bina baat k abuse tune Start kiya Ek ladki k liye stand le raha hai wo bhi dusri ladki ko abuse or slut shame kar kar so fir lanat hai stand par fir,0
Baised shippers ki haalat to aise ho gayi hai ke Nanga nahayega kya nichodega kya SidNaaz,1
Hi rama meri kutti kamini dost jyada time se ni janta or jyada vi ni janta hu bt tujhse baat kr ke achha lgta h sach kahu to m baat hi kia krta hu kuch vi ni pr jo krna chahta hu wo tl p kr ni sakta or tu dm m active ni hoti h Mujhe yaad h humara first interect jb hua+++,0
Meri TL ab jaake acchi lag rahi hai you’re interactions and tweets dikh rahen hain if you’re busy aa jaata kar kabhi kabhi ten minutes ke liye hi sahi And yes about shehnaaz she is a beautiful human being Shayad hi koi uske jaise ho sakta hai,0
Abe up ke mulle teri maa ka bhosda teri behn ki chut me ghusa aatankwadi,1
NAZAR NA LAGE ❤️❤️ they’re both so beautiful meko rona aaraha haiKyunUttheDilChhodAaye,0
Agar Khubsurat hona gunah haiTo main begunah hoon,0
Zindagi or bhi khubsurat ho jati hai Jab Humsafar naik or deen dar mil jata hai❤,0
Teri maa ko chut mein 5 kg gajar hai raat ko nikaal ke kha lene saale gaarib ki najais aulaad,1
Randi maa k bachay tera imran khan kanjar lun bhi ukhaar nai skta najaiz olaad yoothiye gandu,1
A beautiful message frm Ex ADG इस सुन्दर गाड़ीकी ड्राईवर सीट छोड़ते हुए मुझे बहुत संतोष है क्योकि मुझे इस यात्राने बहुत कुछ सिखाया और ऐसे साथियो से मिलाया जिन्होने मेरे हृदय पर अमिट छाप छोडीप्यारे साथियो आपके स्नेह और विश्वास केलिए बहुत-बहुत आभार,0
so dang good but i do like kfc stateside too so i was just overjoyed with bahamian kfc,0
Item ladki mast hainkhubsurat aur white colour wali item hainadivashi toh aise white nahi dikhe aaaj tak,0
Oh my gawwd 4ladies log n ek banda milke chand ko kheech rahe jaise uska baap ka maal haiWoh bhi wonder woman ki lasso seI appreciate writers audacity to think they can kidnap moon,1
Ishq hai yaa ibadatab kuch samajh nehi aataek khubsurat khyaal hai wo jo dil se nehi jaata❤,0
uff didi kya maza se le rahi hai,1
Wo jo moti si jalebi hoti hy flower shaped that's grato,0
I’ve only had the first dose but I did have some side effects I started feeling flu-like about 12hrs after but took a nap for a couple hours and felt better Other than that just a mildly sore arm the next day Felt 100% by 24hrs after the shot,0
Bs kurdy moti sara khana tonye hi khtm kurna hai,1
my jaan —aap ky sath hona hi meri pasandidah jagah hai jab mei aap ki taraf daikhta hun tou mei apni ankhan ky samnay apni baqi zindagi daikhta hun aap bohat khubsurat ho me tumhare pyaar me hon hamesha ke liye,0
Now playing Gospel Impact Radio Soulfood Randi - 033021-6 wwwgospelimpactradiocom,0
Motu ke hathon ki banayi hui chaye duniya ka ssb se khubsurat mashroob hoga,0
Are wah bhai sahab koi hindu dieties ko kuch bolta h toh abhivyakti ki azaadi ka randi rona suru ho jata h waha par bhi nazba dikaya kariye,1
Good Morning Sundari Piyali Have an accha Din too Minister Conspired SSR Murder,0
Jab tak aap jaise log yaha pe hai tab tak koi SidNaaz moment adhuri nahi rahegi kuch na kuchh mil hi jata hai through beautiful VM or SNIT❤️❤️❤️❤️❤️,0
Im getting my first dose this Saturday and Im getting Moderna Didnt really have a choice in what vac I can get My co-worker got Pfizer and she got feverish and body aches,0
PLS SEE THIS ITNA KHUBSURAT TRAILER MAINE AAJ TAK NAHI DEKHA REAL LAG RAHA HAI THE WAY RAHUL NAAM SUNAAYI DE RAHA THA I GOT GOOSEBUMPS RahulVaidya,0
I missed those days when I used to say ' dekh dekh chipkali ' this day,0
Masum chood Kuch Nahi ek clip toh hai or ek clip hai aise flushmi k samna acting ki hai …,0
TL pr kisi Gair mehram se ye shabdhon ka prayog krny pr apko simp ki shrenee (category) mai rakh diya jayega Janhit mai jaari 1 Ap kesy hon2 Jldi ana vapas3 MashaAllah ap khubsurat hain4 Hey 5 Apke tweets acche hoty hain Savdhan rahe satark rahe Bhola admi na bane,0
I really don't understand law &amp; Justice in this Great Country of Ours Rhea is free maal hai kya Deepika is free so is her husband hrithikArjun Rampal so many drug actors CBI is silent? Disha Salian?Soon Vaze case might gather dust Why ? Interrogate Vaze 4 Sushant,1
yakeen maniy koi bhi ladki jb sar pe dupatta rakh leti h wo khud be khud khubsurat lagne lagti h ye jo bhi ho mashallah achchi lag rhi h,0
aur jitne b tm log ho social media pr govt k active log Agr tm logon k ab koi randi rona kiya to awam ne tm logu ko chhorna ni Aur us Shree Mazari ko rone matt dena is baar,1
"""मेरे अति प्रिय मित्रों सादर नमस्कार~Beautiful Good Morning~""क्यों न हम बदलाव का इंतज़ार करने के बजायउसका कारण बनें_ स्वयं में परिवर्तन लायें_जब_जागें___तब_सबेरा_ सुप्रभात आपका दिन मंगलमय हो खुश रहें और स्वस्थ रहें",0
hai and i just had a chipkali fall on me my first time i think unless i’ve blocked some other instances out of my head kill me took a shower but lagta hai ganga main shunaan kerna paray ga,0
NoVoteForBJP ANDH LUND BHAKT marne ke liye taiyaar ho jaa Agar 1 bhi vote chaiwaala aur TAKLU TADIPAAR ko diya to tera LUND katke MOTA BHAI ke GAAND ke CHHED me ghusa dunga aur tere CHHAKKE baap ke samne tera maa bahen ko chod dunga,1
Randi ka moot tumna sirf gannd hi Marvayi hai Hun central Asian invaders tha too Kshatriya Kaha sa Ho gaya Tera himachal Vala too Sadiyo sa Rajputo na Raj kiya Tu too chup hi raha bakarwal,1
Me toh foj ka naam leta hi nahi mein toh haramzadi Establishment ka naam leta hu aur yahi log foj ko represent karte hey aur foj se saare 2 Number kaam bhi yahi karwate hey ao aur waziristan ka haal dekho wahan ke logo taliban se zyada foj ko gaali dete hey aur deni bhi chahiye,1
are we talking about fatality here if so wo bohut chutiya hai ajeeb randi ka bacha hai mujhe bhi block kar giya mu pe bol nahi skta kuch,1
Her state mein greenery haiAur Sab SE zyada to North East Indian states mein has jise hum Seven sister states kehete Hain Karnataka main bhi hai Coorg Jo bohot khubsurat hai main ne abhi tak Nahi Dekha,0
Banglore me gaaand marwane gai hai randi saali,1
Kya come back kiya bechare ne poor baby karan ab Bhagwan se darooo kya hoga tumsabka …,0
Ji Shukriya Pr dil ki jo khubsurat vo sb achhi h ladkiya chahe jah ki ho,0
Yahi wajah hai mne chod di fanwar Fanwar se apne Maa Bahen ki gaaliyan suni parti hai aur stars ac room bet kar maze kar rhe hote haiBus thoda control karo khud ko ye fanwar ki aadat chali jayegi,1
Mat rakhna yahan Mohabbat ki ummid kisi seyah khubsurat to har Koi hai lekin Dil aur Dimag se nhii,0
Apna moo band karen or agr itni hesiat ho to karachi aa k dekh len is post mai koi editing nhi haiOr haan Karachi se jalna bhi chhor denAgr gandagi ho to iska matlb ye nhi k shehr mai kuch hai hi nhi Karachi khubsurat hai apki soch ki trhan kharab nhi hai,1
Teri okaat h apne muh se Muhammad (PBUH) ka naam lene ki bhi sale apni maa behan ko nanga kr k bazaar mein ghuma be…,1
Kahan se dilwayengey Rs 2000/ rupaye Rahul Gandhi ki tijori se ya loot ke maal se vaise baat toh ek hi haiAbhi 7200 rupaye toh mile nahi,1
Raat bhar pela teri maa behen dono ko ja ke dekh teri maa ka bhonsada ka jhopda ho g…,1
4 saal tum waha inky talwe chatti rahe kia kia nahi kia randi jab dafa kar diya tu ajj bonkn…,1
Randi O | Media Personality | Creator ✍ | Actress On this last day on Women’s History Month I’m just grateful and blessed to start making my own ✊✨✨✨ randio everyonesfavorite WomensHistoryMonth,0
It's a pure jealousy nothing elseAap to aise baat kar rahe hai jaise ke Pakistan ka koi secret India ko share kar diya it's a business at the endJo maal bikega vo hi bechenge na,0
assalam walekum mashallah aap bahut khubsurat ho achi tasveer hai,0
JAGT BADI MAA ka bhi apna hi Aura h Bla ki khubsurat h upr se dimag sach me jitna tez U hi uske pati ka naam bhi Tej nhi hAesi khiladi h jiski tareef krne K liye dushman bhi majbur Ho jaaye Ex K taur pr meri trf dekhiye ShauryaAurAnokhiKiKahaniSAAKK shakhi,0
Abey har waqt larkiyon ki tarha Randi Rony na Kiya kr,1
[Video] Deepika Padukone and Ranveer Singh in Jio PostPaid Plus without changing your number,0
Nanga nahayega kya Nichodega kya Arnab is shameless naked guy in terms of ethics and values…,1
Kutte bhokte hai Hathi chalta rehta haiLife ke liye ye fanda bhi acha haiBeautiful lines Sir,0
Sun be chauri chut Bali raand secular ka lund chusne Bali Teri maa ka bhosra Apne baap ka byah krba de mulli se tb janunga,1
Teri maa ko lun ghadaron ko back krne wala ghadar mossad ka paltu kutta hai tu teri amma ka phuda phar…,1
Begherat tujhe sharam nai aati aisi bakwas ya share karte hue wo bhi sirf apne aaqaon ko khush krne k liyeTujh se behtar to kisi kothay ki randi hy sahafi k nam pe badnuma dagh,1
Ladki hoke gali bak rahi he ye sikhati he kya teri manusmriti?bol randi ki bachhi? Agar manusmriti ko apply kiya hota to 8 saal ki umar me tera bhosda 50 sal ka buddha fad ra hota ye net pe bhonk nahi rahi hoti tu samjhi yedi lavdi,1
Beautiful लगी तो घर भेज दे क्या,0
Kids these days don't even know Moti saban let alone all the fuss about utha utha diwali aali,0
50 seat wali party 303 wali party ki chati pr nanga nach kr rhi ha Shame,0
Jaise-Saavan ke andhe ko sab hara hi lgta h Waise hi-Ishq krne walon ko Mohabbat bhi ek khubsurat gunah lgta hai,0
Yahi hal tere maa behan ka hoga ya phir teri maa ko kisi hindu ne pel…,1
Khubsurat geet dil ke bahut kareeb hai aapka Shukriya share karne ke liyeAwesome choice &amp;song AWESOME,0
Mujhe boht Pasand hai seena thok ke kehti hu Tu unka pair ki jutti ki dhul ke barabar bhi nhi Tu to slut hai,1
Mari chut ma ek Hindu zalimkafir na lund dal deya,0
"Wtf is wrong with ""Chipkali"" man just let me poop in peace everytime you sit in toilet it's wandering around",0
Beautiful feetInhe zameen par mat utariiyega Maele ho jaayege,0
Ye jeevan ke khubsurat kshan hain sadaiv smriti me rahenge Bahut khub,0
After Muhammad Zubair we have Tariq Bashir Cheema's entire family illegally getting vaccinated at home and then posting it online These kids literally believe Pakistan Ka khazana in kay Baap Ka maal Hai,1
Chuha nikaalnai kai liye jaise roti lagaate hai ye waisa hi love letter hai nahi to Iyer jaiso ko waha jaa kar randi rona na karna padta,1
वो तो randi रोना है तुम्हारा जीत गए तो ठीक नहीं तो ईवीएम खराब,1
teri maa aur behen ka mai already le chuka huuii maatruth got exposedrandi ke bij…,1
Haan kar khushi Jui ki Teri maa ka nam REAHA hai,0
Teri okat hi nhi h bhagwa rang lgane KiPR hara rang barabar thali me dikh rha hrandi ki beti,1
Dekhna na randi m bahut jald pata chalega tere ko hijadePar teri maa ki ch●●t mast tha re,1
haa chhoti moti bol sakte but jaisa dog ko kutta bolte aur kutta ko gali waise hi samajh lo,1
Jis task ka promo dekh ke jo sab nanga naach kar rhe wo task married rubina v kar rhi h 2nd thi…,0
Yaar ye maal tau Daraz par Milta haeThis exact model,0
When some literate dumbs says Dekh kya maal hai wo Maan karta hai saalo ko nanga kar ke wahi maru,1
Teri ma di pudi pehly deko tho sahe k pathan ya koi or kngr larka deko kis nasl ka hy,0
Emotions ki baat nhi kr rhi me I know dard hota ha but ye kya ap chipkali sy dar rhy ho chuha guzra ha ap bed py chrh jao like this,0
Aaj to dealer se Jhagda ho gaya bol raha tha ye jo lete hai wo maal mil hi nahi sakta,0
Ishare Tere Karti Nigah Maa Ki Chut Is Song Ko Banane Wale ki ❤️,1
Mohabbat agar nek insaan se ho toZindagi ka safar bahut khubsurat hota hai,0
Meri aukat nhi ki chache Tujh tak pahuch saku but yakeen man kismat me Kabhi Mila dia na to Khujaliwal…,0
Us waqt Kahan thi Tu Randi jab Teri maa Ka khasam Islamabad main dharnay deta tha aur Is…,1
Nancyguptaa_ If SSR is killed at 13th june then y his last seen was at 930am at 14june?I mean how??? Was someone using his phone to m…,0
Dhongee baba apne bahen bhari ko chod sakta hai to desh ki janta kya hai,1
Teri maa bahut bari sanskari slut h Mjhe aurat ka asli maza isne hi dya tha Uff…,1
Sona log kam khridte hai pr khet ka saman juda khridte hai isaliye agr shi se kheti ho to dharati se hi sab kuch hai tabhi to song bna tha Mere desh ki dharti sona ugale ugale hire moti samjhe Bhai sahb,0
Sali ko colour lagna is a fantasy,0
Teri maa kaa yar lag raha tha Bao g ajj kal teri MAA ka dodh peta haa is lea fresh lag raha tha,1
PAPPU-MUTRA ka tadkacongressi ka ang ang fadka bhag be bhadwedekh teri maa -behan ko…,1
Ye narine gandu ko Le kyu Lete h behnchod,1
Tujhe sab hi miss krte Hain gadhi,1
Last 30yrs se BJP ki sarkar Gujarat mei he fir bhi ginake dekh lo kitane Gaandu bhai subah mei Gujarat se Borivali station pe utarte he Sale chuthiya [ Yogi ji aapko Chuthiya shabd se koi problem nahi he Aap yogi hoke istemal karte he ] BJP develpoment ki baat karte he,1
I SUPPO ISKO PLEASE KARLO ADD MERI JAAN CHUT JAYEGI please bol inko,0
Beautiful Kashmir Hamara Himachal Pradesh Kabhi 4 din to gujaro pahaadon main,0
EVM ka randi rona shuru ho chuka hai,1
To Mai bhi avungi apaki Ammi Ke sath,0
Tera jaban se lag rha h tu kisi musalman ka najayez aw…,1
You never know their level of iman Jaan qurban pehle Musalmano pr jinke liye saamne wala k Shahadah padhna hi kafi tha unpr jaan maal sb luta dna Most of the companions RA attained high degree of iman in their old ages Aap aise kisi ko especially ladki ko badnaam nai kr sakte,1
Pifzer - sore arm for 2 days Compared to 9 months of parosmia after covid I wish more people new that 30% of those who lose smell and taste wil get it fucked for months or years It's so bad I don't even wish it on antivaccs,0
Yahi to baat haiTum muslim bharwo hindu ko gaali bak do par Hindu gaali dede toh randi rona shuru kar dete hoNautanki band karo kuch nhi hone wala baba ko,1
"Not my mom saying ""kamini"" instead of ""Camilla"" just cause she accepted shawn as my husband lmao",0
Ham logon ko uncivilized boltha hai lekin thum log ladki ko maal boltha hai- K4 Kekho (I am an Indian)This is the most legit lyrics I've found a rapper say The man's got a point,0
Kitni moti ho gay ho??? Sex is good but don't over do,1
"""कुछ हसरतें दूर नहीं होतीकुछ दुआएँ क़ुबूल ज़रूर होती हैंनफ़रत बहुत है इस जहान मेंहो अगर प्रेम तो नफ़रतें कम ज़रूर होती हैंहमने जीता है जहान को अपने हौसले सेकौन कहता है हौसलों की उड़ान नहीं होतीसुनील©®कुछ हसीन पल ज़िन्दगी के beautiful moments of life",0
i think the chipkali on my chatt is going through some shit sprayed water on it and itjust sat there now we both just chilling together depressed,0
Abe labde tere ko lund do respect to bhul ja makde mu m lele bhosdk or ab bakchodi krni ho to milk…,1
Antakaale cha maameva smaran muktwaa kalevaram; Yah prayaati sa madbhaavam yaati naastyatra samshayahAnd Gandanta zone is a beautiful junction which shows us the trailor of the death,0
लाल मेरे दिल का हाल है लगता तुमपे कमाल हैUr looking so beautiful ❤️,0
Unhe mubarak baad dein ye kisi ki zjndagi ka sabse khubsurat pal hota hai,0
Reporting ur account nowReham karo Chipkali mat lao TL par Pleez,0
मैन तुझे वहां पर भी मांगा था जहाँ पर लोग अपनी खुशिया मांगते हैं ❤️❤️❤️So beautiful she is my life line,0
SUICIDE LAGTA HAI ISE ISKA KHUBSURAT HONA TAANG KAR RHA HAI,0
Toh tum kyu bar2 randi ro rahe is tweet mei ?? ka rate puch rahe the ap…,1
sali gdm wanna have some twt fwends,0
Jinki Hansi khubsurat hoti haiUnke jakhm kafi gehre hote hai,0
Aur teri maa ki chodu Madharchod Hindu naam to tu le mat Randi ka baal…,1
Waah re Chutiye Randi Rona bahut pata haiApni Maa ko rote…,1
BoycottTanishqJewelryTeri maa ka band Tanishq jwellery ko band kro Boycott kro sale kaOk TATA Tanishq,1
Please Play Holi with dry colours instead of playing colours with water Please don't throw colours on Animals Eat lots of Sweets ie Gujias and Maal Puaas And enjoy the beautiful festival of Colours and Sweets Save Water and Be Save from Corona,0
HihihihiKaha jhank rahi hMeanKise line maar rahi h,1
bhai nehra ka toh naam hi mat le duniya ka sabse bda bakchod hai gandu chutiya hai chutiyon ki tarah commentry k…,1
Teri maa ka bhosda bhaag yaha se randi k bache fake fan of SSu ese…,1
TERE BAHEN KE BHOSDE ME BURNOL DAALKE CHODU TERI MA CHUDI THI KYA JAB KASHMIRI PANDIT KA…,1
Har jagah ek hi randi Rona shuru hota hai,1
haan sahi bola tere baap ne tujhe paida karke hi bohat bada jhut bola duniya…,0
Tb tu chudwati thi congress ke dallon se maachodiyeTera fuda jab fata hoga usss din…,1
Ye suar madarchod halale se paida hua hai ye kabhi bhi sudharenge nahi randi ki olaad,1
khale delicious hiMoti to tuntun bhi thi,1
Narine ke paas nudes hai kya management ke? Gandu har match mein bat utha ke bhej dete ho,1
Ha yar bohat hi khubsurat lag rahi hai Eska husband sach me bewkoof hai yar,0
PAPPU-PAPPU-PAPPU TERA TERI-FOREIGN-ORIGIN-MAA AUR TERI BEHAN KA PARDA-FRASHT HO CHUKA HAI;…,1
NirvanaRajput I can't stop laughing The UNIVERSE plays such funny tricks RHEA के IDOL हैं Arnab sir ArrestRheaChakraborty Ar…,1
Jitne khubsurat aap ho utni khubsurat aapki aawaz hai Bohut behtreen nibhaya,0
Tho phir bolna kata hai isiliye acha or khubsurat hai dear anti katwe,0
Reddit ka maal utha utha k next hrami parinde bnkr hi manoge sir,1
This is the real raw unfiltered romantic moments when Kullu had gone totally mad on his Gadhi ❤️1YearOfBDFtSidNaaz,0
So the company heads and vendor are fighting in the viber groupchat sending out screenshots receipts trap cards and shit And then my boss suddenly tags me to backup their claimWag nyo po ko sali sa bardagulan nyo huhu i'm scared,1
Parachinar k jawan nichy bethy hain leader koi bhi zakiron tajiron ko to andar ane hi ni diya balkeh wo anti Mehdi(ajtf) team mn maal le kr chale gaye,1
Sahi kaha kauve tabhi toh EVM ka randi rona band kar aur ghar pey tere pillu key sath khel,1
Passport is not a right Every one has to undergo scrutinyED ka probe chal rahe hai yahan logon ki court mein peshi bhi toh ni milte Not above lawAny way by moti u mean ur wife?,1
Rekha ji Ko main Bachpan se follow Karti hun vah bahut Khubsurat hain aur mujhe bahut pasand haiRekhaOnIndianIdol,0
Ao randi ki bachi me bata hon tumhe Randi,1
L py charny ka shok tumhain hy wesy qatri ka pata bhi tumhain hy kahun ly tu nahin li…,1
Kismat hi kharab hai saliKoi na next time,0
is my kamini friend ❤️ I love you tutti she is the best person hereTERA SUIT FT JASLY HITS 50M,0
When Antonia gandu (ghandhi) family fills fever chalo America treatment karane when Americans diagnose with sever…,1
Kaise bataye kyu Tujhko chahein yaara bata na paayein JacquelineFernandez bollywood bollywoodactress bollywoodhot beautiful,0
Ap Khubsurat nahi hain?mana marna bhi ha,0
tumhari aukat bhi nhi hai bhagwa k layaktum sirf dekhawe ka hindu hobina makeup k kali kuttiya dekh rahi ho,1
Nange kabse gym karne lag gaye Nanga h tu bhuat,0
Kya baat hai sir bahut hi khubsurat lag rahe hain aap Jai Shri Ram,0
SAHEB DAR KORONA KA NHI HAI DDAR TO BEROJAGARI KA HAI MARANA TO SABHI KO EK DIN HAI chut sarkar mut sarkar…,0
teri bhi maa ki lun denay ka waqt aa gaya sali haddi k ghulam kisi harami ko nahi chhorray ga khan ab,1
YEH KYA CHUTIYAPA HAIROZ NAYA RANDI RONA,1
Never say that again im a man with a ok bref mdr jsuis pas une meuf chut,0
Aur teri maa ki chodu Madharchod Hindu naam to tu le mat Randi ka baal kalank…,1
Agar UP Gujarat develop hote to hamare Mumbai mei itani gardi nahi hoti Last 25 yrs se bhi jyada Gujarat mei BJP ki sarkar he pucho Amit shah se kitane Gujarati last 25yrs mei Gujarat se Mumbai aaye ? Sale chuthiya dusare ko banavo,1
Sir kedar gandu hai ake number ka is ki gand par laat mar ke Bahar nikalo,1
Kl Fuski bomb ka trailer ane de nanga krke bina tel ke,0
What a match winning innings played by Jadhav If Dhoni backs him in the nxt match then GB CSK and their fansGandu,1
Dil se khubsurat banna seekhoShakal k liye to Snapchat Zindabad,0
Bata di apni keemat sale gandu Madarse ki padhai me sochne samjh…,1
o suwar ki nasal ghtiya admi beghairat kutta teri maa ka yar dega 20 rupay kilo atta bhen ka lora…,1
Teri maa ki chuxxt ka pani maire loudxxxxxe par aaj bhi laga hai bol piyega,1
Teri bhn ko nangi karke hathi ka lavda dal ke chodo Ab mc tu bhota rah Or apni maa chuda Or last m ssr jt ka bal,1
Phudi maa di teri maryam nawaz ghar se bhaagi thi safdar double shift lagata tha m…,1
PLS SUPPORT THE SHOP OF MY FRIEND SALI NA KAYOOOO,0
Have you ever been in a freind cricle where there is one guy that always sayys -Bhai aaj kuch toofani karteBhai aaj kuch phookte haiBhai aaj karra maal phookengay RANG BARSE WITH RUBINA,1
hey aatankwadi bhen ke lawde kuch nhi ukaadpaye abhi tak aage hogi PoRkis iki barbaati Duniya bhar mein ijjat gayi tum log ki sab jaante hain tumhara randi rona aur to india chahiya chal nikal lawde converted piggy,1
Ek dum CorrectSave Retailers Ban F&amp;OKab se dimag mein yehi sawal AATA hai why allowing future and option if they really cares for retailers moneyOnly allow cash mkt Buy sellFinish all margin 100 mein 100 ka maal,0
घूमने के शौकीन हैं तो लिस्ट में शामिल करें भरतपुर दोस्तों के साथ लें प्राकृतिक सुंदरता का आनंद Bharatpur Rajasthan travel TravelDiary beautiful beauty travelblogger TravelDestination TravlTips vacation Photography TravelStyle,0
10 October ko jo teri maa de yaaraan da jalsa Hoya si wo b nakam wahan SOP nazar aaiiii to kaka B…,1
DM m koi gadhi hi aaygi RubinaDilaik,1
Maza aagaya; sab TV news chaannels ko nanga dekte hue,0
Kya pata bcye sab chutyappe karega aur twitter pe iska alag randi rona hoga aur fir harne ke baad EVM pe mathapachhi karegakya bhangar opposition he yaarnapunsak upar se kai baar bahar ke logo ke ishare chalne vala,1
Naam bata na bsdk apna Gaand me dum hai to identity dikh k baat kr Teri…,1
Drug Catel behind RheaChakroborty Consumption &amp; dealing from DubaiED zooms in Drug links from her WA chats Bel…,0
Arnab bhai ham tan man dhan se aapke sath hai Aapne samay par dangai channels ko…,0
teri maa ki chut me mai apna sperm girana chahta be chusalman,1
Kya Re ganduGhumne hi gya haiPd gyi thand match hrwakr?,0
Bhai Good Friday ko inka Randi rona hota hai celebration Easter ko hota hai,1
Ye indiayha trolling v hoga or supporting v jaise agle din inhi ko match me ja kr 6ka marna haiek ba…,0
Jis tarike se iski chuchiyan moti hain lagta hai ye randi roj kam se kam 5 6 kaafiron se chudwaati hogi au…,1
Randi rona karega lekin kabhi desh chor ke nhi jayegaAamir Khan bhi bola tha ki desh chor dunga saala abhi tak gaya nhiYahi dukh tumlog Rinku Sharma Nikita tomar akhil yadav ke time kahi nhi dikhate ho,1
apse baat toh nhi hui jada pr jab bhi hui hai humesha ache se baat hui hai bhot beautiful ho aap sweet bhi humesha aisi hi rhiye khush rahiye ❤️,0
Gadhi aurat quotes ko google se he likhege na She doesn’t writes her tweets using google lmao,1
Tum Mano ya na Mano Ye haqikat hai ishq insan ki jaroorat hai Kabhi meri mahefil Mai bethkai to dekho jindagi kitani khubsurat hai,1
हा बिल्कुल हमेशा otp की तरह रहना चाइये और उसके साथ में ओरिजिनल भी रहना चाहिए और आज का विचार भी बहुत अच्छा है मूर्ख है वो लोग जो अपने आप तो समजदार बनते हैंGood morning have a beautiful day to you,0
Drunken Riddhu Mera dream tha Jo Maine Ishaani ke engagement ke Time Riddhu &amp; Vansh ko lekar dekha tha &amp; Ishaani ki marriage mein hi mujhe mil gaya i was like is it dream ??? RiAnsh ka koi ek favorite moment nahi ho sakta their are so many beautiful memories,0
Moti is on their side and those idiots are there people apne 7 khoon maaf hai,1
Jadhav mc Khi MIL mat Jana mere ko tu Bsdk mc nalle Gaandu Bsdk last over mein dot ballGanduLaude ke baal,1
KHUBSURAT MANZAR AUR EK CUP CHAI BlossmingGhizer,0
MLANirajBablu nilotpalm3 itsSSR Very heartouching song ❤ I m literally crying missing u so much sushant …,0
arre chootad so u mean AY &amp; MW were bigots until 2017?,0
Suno be randi ka bacha aise sukla jee ki sperm ki paidaish ho tum lawde ke baal teri maa ko p…,1
Itna khubsurat paper mein bhi lag raha hain dekhne mein kitna accha hoga Yeh soch ke hi aansu nikal rahe hain,0
tujhe bhi pta hai ki agr randi ke pille momino ya fir chudti gashti ke converted chamaron ke baare mai k…,0
Ye Dhamaka Free Kaa Maal Hai freesamples freelootWildTribe Premium Tea Pack of 15 For FREE Worth Rs200 From Beyondarie WebsiteTry &amp; Taste Offer From This Website | Genuine Hai Loot Lo Fast,0
Randi k bachy is thran 1947 mai tu chi thi nimushraf ko behan kiun dy raha haizardari ko dy nakuti run k bachy,1
teri maa ka naam Barkha kb se ho gya aur ye kyaArnab k sath sath Rubbis…,1
Bakul Chandaria Mumbai top drug dealer with Bollywood republic u connect the dots (KJO Party mein) That's why…,0
I Love you to your penis Uncle Kitna bada aur kitna Lamba mast maal hai,0
Dekh kar lagta hai Zindagi thahar gayi hai So beautiful,0
Abe chipkali ki gaand 2014 ke eng series ke alava kohli fail hi nahi hua hai Dhoni ke time parDhoni ke fan bante bante logic bhi bech Dale ho kya,1
gandu bhenchod murghichod randi madarchod bhaichod sistarandi,1
Chal randi ke nasal gandh the tea was fantastic gashti ke bachay,1
Gandu fir liya kyu ? Shamko dekh le fir edit mar,0
Jaise bangal main pahla phase se hi Tera maal chhino party ka heart bitting badh gaya hai sir jai sri ram,1
Oye Second RahulI heard NBSA has slapped you with 1 Lakh fine ? For publishing fake tw…,0
No bodyLiterally no bodyBoys in marriage function bhai wo dekh chhat pr maal khadi hai,0
Teri maa ka halala kitni baar aur kisne kisne kiya h Sach Sach batana dekh sharam mat krna,1
Bas bhosadike yahi randi rona kar followers k liye aur bolta hai mai na pubg khelta hun na uske videos upload karta to chutiye tere channel pe jo 1 month pehele ki videos hai usme kya apni chut ki pooja kar raha hai kyagandwa salla,1
Khan LorayQusoor Teri Gashti Maa ka haJiss ka Phudda merwa merwa k Full KHULLA hoo chukka haAb ussay…,1
Kiyoon nahee honna chaheeyay acha chorein na aap confident n beautiful Na mein na handle kerta aap ko kahein qabool hay?,0
Simply beautiful Na kajre ki dhaar na motiyon ke haar phir bhi tum kitni sundar ho,0
Chehre Se Khubsurat To Hamse Aur Bhi Mil Jayenge Par bat Dil Pe Aayegi na To Haar jaoge ❤️,0
randi ne tumhare jaisi chutya bhaand qisam ki auratein paal rakhi hain jo din raat bhonkti hain,1
Nahi vo boli eka khubsurat ladka aaya hai teri Aakha de dekha ke wapas dugi abhi tak nahi di,1
Sidnaazians ek Question h kya kehna chahoge tum sb sid ka nanga dance dekh ke Sana ko toh bada jldi jugde k…,0
Phuda yun deyaa hun tu vi gand deni ey? Te de le randi deyaa kuss mrani deyaa pattaya te kuss mrwani deyaa apni ma da shoba a ke ithay na das ma chudwani deyaa tere jasee me gatar me zaya kr deta hu ganday andaayy choot mrwani ke gand pharwani kee TERE MU ME MUTH,1
Abe tera baap tuje pata hai Sagar naam hai Chus ta hai tu mulle ka katta lan…,1
bet kay nakong mga movies nga akong nanga watch run sa netflix kay puro real life stories,0
Tu kaam gali khane k hi krti h kamini h tu,1
mere yaar kamini number one frequency matches with me and khair chhodo Gem of a HCL and pao eating babe,0
बेशक पेसे कमाओलेकीन✋पेसे को देख कर आने वाली ओर पेसो से लायी जाने वाली को लोग RanDi बोलते हे बीवी नही,1
Go do your homework &amp; assignments &amp; pass school first Maa ki laudi kutti saali,1
Abey gandu bhagwan ki dp hata chutiye fr kar apni bakwas Tere jaise logo k liy…,1
Out of 115million that’s not a lot 110% of trans women need a donor uterus to have children sooooooo thank you again for proving my point,0
Abe pahle se hi moti hai vah,1
"These morons have IQ level of ""papola"" It's not their fault it's in their genes Piddiness of an entire generation is reason behind it Just check some comments they started blaming even EVMs ""High level ka maal mila ke deta hai pappu inko pedigree me""",1
Bhagwan ka banaya har chiz khubsurat hai,0
Chalo eik pic dekho or I hope boriat door ho jae gi,0
bhai nahi chalana to btao change kar len hum net yar roz ka randi rona ho gaya hai ye ke net nahi chal raha,1
arre bhai koi dhang ke players lao agle saal is team me nahi to band kro j nanga naach,1
Assudh ho gayi teri maa ab halala karwa apni maa ka,1
Definately 'Kachara Bhaskar' fit in societyIn the society where rich and powerful peopl…,0
Aye ga*du aurat srk ko kuch bola to mein to pelunga hi aur mere dost bhi ake pelengeaur rhi bat ti…,1
isme gadhi kya gaaliya to aise hi nikal jaati,1
Teri maa pro&amp;***** h ??tere reaction kya tha janna ke baad ??you are going through a dark phase bromay someone accomadate youtere baap gadha h teri maa gadhi h toh acha kon h khanadan m,1
Har khwaab mukammal ho ya jaruri nhi Kuch khwaab ka safar unka mukammal hona sa bhi jayada khubsurat hota hai ✨Sona,0
Aur tujhe same bol itna guda he ne to Twitter pe ake randi rona mat kar ab baki bhosadi k trend kar rahi insta pe aese hi sab log nahi isko bol rahe hoge chodu teri kyu gand jal rahi video leak ho gayi to,1
Man gye guru fantastic ase sayr kha milte hai aj kalzitni khubsurat sayri utne khubsurat insan mere bas chle to mai paramveer chakr duap ko is nafrat bhri dunya me mohabbat bhara dil km milta hai,0
Tu hi retirement suggest kar raha tha na Ajay ko jaise wo teri maa ka yaar hai badi fikar hai uski,1
Haan be - Punjab me tum bhi EVM se hi Jeete ho tab to Koi randi Rona suna nai 3-4 EVMs ka issue hai to bakwaas karne aa Gaya Udta Punjab - sasta nasha karna chhor de Isliye tum logon pe jokes bante hai,1
HeyNeele gagan ke tale dharti ka pyaar paleAise hi jag mein aati hain subhein aise hi shaam dhaleShabnam ke moti phoolon pe bikhre dono ki aas fale90s song have been always a kind of stress busterWhere poetic sentiment gives you a poignant moment,0
Yaar mujhe isspe bahot pyaar aa raha haiKoi kuch upay bataoUntil then Lemme drool over his beautiful nature,0
Milkar yeh gunha karleinIshq ki rahoon mein kahin kho jayenIss rah ki koi manzeel nahiManzeel ki kya jaruratYahaan toh rasta hi itna khubsurat ShauryaAurAnokhiKiKahani,0
पहले मेरी BestFriend दुनिया की सबसे beautiful लड़की थी फिर अचानक एक दिन आधार कार्ड आ गया bestfriend Bestie BFF,0
SoniaGandhi jawab dovo cong ki party mai Rahul Gandhi bhi tha?kya usne bhi rape kiya?jawab do Ra…,1
Chiiiiiii chipkali where is our smart TKLPreeRanRulingHearts,0
ye maal kha kha se lasti h aap why am I seeing this for the first time,1
Maine to abhi daika haiWah tum to kuch Ziyada khubsurat ho ❤,0
shekharsuman7 Huge Congratulations to all of youThe Honb'le Supreme Court has given the verdict in favor of a CBI enquiryRejoiceju…,0
bhai kyo toh logic lagaous smye war lost kiye the darpook ki trha modi jesa nhi theaur b…,0
ho sake to kabhi iska antra Bhi recite kariya nakhubsurat he ki Chhand ka Sungadh ka ye kaisa Rabta,0
teri maa ka bhosadha madarchod congress n neev rakhi ti re abba ne randi ke chhut ki paidaish ab…,1
I always thought Shiv Sena was more of Hindutva ideology than BJP but I was 100% wrong,1
Isn’t this beautiful? Prem ko Dharm mano sikhaya Ram ne ~Dharm ko Prem mano sikhaya Shyam ne ~ Hindutva HinduRashtra,0
mein ne abhi abhi suna its beautiful mv hayeee mein to sirf Aly ko hi dekh rai thi100M FOR ALYs TERE JISM2,0
Khubsurat hote hai wo logJo waqt aane parWaqt dete hai,0
Kisi se bhi nhiChipkali to bechari sidhi si hoti haiOr bhoot bechare hote hi nhiMovie bhi boring hoti hai,0
Sach me tu bhut achi he beautiful bhi aur pure soul bhi,0
yah Tumhari badi badi dur hai bahut Khubsurat,0
Arre Tumhara Yogi Bhi Madrasa Me Padha Tha Kya? Chutya To Vo Bhi Bola Oopar Se Camera PeAur Mother Fucker? Angrezi Seekh Raha Hai Kya Isaai Ki Film Dekh Ke? Kahi Tera Dharm Bhrasht Na Hojaye Ab Me Samjha SanatanDhrm Chod K Sab Budh-Isai-Sikh-Muslim Kyu Bane Bach Gaye,1
Jab tak khud ke sath Na beeteTab tak dusron ka dukh randi Rona hi lagta hai,1
Insaan yeh maalJis kaa khaataa haiPyaar jis se paataa haiGit jis ke gaataa haiUsi ke hi sine menBhokataa kataar haiSushant In Our Hearts,0
Shaam ko kin rekha trend nhi ho paye ga guys 2 millon,0
Niazi tu asy keh rahi h jasy teri maa ka yar ho ghoray k mou wali maryam ki tc kr kr k mpa bani r batien kasy kr rahi hai,1
you desrve it tumhare career ko barbaad home ka count down shuru sadak2 become worst trailer and imdb rat…,1
Bunda Khubsurat ho to adhi zindagi to logo ko is bat ka yaqeen dilanay m guzar jati hy k yar single hu Kasam sy,0
A ganna mai baar baar sun rha ha kamm te jandya ghar nu aundya khana bnaundyaaKayi waar akhaa v bhar ayiya Such a beautiful writing,0
पानी की याददाश्त उत्तम होती हैवो हमेशा वहीं जाने का प्रयास करता है जहाँ वो थाnature natural naturephotography beautiful water watercolor Sirsa Haryana,0
Tum jese hinduwo ne tho desh ko napunshak bana diya hai tabhi to koi bhi bajake chala ja raha hai jab enki bajti hai tum log randi rona chalu kar dete ho,1
Teri maa ka rape krne wale ka tu kya krega ? Bs hum isi pristhithi m h,1
Kemal ka besrm nich chutiya gandu admi hai ye hasrath me iski sachiyi samne aa gei Abhi v kitne confident se t…,1
Randi ke pille tujhe kuch pata ni bhadwe tu dalla hai bjp ka jo tere baap bolte hai wo hi bolta hai tu sale gufa ki paidish,1
Zaruri Nahi Sab Mukammal Hi Ho Kuch Ristey Adhure Bhi Khubsurat Hote Hein,0
Teri maa chod kr mai to gya tha tabhi to tu peda hua bhosdke Gaand damm nahi b…,1
Jo karna hai kar gandu mera dimaag mat kharaab kar Bohot maarunga Fuckin idiots,1
Me- areh no no i am not possessive Also me- duuuuuuuuuuuuurrrrr haaaatt kaminiRahulVaidyaRKVians,1
ye news nhi dikhaoge kya Agar ha ke liye koi news hoti to Ye log apna nanga nach…,0
TUm mano ya na manoMask pahne huy ladhkiya or bhi khubsurat lgti hai ✔️,0
bahut sahi nanga kiya tha ko ye aapiya wo hi he jo 370 k benefit bata rha tha,1
Thi kya Kamini thairti hi nai 1 sec me champat ho jaati,1
"Since that a£ole is congressi KYA TANCH MAAL HAI"" would be the tagline",1
Apki chalo baat sun li ho gi pic ni li hamary tou baat tak nhi sunta,0
not my good for nothing brother bragging bola tha mene dekh le gadhi why is he always right hshsgsgwggwhuwueuehehehdhhd I loved it so much at least one good thing DC has done lol,1
Kisay btayen dukh apne ?Jisay dekho wo apne randi rone ro raha hy,1
Now i am 100% SureRhea Chakraborty is the Half Wiffy of Baby Penguin if u agreePenguinSavingKillers,1
Raju Gari gadhi lo horror touch tho chesadu But yeah full length role with intresting cases tho baguntundi alanti series aithe,0
You tell naEk nange ko toh sab nanga hi dikhta hai,0
Jis k liay bi hai Bht khubsurat hai,0
So good I had to share Check out all the items I'm loving on from poshmark fashion style shopmycloset boden ralphlauren newyorkcompany,0
Bhai harami ki jagah- lusty boliyeJaise ki haramkhor - NaughtyDir…,0
Apni khandan ka riwaz mat bata Janta hu teri khandan mi maa bhen sabka li leti hi tabhi too tu kisk…,1
Big superstars ki randi unke lund ke piche bhi hit na de paayi,1
Okay Madam Amrita Ji ki kavita pura suna shayad samjha bhi lekin woh shabd nehi suna Lekin kya khubsurat chhoti si anhoni ho gayi Dhundne nikle the shabd aur puri kavita mil gayi Thank you,0
Teri maa ka chut buddhe Is ek photo ko Dinosaur ke zamane se dikha dikha ke kab tak Chutiya banaoge be,1
jo aadmi gira hua hokar bhi 15 seconds me khade khade gir jaata haiaajkal ye kehta hai ki vo china ko nikal deg…,0
Bc log agar Hindu log morcha nikala na to haddi nahi milega tum logo ki itna yaad rakh Tanishq wale madarchod randi…,1
arnabofficial7 Sirf aajtak nehi Sir ndtv IndiaToday ABPNews etc sab ke sab They are not humans at all All…,0
Hahahah hai ty smart hi bs moti is liye bola moti ho jye gi,0
Tuje bhen kyu chaiye tera kaam kuttiya ya bakri se hojayega,1
Tu hi h ye gadhi kuch acha likh deti mere baare me,1
Tu bhi bhok ta rh tera to kaam yehi hai likes mil jaye kya pta tujh greeb bhikari ko Aur durgs tu deke to ja suhant k ghar bhi maal bechne tu hi to jata tha,1
Toh kia hogya tum log bhi toh apne favs k liye poochne jaate ho k ap iske saath kaam karge ya uske saa…,0
Hlala ki olad Sale jihadi yahi sach he chutiyape se hari padi he t…,1
Teri maa ka karun main katu aalochana Skoda Laura Lehsun,1
Kal CSK ko hara diya agar to idhar RCB waale Nanga Naach krenge Same for CSK fans if they win,0
Aabeee itni emotional baate kyu kr rahi kamini aur mne kuch nhi kiya tu hai hi itni pyaari sab tere se baat krte hai❤ God bless you too Khush reh humesha,0
Iam from chandigarh aur yaha har jagah beautiful ni hai,0
BJP is deshdrohi party godimedia if not showing that but humari memory shortlived nahin Congress nikami party and BJP kamini,1
Jiska khasam Marr jai usy Randi he kahte Hain,0
Oyy mc tera roj ka h y Itni aukaat h na to unblock kr…,0
Mai yahan gyi hu aur Aisa mana jta h ki yahan pe maa se maangi hui har murad zarur puri…,0
Sub bat ke liye time hai sirf Shushant ke liye Nepotism par bolne ke liye time nhi hai good,0
Last Date To Link Aadhaar With PAN Extended To June 30Ab twitter pe randi rona bandh karo IncomeTax,1
sare SRK fans aisa hi Randi rona karte h kya,1
Bhai kye kre China ka maal h eshi hi chalta hai,1
na pandemic khatam horaha hai na job achi mil rahi hai zero lovers atm friends are all sick and busy and quarantined can’t meet family can’t go out for a movie or a meal can’t find a black kitten to pair with my catto can’t stop the constant fucking randi rona either,0
Mrs lies shit filled lady hate filled towards Hindus Ishtar Jahaan was innocent Doob mar kutiya Tere muh me suvar ki poti Randi saali,1
desh kya kisi ke baap ka maal hai? jab videshi aanke yaan ki sabse purani party par kabja kar Raj kar sakte hain toh jo desh mein hi piada aur paale badde hain woh kyon jayen? GoBackModi,0
पति संग विवादों के बीच श्वेता तिवारी ने कराया कातिलाना फ़ोटोशूट फोटोज़ देख फैंस हुए घायल ShwetaTiwari beautiful BoldandBeautiful actress Entertainment entertainmentnews Bollywood beauty,0
Hathras gangrape mai to kuch nahi bola randi sali turi chod may khujli ho raha hai kya,1
Itni khubsurat ladkiyo ne follow kar rakha hai mann karta hai pakd ke jor jor se taareef kar dun,0
Tatti yeh le mu pe chipka de FIR copy Jumla chorIndia today has been accused saala naam liya rep…,1
Na inhon ne mask pehanna hai na ghar pe bethna hai lekin phir bhi randi rona karna hai ke lockdown kyun lag raha hai,1
Arz kiya haikuch nhi pta zindagi me kya pana kya khona haipal bhar ki khushiyan hain umar bhar randi rona hai,1
हाथ से किया हुआ दान औरमुख से लिया भगवान 'श्रीराम' का नामकभी व्यर्थ नही जाता…जय श्रीराम 'राम राम' जीसुप्रभात जीशुभ रविवारGood Morning EveryoneHave a nice &amp; beautiful day,0
Itne din se anchoring kr raha hai teri aukat hai tum poochta hai bharat show ki barbari kro gaddar c…,0
मुझे पीने का शौक नही पीती हूँ दुल्हा ढूंढने के लिए,0
Yes You your maa aur teri maa ki beti aur teri maa ka damad are all their dalaal That's what is…,1
Chal yeh hanuman ho k v aaj har chiz no 1 h Soch agar yeh khubsurat hota talented hota toh tera gaand fat k muh mein aa jata,1
Hey you bastered have you any answer???Teri maa ya biwi ka name hi de deta movie ko…,1
To fir aap kyu nahi ajati hawali pe,0
Why only rj Iifl hold more than rj Plutus hold even more than himHalf information to retailersI remember very well at 68 rs rj invest in yes bankKar k logo ko maal chipkaya tha,0
I got the Moderna through my work Thr first one was just a really sore arm Shot 2 I felt like I was more and more like cement throughout the first day Day 2 &amp;3 were fine just tired,0
Khubsurat banana parta hai jiske liye guru ke saran mai jana parta hai Aur sahi guru bhi hona chahiye exampal shiv guru,0
Yup that maal is from Darra Adam Khel and must be for some special customer,1
Aabe madarchod baap se panga Nahi Lete samja bhosdike Gandu Tu dekhna Jake stats sala zhatu,1
The taunts she used to give to that chipkali Tumhara haath pakdenge bhi aur usse jhatkenge bhi that was classic,0
Is randi k bachay chooray ko tum kehney pe jootay maro harami tera leader he chor aur bhagora hai aur suwer shakal bhonk raha hai pti pe,1
Hm to bs yahi soch rhe Ab ye Satish maanshinde kiska-kiska case ldegaAlready Rhea chudail ki wajeh se use a…,1
Kursi ka lobha kyu nahi ja raha gandu koTu ne jo kya o sab ke samne jarur hai aur kitna kya o bhi sab jante he,1
Bellaa Big Lord Ganesha Beautiful Statues Hindu Altar Puja Aarti Bellaa via,0
please do needful sirUnauthorised board of kakaji city center at Moti Galli chowmahalla palace road Charminar HYDERABAD,0
Tuj jaise mufat khor hi govt job dhoondega Mufat ka maal khane aadat jo lag gayi hai na tujhePrivate sector mein nikammon ko lete nahiphir job bhikari kahan jayengePappu jobless aur unke chamche bhi jobless Sabko free wali naukri chahiye,1
Narine gandu quick single pe ball ko aise pakad raha hai jaise runout ka rule hai hi nahigully cricket khel raha hai kya bhadwe?,1
Good morning Raj bhaiya apka din behad khubsurat aur Sukoon bhara ho,0
Bhenchod randi ke bacha chutiye feilder both acha hai virat ko dekh hai kanji 200 catches chor dye hain running between the wickets doesn't matter in now international standereds Viv gibbs miandad waseem waqar yousuf potting start soruv gangulyall appreciate Babar azam your,1
Mera maal chura ke mereko hi bechta hai CLASSIC HERA PHERI TURNS21,0
Kuchh khubsurat apne tl ko karta hu Apne tl me ShehnaazGiII ko bharta hu Sana Ki muskaan ek khushi ka ehsaas deta h Sana naam bhar se dil ko sukoon milta h Chalo din Ki achhi suruaat karta hu Apni crush Sana ko yaad karta hu ShehnaazGiII Shehnaazians,0
Helllo ? Jinda ho tum sab ya mar roj roj bc ek hi randi rona hota hai kya ghatna Service de rahe ho,0
Thank you Bei Sali na dito para happyyy,0
Arey mulle ki aulad proof hoge to batayega na turandi k aulad tu wh…,1
Shraddha is going to join Rhea chudail soon in jailItni pyari ladki jail jayegi ab wo bhi drugs k case meinI…,0
Dedicated my all time fav song to the beautiful souls ❤❤❤Kaanton se kheench ke yeh aanchalTod ke bandhan baandhe payalKoyi na roko dil ki udaan koDil woh chala aaAaj phir jeene ki tamanna haiAaj phir marne ka irada hai,0
Teri Maa ka bhdva hu meroj 10 rupe me trp ka soda krta hu madrsod,1
What were your dreams chipkali ka dream aya tha kya,0
YEH GALAT HAIIIIIII this is beyond beautiful haye haye❤️ rona niklaaa ja raha hai aaj mera,0
Lauda whenever something wrong happens with bjp this chutya comes along Laude bhare pade hai Bc Liberandu gandu,1
Ye to tumhari purani adain he bhabi,1
Tantar mantar saitaani khopda sarukh ki maa ki chut or teri maa ka bhosda,1
Mmm The vaccine you mentioned in now-deleted previous tweet was Cansino which happens to be a single dose vaccine Why would you get a second shot? Muft ka maal hai jitna marzi aa jaaye?,1
Wanna meet the coolest gang here lemme show ❤️ The crazy one The nashedi one The sensible one The typo king The goody good one Chipkali se darne wala bhai mera Devdas one,0
Han broMere kuchh tweets ladkiyon jaisa haiActually mere na thore ladkiyon jaisa hai(dekhke lagega kajal pehena hun) to class k log ladki bolke chirhate hainIsliye main bhi unke saath mazak-mazak mein kabhi kabhi ladkiyon jaisa tweets karta hun,0
सपनों सा अपना हिमाचल ❤️HimachalPradesh rohru shimla beautiful,0
Chal tu kissan to manta hai bakio ko itna hi bhot hai Baki to chat ta reh moti kutte ki काले_क़ानून_वापिस_लो FarmersProtests,1
Sir bhadarn ki chut dene se Kya kala bazaari rukjaayegi,0
Beautiful jee Om Shree Ganesha Namah Jee,0
कभी आपको याद आई कभी हमने याद कियाखैर छोड़ो ये बेकार सियासत चलो आओ बात करेंHello Beautiful,0
Bachi ko jis ne mara hai wo bachega nhi aur wo bacha jati bat Delhi ke hospital me us ko kis neta ne…,0
Rahul kanwal aaj nanga hoke road per nachega,1
Ekk toh yeh log dekhne me itni khubsurat aur upar se nike photographerMasha Allah,0
I've never seen this much moti chipkali allah save me,1
mohtaaz manzil ka to nahi hai ❣️ye ek tarfa mera safarsafar khubsurat hai manzil se bhi,0
Bhai jinki kitabon me ye likha ho ke dusre dharm ko manne walo ko narak me dalo dusre dharm ki aurat joki Musalmani nhi hain vo randi se bhi agi gujri aap ek kam kro youTube pe neram atri ko suno bohot acha kam kiya hain unhone,1
Ho gya jo tha hona Ab kahe ka randi rona,1
Bhn ki chut Zimbabwe se hi khelo tum bss,1
Meri maa ki chut me dal do ye bada Lund,1
Happy Holi sundari And ur entire family too,0
भावना से परिपूर्ण Beautiful Imaginationतारों में सजके अपने सूरज सेदेखो धरती चली मिलनेझनकी पायल मच गयी हलचलअंबर सारा लगा हिलने मज़रूहमुकेशलक्ष्मी_प्यारे,0
sachiinv7 We're talking of SushantSinghRajput deleted tweets of 2020But hey what if he wasn't tweeting in 2020 bt what if his previ…,0
Wo camera ka galti hai aap tho khubsurat hi dikh rahe ho,0
Kya re saara maal akshay hi ke jayegaa,0
Now since Sundari is back to Kanha entirely a new approach and strategy needs to be in place It’s not about translocating a founder population and watch them breed Commitment of the Department and Acceptance of the people need to assessed,0
Chotya zani chor Randi baz Lund ka pujari sharab kuta,1
Harroz - I would encourage you to look into Coale's past Not only is she a racist but she also had an affair w/ G…,1
Merger rate was Rs 92 only after RJ it started running naam dikha ke maal chipka diya,0
uske baad to safedi aur lalima ka aisa mix hota h ki pata hi nahi chalta kon sa hamara maal kon tumhara sindoor aur kon tumhari lipstick,0
Ye congresh walo ka randi rona ese hi laga rahta h Jab aapko patta tha to evm ko laye kyo Janta k man me utro Man se nahi,1
Sahi kah rhi ho poonam Ye sali kayi logo k lan*d k paani se aaj pregnant hogi kuttiya,1
Pakistan mein aaunga to dhundh hoga jo Pasand Aaegi use karunga Jindagi Mein Ek Bar shaadi hoti hai wife to Khubsurat honi chahie,1
Aise apraadhi ko chaurahe par khda karke gand me goli mar deni chahiye randi ki aulado ko bhosdhi vale ko,1
so accurate and beautiful my love sabke dil ki baat khaas kar ke shaury ki ❤,0
Rape to teri maa aur biwi ka hoga congressi ke hath main to bas common man h…,1
Aa gaye ne asli awkat mai Abhi tak mai ne gaali dena start nahi kiya hai…,0
Kitni khubsurat ho jati hai zindagi Jab dostmuhabbat aur hamsafar aik hi insaan ho ♥️,0
Bete Ambani ki team hai aandar se maal hi maal milta hai,1
Aranab Goswami ji ne inki faad k rakh diSab sach pta chal gya public ko bollywood ka nanga khel Maharashtra ki Sark…,1
Teri maa ka bho Apni mulli patao usi se nikah karo Maderjaat Modi raaj me nahi chalega Musalle,1
Zeherwala - abdullah is everyone's favoriteChipkali's mom - Sid and Abdullah look good together,1
Khubsurat Hote Hain Wo Log Jo Waqt Anay Par Waqt Dete Hain,0
Hum 2020 mein fir kyun laut rahe hain,0
Beautiful is wajase ke mujhe ek banda mil gaya zalil krne ke leya wo bs men are trash aur pta nahi kya chussain mr rhe thy,0
Samarthak to bhot mil jate pr Tu itna kala h k dikha hi ni kisiko aur upar pahuch k b apne pichhdepan ka randi rona hi krte iske alwa tm chutiyo ko kuch ata hi ni,1
Chipkali Shilpi I admire one of your qualities You may glorify Rahul to the core but you vote for Naukri/aamdani ek taraf politics dusri taraf,0
Mai kyon hota hu rate dene walahar koi beautiful hota hai,0
Hahaha beta Tera baap pranoy Roy kitna bada 420 hai desh Bata Chuka hai DNT worry jab satya saamne aayega t…,0
"One of the most beautiful lines i heard "" Baat nazar ki nahi nazariye ki honi chahiye saheb "" ♥️",0
Kya kahu Inko dekh ke lagta hai ki jannat hai kahin to aisa he hoga Thanks so much for sharing these beautiful shots Karan,0
muj jisi randi bivi tu buhath sare mardu ki mali saf kerti rahti hai kisi ka sohar tu kisi ki bivi,1
Chut ka machalna sant ho jaayegaJb land andar khalble machayega,0
Sukr hai bhagvan ka jo Exam se phle pichha chut gya,0
The pics are chori ka maal I vote BTS for StanWorld,0
When a generation is raised on songs abt kudiyan hathiyaar daaru kala maal weed bullet &amp; LV this all they gonna do to make a quick buck,1
Teri maa ka bhosra madharchod randi tum choro ki Imran khan gaand marega tayyar raho haram khoro chor saale,1
They aren’t dragged and made to join from their houses They get hefty perks as officers from free booze to vehicles Get cheap AI tkts for whole family Pensions A safai karmi or a manual scavenger gets nothing for daily working in dire conditions many die in the sewage,0
कुछ भी बोलो जी बचपन से इतनी Cute Smart Beautiful intelijent हैबस घमंड बिलकुल नहीं करती PHD की है इन्होंने Khoobsurti में,0
Gaandoo teri family me culture hoga apni Maa ko Doosro'n k paas bhejna ka Theek hae tu ek i…,1
मनमोहक तेजश्री प्रधान ❤️ tejashripradhan shrutimarathe actress marathiactress marathi beautiful gorgeous cute marathiabhinetri maharashtra_ig marathi_ig marathimulgi marathigirls marathistars repost,0
Tumhara bhoot wala dar darMera chipkali wala dar darpok? Bhoot hote hi nai hai fir bhi darte hoMai to aisi cheez se darti hu jo exist karti hai,0
Teri maa ka number maulana ne lagaya tha kya,0
Har mudde pe tum karte ho OperationDanga Ho gaya hai tu ab NangaKoi bhi sawal hoBas tera hi bawal hoNasamajh…,0
"HATS OFF YOU HATS OFF YOU""""HATS OFF TO YOU HOTA HAI GADHISidNaaz Hits 3M On IG",1
मिस इंडिया फाइनलिस्ट रह चुकी हैं इस खिलाड़ी की बहन खूबसूरती में देती है अनुष्का-नताशा को टक्कर MaltiChahar IPL ipl2021,0
Aisi sanskari ko bistar per ragad ragad pelne me maza aata hai,0
Han yahi poochna tha exactly k tumhen esa kon kehta he k tumhra mind nhi awaaz achi nhi khud moti ho cute nhi filters hen in short do you hate yourself? It's serious question so please don't mind okay okay,0
Teri maa ka bhosda udit raaj nachaniya party vale gandu,1
Jinke gote lohe ke hoten hain; woh nirnaya leten hain baku subb randi rona karten hain aur rudali gang sur mein sur mulati hai,1
apke nazarye ka hamil akhbar 'ummat' khawateen ko randi likhta haikoi mazammati bayan??,1
Tera maal mosdike teri gand me dal do pesa mera jaha man padega waha se saman kharidengen ab betha gyan mat chod Or ha sirf tera tiket Or Tu hi kisan hai baki sab to pagal hai bada aaya mehangai pe gyan dene,1
Yeh ladke muslim hote toh sabhi channels prr aur twitter prr bhakto ka randi ronna chl rha hota Yeh log toh justice bhi religion dekh krr mangte hai Agar muslim hai toh turant chahiye justice aur jab hindu ne kaanda kiya toh yeh apne bill mei chupp jaate hai,1
Is gandu kedhar se acha to M batting krleta hu Mc fraud player IPL2020,1
Teri maa ka bhi niche ka baal chil gya hai jaa ke dekh,1
This weekend at the 2021 Olympic Team Trials in Fort Worth Texas the OTT qualified WCAP’s Whitney Conder Jenna Burkert Areana Villaescusa Nahiela Magee &amp; Randi Beltz will make their own return to the competition mat and lay it all on the line for 2021 Olympic Team spots,0
नोट- ट्विट only for beautiful Girlsजिंदगी की ना टूटे लड़ीDM में आ जाओ घड़ी दो घड़ी,0
Bowler bhi sochta hoga kya gandu player h,1
I can literally imagine how rahul sounds also like typical lokhandwala ka maal,0
Good Evening guys ❤️Follow this guys Sab log bohot kamini haiExcept me❤️Fc of small handle hu❤️Thori to respect karloSab ko Follow karo‍♀️,0
Katwo ne jeena haram kar rakha haiSaale suwar jaise paida huae jaare hai pata nai kab rukenge upar se saale apni mann maani karte hHai 20% se Zada lekin randi rona macha rakha rheta hai minority kaLekin Hume apne samvidhan pe poora bharosa hSarkar sab ko barabar se dekhe,1
Hamid Mir Teri wife ke choot may pooray India Kay hindon Ka loraKisi kuti maa Kay bachayPAK ka k…,1
Teri Maa Chodne BhadweSaale Jab Republic Ka Naam Nii Tha To Kyu Badnaam Kiya Bhadwa CP,1
Iski aukat yeh hai ki isse sabki samne char thapad lagake jail ke andar daloJabse rajneeti…,1
सारे दाव पेंच बस भोली जनता को ठगने के लिए है।राम हो या रहीम किसान हो या व्यापारी युवा हो बेरोजगारी सबको ठगना इनका कामजल्दी बताओ इनका नामTrending TREASURE_BEAUTIFUL karnatakanews wbelection,0
itna kalap Raha ha jitna Teri MAA bhi chutd hilate time kalpi nahi hogi koi nii ha…,1
THazramandal Sir u will always be alive in our heartsJustice for Sushant Singh RajputjusticeforSushanthSinghRajput ishkarnBHAND…,0
Tu sali sadak main nachne wali kuttiya,1
Tumhe pata hoga waise lekin fir bhi bata deta hoon you are so beautiful ❤️,0
Bey gandu English hume bhi aati hai samjha Jyada mat bol,1
Follow back देने के लिए बहुत बहुत हार्दिक शुभकामनाएं आपको मेडम जीGod bless youBeautiful_Girl❤️,0
Auto correct hai bhai Beautiful likhna tha tumhara naam tha isliye unke mobile me fool aa gaya,0
Most Beautiful song Maine pyar tumhe se kiya haimaine dil bhi tumhi ko diya haiAb chahe jo ho jaye me duniya se ab naa Daru Tujhi se me pyar karu Superb Song Bro ❤️,0
Randi ki bachi papa ko mention karnay se darti ha,1
abey kamini kuchh Jada hi Bolrahi hei ABB Tu samjhi boli na kuchh Nahi hei,1
Haan meri bhi aur mai us pallu ko chhodta hi nhi thaBeautiful days,0
i feel you it wasn’t my tweet lol i did retweet it tho bc that’s how it is for me but i’m actually both &amp; it does affect everyone different ‍♀️,0
You are my favourite dear mamTum mujhe hamesha acche lagte ho beautiful looking and handsome kuchh log hote Hain Jo hamesha acche lagte Hain is kapde ki kimat bhi badh jaati Hai isko aap paihan Lete Hain,0
Teri Maa bhi to apne Muzzi padosi ki BHAKT rahi hogi Tabhi to tere jaisa Muzziyon ka Itna bada chatuka…,1
apni dosto se kuch sikay waqat se kuch sikay apnay ilam se kuch sikay aur wo galtia na karay jo dosro na kee aur aj alone ha abi b kuch nai gaya lambi deep sans la cool mind se sochay ka khubsurat lamay kiu khohay? Pas atay atay kiu door huay abi b waqat ha soch la,0
Naam dekh ke Airport mein nanga hone wale madrasi gyan pel rhe hai,0
Abe gadhi Ek smile hi send kar deti ACCEPT DEFEAT BB14 LOSERS,1
Wah Khalid bhai Beautiful Now Damgarha jana padega,0
CAA ke naam pe desh me aag lagane wale aaj randi rona jar rahe hai,1
Aur sun sale bihari hu Agr dimaag fira to beta Tamancha aur Revolver nikalte Deri nhi lgti hmare s…,1
Baar-baar bolke khud hi reply maar rhe ho Aur iss kamini ki acting hi konsi achi hai Haa tumhe aachi lagti hai to vo tumhara ghatiya taste hai bilkul vaise hi jaise kuch logon ko Asuddin Ovaisi pasand aa jata hai,1
A boy messaged me I LOVE YOU on Snapchat and I messaged him ABEY GANDU on WhatsApp idk how to make up to him now‍♀️,0
"""bi girls are just straight and want attention"" ""bi guys are just gay and too scared to admit it"" fuck you AND ur biphobia ur nasty xoxo",1
Mere Sath Sath Ye Khali Khali Falak Ho Reya HaiMennu Lgda Hai Meri Zindagi vich Kuch Galat Ho Reya Hai Beautiful Lines GalatOutNow RubinaDilaik,0
Ek bar aur sabit hua Srk in stadium Dhobi oops Dhoni coming out at 4 had a word with watty and rest of the team…,0
Chaudhary Saheb ko Pakistan ka daura karna chahiye q ki Khubsurat Mahilao ka ek bar darshan ho jate unko,0
Left with no point do tweeting this now?? Mdrsa lwdey Teri maa ka hllala krnrywaale…,1
Sadak 2 kyu banaya?? Kisne di ye Idea?? ‍♂‍♂Umar ho gyi abfilme banan chhod domy humble advice…,1
Eminent Odia film music director Jalal Adeni passes away after suffering cardiac arrest at his residence in Cuttack informs his family membersHe was 85 Adeni has worked in films like- 'Anutap' 'Hira Moti Manika' etc Odisha,0
Asim Saleem bajwa SE bara Chor j kiyani SE bara Chor koi ho Nahi skta Ret k baad inke asase bhi Dekh Lena 29 grade m sarkari mulazim k paas arbo k asase qom ka maal cheer krhi bnte he Janab bechare sipahi koto kachara kundi k paas 5marla Ka porane style Ka plot hi mlta he bas,1
lmfaooo obviously you think you are you don’t pick and choose who has “real anxiety” nor is it really your place to speak on it because you lack a PhD in psychology feel free to re enter the chat when you get one,0
Kisi ko pana fir khona fir ushki yaad me randi Rona Agar yehi pyaar hai to maa k jhopde Mein Jaye aisa pyar,1
So chomu you are saying that you don't believe in astrology but want other to consider Rohingiyas as DevtasKaun sa maal phookta hai bey,1
Han BilkulMe Teri maa behan ka ache se dhiyan rakhata hunKahi 200 se jiyada na Gufa khol de,1
Ye bhi to bacchaa hai ji khubsurat saa,0
Watch Now Tomorrow Thidi Vaara Nakshatram nityapanchangam At Sri Sri Sri Lalitha Tripura Sundari Peetam In This Video You Can Get The Best Information On The Day About 26th March 2021bestastrologersinvisakhapatnam panchangam dailypanchangam,0
Or sulekha randi ki g jab chd chd k fat jaati h to tu use himmat de k maa behosh mat hona himmat rkho bss nikalne hi vaala h maalik ka,1
Tere jese chuthiya log is desh ko barbad kr rahe hai atankiyo ki party aam admi party,1
han tujhe tw China ka is liye bhi pata hoga na k wo teri zameen pe akar teri hi maa behen…,1
aj mene kuch logo ko dm kiya tha ak khubsurat Dua ke sath lekin apne dekha bi nhi -),0
Tum sabse alag aur sabse alag sochne waale theTumne jo pyaar is duniya ko diya hai woh bahot hi pyaara haiAaj tumhari sacche dil aur khubsurat rooh se sab beshumaar mohabbat karte hai jis mohabbat ka koi annt nahiJusticeForSushantSinghRajput,0
J&amp;J- had a fever for about 24hrs but it was nothing advil couldn't handle,0
Teri okat me btata hu chor ki Beti haram ki kamai p Pali aulad cap safdar se najaiz taluq Phir prgna…,1
Pakra to shyd teri maa ke sath gaya tha na randi ke bache,1
Happy Moti Day ( 1st April )LieLikeModi NoVoteTo_LiarModi,1
Chalo yeh saal Akhri hoga isky bad tough life ni rahy gi Siachen py qn kay Ab Pakistan 2nd front…,0
This is beautiful par dilli waalo ko matt dikhao abhi ye unko sirf dear Donna jana pasand hai aur waha par toh ghante ka distancing nahi hota,0
Masha Allah bohat khubsurat tareen alfaazRab Tala aunty ko salamat rakhen Lambi zindgi sehat k sath ata farmayen,1
Teri maa mar gai randi ki aulad,1
Main roj duty 7 km chal ke jata hun 7 km chal ke ata hun kinyuki pa…,0
हा मै आज देखी की ये beautiful heroin है ना कि कोई पागल छोरी बोरी,0
Ara Sach Mai thora sa diet per deyan do pheli jesi ho jao gi dubara,0
Beautiful lineना तूफ़ान ने दस्तक दी और ना पत्थर ने चोट दीवक्त तकदीर से मिला और मुझे सजा-ए-मोहब्बत दी।संस्कार,0
kahe bhaiya ji kitni dino ke baad holi mein maa baap se milne ke liye samay mila ticket bhi banwaya aur ab n aau kaun si galat baat likh di hai maine dost upar ka maal nahi waise 7 log jisme 4 muslim aur 3 SC ke log hi mere yaha kaam bhi karte hai ji,0
Is Qadar tumse hume pyaar hogayaHadd se jyada hadd se paar hogayaDarshan is sounding so different and beautiful this timeIsQadar,0
Haayeeruka sharma aa rhi hVasa Tu bhi kuch kaam nhi h mish beautiful pretty pretty h tu,0
Tum Kahi ga*** bhi marao toh kisiko Kuch fark Nahi padega Deshbhakt hone ke naam pe ek chuda…,1
Bikaaau award to chipkali ko Mil gya panga k liye asli queen toh taapsee hi h har character ko itna zbrdst krte ho orginal character b tnsn mein aajaye ❤️❤️❤️God bless uh,1
Shehnaaz is not my Hero but I don't have Reason to hate her shehnaaz is much better than this chipkali,1
Chatrapati Shivaji Maharaj Oil Painting art illustration drawing draw picture artist sketch sketchbook paper pen pencil artsy instaart beautiful instagood gallery masterpiece creative photooftheday instaartist graphic graphics artoftheday,0
That Sasti chipkali can never beat kanganaRanuat Nope not even in her dreams Just because she purchased this award by licking every single hole in bollywood doesn't mean she is deserving she is one dimensional actress with brilliant licking techniques,1
Isliye pehle hi sara maal retailers pe dump ho rha hai,1
shwetasinghkirt Di we all r always with u nd sushant always alive in our hearts we all love u nd love sushant s…,0
bhenchod 9th or matric walo ko to corona hoga nai randi ke bache,1
jab neend nahi ata tab ye sab b karta hun,0
Safiya wo Kamini aise hi hai hamesa maza Leti hai,1
Abe chudail tujhe Kishan ke bare me kya pta haitu…,0
Khubsurat ek navya pic be send karo n,0
Alt news jaise randi ke bachcho ka source share karke kya prove karna chahte toh bsdk? Isiliye tum jaiso ko librandu ka tag diya jaata hai,1
I've never seen this much moti chipkali allah save me,0
Sandy ye teri pic hai na kuttiya,1
Ye to hai harami gaddaraaj tak Bollywood ke naam pe critics karta hailagta hai maa ko kachrese mila…,1
Mitro ek nayi ladki aayi hai jo mask bhi pahanti hai khubsurat bhi hai aap sab follow kare fb bhi deti hai,0
The Shameful Vilification Of Rhea Chakraborty- by Nidhi Razdan - NDTV …,0
ye lay teri maa ko kutiya bol raha hayagar tu is ki pa…,1
Kahin aur nahin yahaan se achchhaa aur kahaan hoga In the midst of beautiful nature,0
Youngsters are looking for job uneducated fellow ruling govt isliye MAA kehthi hai acha padho toh a…,1
Hey - DO you know you're president??? DumpTrump Corruption Nepotism FeebleFool VoteBlue…,0
Meanwhile in heavenRahat indori to Sushant singh RajputAb kahan dhundhne jaaoge hamare katilAap to qatl k…,0
Kabse movie ya series m role nahi mila plus she need maal so for that maal ab kuch to vomit out krna he padega naBtw maalhaikya ??,1
Muture logo ko Aik jitni Khushi Beati SA zaida khubsurat koi Nahi hai,0
In chutyo ke pass or koi kaam nahi he kya sale jab dekho tab bhikh mangne nikal padte he congress ki maa ki chut,1
Par ye tere bap ko suit nahi karta worr tera bap Mee huu sala profile nahi lagate Randi ke pile,1
Hum kar bhi kya lengeagar CBICrucialForSSR ne bhi isse suicide declar kar diya tohJust like DishaSaliyan…,0
Jab ek aurat dosri aurat ki ijjat ko ijjat nyi samjati to vo uss aurat ki bhi koi ijjat nyi Hoti koi bhi ldki slut shame ko appreciate nyi kregi,1
Apne amme kae gaand Mae daal dae chut Mae toi pehle saethere cha-cha /mmamu Jaan ka Lund hogamadarsaachaapp,1
Teri pakka shop hogi jisme tu marva ta hoga tbhi G***d kr raha h kya rate h chal raha h bat…,1
GM very nice and beautiful smiling pic तेरी मुस्कराहट को क्या कहूँ कोई लफ्ज नहीं जिससे आपके मुस्कुराहट की तारीफ को जाए।,0
Teri bhn ki chut sali randi kisaono ko antkwadi bol rhi h,1
Log expect Karte Hain K Maulvi hai to usko cycle per hi Jana chahie bhai Maulvi hai iska matlab yah thodi hai ki Uske pass Paisa Nahin ho Agr Allah na maal or Daulat Dee hai Tu bilkul wo istemal kar sakta,1
Lalik Khan LorayyyQusoor Teri Gashti Maa ka haJiss ka Phudda merwa merwa k Full…,1
Bahut acchi lag rahi ho bahut hi khubsurat dikh rahi ho,0
Ladkiyan Jo pehne khubsurat Dikhti hai Agar Dekh ne ki nazariya Sahi HoNa Unlogon ne Neha ki ijjat Bura laga,0
Kya khne Randi ke chut chudwa kr ai h abhi abhi,1
"Once Ayushmaan Kurana called to Karan Johar He picked the call and said that ""i will just speak to starkids"" As p…",0
Nibba nibbi ki harkate dekh gali ki kuttiya di moot,1
Btw maal ka mtlb kanpuriya me bhot hi sundar hota hai,0
Maryam bhutto kay mazar per dhamal daalti rahee N league walay gilani sahb kay leye jiyay Bhutto kay naaray lagatay rahay Goyaa kay N league aik Randi bann gaie Zaleel o Khwaar hogaie,1
Bjp has best tadipaar feku one who is overtly obsessed with rahul Gandhi and one Fanta bottle goes around other states promising he will turn it into UP Ok Then,0
Randi rona chalu ho gya tumhara Khel ke jito penalty ke bharose kitne din ???,1
Sidhaaaaaarthhhh You Are Under Arrest Your Jurm Is Ignoring A Beautiful Girl Dimpal Itni Sweet Hai Masum Hai Pyaari Baate Karti Hai Itni Baar Koshish Karti Hai Roz Wo Phir Bhi Use Ignore Karna Is Big Crime Chalo Sazaa Milegi Ab,0
She is not BachhaShe is a girlShe is not a maalShe is a sisterShe is not a pieceShe is a daughterShe is not a samanShe is a wifeShe is not a itemShe is a motherShe is not your ExBut difinitely someone's nextSO PLEASE STOP SPREADING HATE ABOUT HERRESPECT WOMEN ❤️,0
khubsurat nahi hoon aisi baat ka ghum hai,0
Tumko jaise pasad ho vaise chodu bolo,1
bahaut bade chadarmod hai TRP ke bhukhe Peepli Live ne acha nanga kiya tha in logo ko,1
Ghar ki murghi dai barobar Paraya maal achha aur aapna maal sasta Hope better sense prevail in our mindset and society Our culture and system is the best in the world,1
Boycott kro ED ko CBI ko NCB ko wo tera baap nashedi th…,1
very good is gandu ko thokna abnta haiyeh saab gaddar hain,0
Are chut maine pure duniya ki baat ki h Modi virodh m kya sahi kya ga…,0
Bhau be likeAuraton ki izzat kiya kar teri maa ka bhosda terihindustanibhau,1
Teri ammi talented nikali sabka rate tere ko bata ke beji haibut bo…,1
Bhai what is Hatras??? A clear failure of caamake DIVISION of India on Hatras shame on Rahul Gandu supporters,0
Bebu Kullu Golu Gande Bacche Baby Moti Gadhi Darling SweetheartThese sweet names that they gave eachother are &gt;&gt;&gt;&gt;&gt;OnlySidNaazFandomKnows,0
Tum logo ki oqaaat na loota howa maal wapis leneki hai aur na hi NRO dene ki Logo chutiya banana band karoapna time pora karo aur ghar jao,1
Muslim omma ho ya ghair ab randi ko randi hi kahain ge na,1
Oh ho badhai mitra Ab ye beautiful haath mujhe de do,0
Ohhh why do u cara who im kissing? Omg u are such a dickhead can u let me live the weekend Kiss girls fuck boysss,1
Nahi pata mujhe bhi mere woh dost se puchhungaMain bhi fan nahi hun iska,0
Play holi like sanskari the patra way ‘he is using pichkari on the face of statues’ ‍♂️,0
tu yhi kr sakta h ra*di ka aulad h tm Teri maa salman Se chu*wati h…,1
Or desh ki police ne murkh gulamo ke bhagvaan ko hi nanga Kar Diya,1
Teri maa ke marne ke baad tu hi uske me muth maarne laga Acha randi bhosdike apni…,1
Sir me Rajnish Dekhi me Rent pe rahta hu meri job lockdown ke wajah se chut gai March months se hi family…,0
"""This Lucifer is too fucky we're going to hire your brother"" *brother intensifies fuckiness*",1
Abe teri behen ki chut ki photo hai waha par meko teri behen ki fatttti huyi chut se darr…,1
Bhai iss wakt tou apnay dp mey sasti randi tum lag rahay ho Shakal dekh kar bakkna chahiye,1
Par Gadhi To bus tu hi hai,0
सारा अली खान ने मनीष मल्होत्रा के खूबसूरत लहंगे में फोटोशूट करवाया publicnews_tv,0
ya teri maa ka banda h shat saly tab nhi tha lafafy ka pta tujy,1
teri maa ka bur msg kar teri maa ka bur main laura randi a aulad babar teri maa behan ko choda tab tu paida liya,1
series to main dekhta hi nahi itna time baithne ka mann hi nahi karta reddit pe bhi sab maal dekh liya hai ab to sir hi help kar sakte hai,0
HAHAHAHAHAHHHH KHALS BAS YOSALE KHABARRR MEN deghre bnafez,0
Randi ka baccha ho kiya re madarchodBhosdi wala baap ko aise bolta h kiya re madarchod,1
Mumbai indians kisi ko bhi rok skta haiJo bowler 500 strike rate se run maare us team ka kya bata kya baat kya baat,0
Aa madarchod bahut din ke baad koi suar mila mujhe aaj teri maa ka twitter pe hi hal…,1
Ha ha ha Shame shame shameWhat a person??? O GodSee how shamelessly laughingKahin vi k…,1
Bcye free ka kya lafda haiwhat is free in this worldsab free de do aur phir randi rona karo ki center paise nahi deta,1
Ja teri maa ka gharak wait kar raha hai,1
Randi ke bhadwe mera surname jaha se bhi aye Tera kya hai 10 kuton ki aulaad Randi ka beta hai na tu…,1
And people think sharad pawar has ability to woo Bengali voters and all this year his party didn't contest all the seats in that state?Acha maal phunk rai ho,1
tmhri maa ki chut hijdo tmhri Teri maa ka bhosda fatega ab diwali pe BoycottTanishq,1
Teri maa ka bhosada saali Nashedi apni maa se puch Tu kis gutter ke aulaad hai…,1
Abbe gadha ya gadhi you don't cry please hota hai,0
teri maa ka bhosda ka biryani is also on different leveltry it,1
Uffff kya maal hai saaali ki chut kitni chikni hogi uffff mera to loda khda ho gya,1
Aur 7 suar kapadke to Tu kyun khusi se uchal Raha hai ganduyeha to pla Ka soilde…,1
Tu bina ld ka paida hua aur tera baap bhi But teri maa ko tera baap pasand aaya t…,1
Ye twitter waloun ka karobar medical students ki Waja se chalta haitne randi ronay hen inke khatam hi ni hotay,1
When did I assume that? Kuch bhi,0
Reminds me of these beautiful linesउठूँगी फिर से कि ये लड़ाई जारी रहेगी मेरी आशाएँ मेरी निराशाओं पर भारी पड़ेंगी,0
Beautiful jee Om Shree Ganesha Namah Jee Sweet morning jee,0
Yeh har election mein hi itni evm kharab hoti hain ya isbar hi kharab maal aya hai?,1
On interrogation by the NCB officials Deepika Padukone has said that in those chats Maal means cigarettes &amp; hash is…,0
randi k bache tujhe tu urdu bhi bolna nhi ati randia ki yh okaat hai china ko apne mulk k tukre bhi diye or bheegk bhi tm unhi sy lete rahe yh tu tm chutiyoun ki okaat haiRandi mulk endia ka modi p USA or UK p phle entry ban thi ab katal k cases bhi hien,1
abe bhaag gawar saale chamaar puure saal padhai kiya nhi ab randi rona kar rhe cancellation ka,1
tujhe bht pta h be gandu fake call krwai h CBI h kya be dalle,1
Yeh Mulk ab aap ke liye safe nahi raha bibi I really hope aap apne Mulk Pakistan safely Jaa sako Suna hai naya Pakistan is very beautiful aur Sab halal hee halal,0
तेजस्विनी पंडित tejaswinipandit actress marathi beautiful gorgeous cute marathistars nosepin smile,0
tu to Modi ka Dalal bhi nahin bhara hua hai randi hoti hai na vah bhi tere se behtar hai tu randi se bhi Bura hal hai tera,1
2 rupay sasta mile to chini maal khareed lengefir indo china trading imbalance ka randi rona royengechalo modi ko kosna shuru karo,1
Nadeem Babar Ki Jagha Tabish Gohar Brajman Hogy Imran Khan Parashooters Ko agay Rakh Kar Aienda Election Kay Liyay Maal Batornay Maien Masroof Haien Bajwa Kay Baad Apna Loyal Anrmy Chief Laiengay Mazeed 5 Saal Guzarnay Kay liyay Hukumat Aisay Hi Chalti Rahay Gi,1
diti liking every tweet except art gadhi ja ke dekh le,1
2020BhaiSach main Teri maa ka bhosdabhen k lodeTeri maa ka badaa waala bhosda,1
Bharwe ki maa chod di tuneYe lawda apne hi baap ke samne nanga naach k…,1
Seva hi asli sukh or ridhi sidhi hai Beautiful prayer,0
Mohabbat to khubsurat logon sa hoti ha,0
Teri Maa ka bahut sahi se muh me leti hai,1
abey gadhi bacha ek hi sperm se paida hota haiGwar idol ke gwar fansab teri maa kitno ke leti hai yeh gujhe pata…,1
Sun re laude ye thread achhe se dekh or padh or agar apni maa bahen ko gaali…,1
Kisi aur gandu ne yehi post Kiya mere baadUsse 2 min mein 31 likes mil Gye,0
On top of that he shares stuff from his own page on random Facebook groups which in turn is a screenshot from his own Twitter account which has a link to his Instagram profile Ab ghar ghar aa ke follow back maangna reh gaya bas,0
Waheguru Ji Sky's the limit INDIA BJP KA BAAP KA MAAL NAHI HAI WAKE UP INDIA CHOKI DAR CHOR HAI YOU ALL WILL PAY A BIG PRISE FOR ALL THIS PRIVATIZATION LieLikeModi,1
mereko bhi but sachi mein chudail nai hun bas harkate chudailo jaisi haipizza ko bhi mana karegi,0
Hume tou har khubsurat larki sy pyar ho jata hai Esa dil rakte hi nae jis me jaga na ho Hahaha,0
Jinke paas honge wo khelenge hi kangaal to sirf Randi Rona Krenge,1
Bhai iska career khatam ho jayega is ipl ke baadSure bta rhaaaMc Gandu khi ka,1
Upper cast chichora Abe chootad jasi shakal waale NAUGHTY agar this same chichora word was u…,1
Sir mahindra thar very beautiful iske lakho deewane hai or mai unn lakho mai se ek hu please ji ek thar muje gift kar dijiye because mai middle class family se hu or buy nhi kar sakta ji aap bhut bde aadmi ho toh please sir ek thar,0
Ye gandu in caa valo ka samarthan kar raha h vo amar javan ko pair se tod raha h Abe bh…,1
"Maal Idhar Inke Pass Hai In Abundance➡️""HOW'S THE JOSH"" High or Not CC BollyCrooks other Char^&amp; Gang",0
Tu saste phatele condom se paida hua chakka hijda jiski maa randi itna chudai ki wo…,1
Mahira Sharma ने शेयर की अपनी ग्लैमरस फोटो दिखी खूबसूरत आंखेंMahiraSharma bigboss Beautiful Bollywood Actress newphotos,0
Train main rust bohot jyada hai thora saff karwa dijiyeItne sunder jagah we agar ek khubsurat train wo Japan main Jo hain na wese wala jata to aur accha dikh ta,0
Mashallahmoti tu ho nhnphir itni health consious kyu ?khryatwaise chaabi aur mobile mn akser bhool jaata ho parking mn jaake hi yaad aata hai,0
You make life beautiful❤Zindagi ko khoobsurat banane ke liye shukriya,0
Rahul Gandu we don't need your suggestion who is a traitor who signs MOU with CCP if y…,1
Tere samne haath jor jor kr aaj maar gyaBhagwan tu so rha tha KyaTera insaan uss din haar gya…,0
Teri maa ka bhosda banu saur kay najayaz auld lundbhakt harami lundism follower,1
abe gandu tujhe kaise khila rahe hai csk mai dhoni and u making money by wrong way u are not…,1
Tu kitni bhi khubsurat kyuNa ho aye zindigiKhush mizaz doston ke bagirAachi nahi lagti♥,0
In bunde cheekh cheekh k keh rhi h - aaja bhosdike lund dede ib chut me kab tak ungli maar maar k kaam chlaun,1
Ma'am gandu logo kuch maat samjhayea yeah sab madrasa Gold Medalist hai their talent &amp; knowledge &gt;&gt;&gt;&gt; than yours,1
Randi k bachy ja ker laro YouTube pe gaand marwany se acha hai ja ker udar Indian army ko gaand do barwy insaan,1
Waah kya khub kaha iss aurat ne are aunty kaun hua hai nanga ye mat dekho y…,1
L*** ka tik tok star h Ye muashre ka sab se bara gand yhi h Tik tok ke ilawa iski oqat h kya Kisi ki ma bhn…,1
ghar me teri maa bahen ka mob check kar usme bhi mullo k number honge,1
Kehna tw nahi chahta tha par kehra hun keh yahan par randi rone karne se kisi ko ghanta faraq nahi padta ap kitne hi aziyat mein q na hon sab dekhte hein lekin parwah koi nahi karta Ye apne randi rone apne maa baap k samne karo wo sunte bhi hein aur masle ka hal bhi nikalein gy,1
Hum tumko chodne ke liye wo v paltu kuttiya bana ke tange khol ke,1
Sub loog Randi maryam safdar ki tarha nahi hoti,1
Rana tera baap kaana teri maa ka nanaho ja shanaAsk your mom what did tata give you? Bhagwan…,0
Aurat mard brbr ni eh yh modern concept nikl do khud k dmg sy mjy na sikhao k m kmzr o k ni m aurat eq…,1
his wife can never be tested positive becoz she wears burkha all the timepics bhi burkhe mein leti haiirfan has dated many bolywood hot actress but apne maal ko chupa ke rakhta hai haramkhor sala IrfanPathan,1
Abe tu shkl se lag hi 6ka raha h sale apni bhen se hi b…,0
hii shivkant goodnight aaj ka raat tumhare liye sant aur khubsurat banjaye aaj tum payerisi nind mein kho jao 143 143 143 i miss you every moment,0
Tu randi ki aulaadTeri maa ki gaand suji Teri maa tere baap ke saamne itna chuwai…,1
Meri idol beautiful hai❤️aur ye Apne kishi ko bol Raha hai Tu Bura kyu man Raha hai mujhe to Bura Nahi laga bolne de le Mai to emojis daal rahi huaur bole,0
Why not all 30 ? Why give away even that 3-4 ? After all baap ka maal hai,1
Dats why need to dry thr taps SourcesBoycott Adani Ambani completelyIts dese two Who r filling bjp coffersOnce dey start mkg losses Moti n his gang wl be wiped out,1
Aap ki chut aur gand dono ko lund ki taraf se Good Morning,1
Madrchod jaha pe sab sarkar ki najar me ho rahi waha pe to Teri maa jat…,1
Agar Riddhima dekhleti toanjam bohot khubsurat hogiIshqMeinMarjawan2 RiAnsh RrahulSudhir,0
Nahi maangtay rate tu bata doo a common Pakistani alwasy ask ya kitnay ka liya haa just fo…,0
The beautiful moments ॐ रुद्राय नमः जय श्री राम नारायण_नारायणराजदंड जब शसक्त गुरुओं के शक्तिशाली हाथों में हो तो जन कल्याण हो कर रहता है।,0
Covid centres include any building or makeshift hospitals created to tackle crisis When in crisis do u build temporary shelters or mansions/ buildings? Kaun sa maal fukte ho bsdk?,1
Good Morning Beautiful Fam ❤️Tujhe ishq hai mujhseMujhe ishq hai tujhseBus dono saath rahe umar bharYehi dua hai rab se ❤️SidNaaz ♥️SidNaazDiaries Pic credit to editor Don’t know editor but I Luv it,0
ki baat sahi thi tujh jaisi randi out of context hi bola waise tere jaisi p na hum muute b nai chinal ki aulad,1
Khubsurat na honay ka pehla faida sochnay ki zaroorat hi nahi,0
Jo khubseerat Hoty Hain woee khubsurat Hoty Hain❤️✌,0
Am I only the one who want to see Riddhu throw out the kiara chipkali in front of everyone?✌Ps- ab Riddhu ke liye kab ese scenes lekar aoge? Why always vansh?We'll don't want any 3rd person between Riansh specially femalesIshqMeinMarjawan2 Riansh,0
मेरी प्यारी परी JacquelineFernandez bollywood bollywoodactress bollywoodhot beautiful,0
Please don't blame always this vast Law syllabus for your ruined love life Tumhare lakshan bhi koi bahot achhe nahi hain,0
aap na buhat pyari ho buhat masum ho bas aapna khayal rakna aap Jo bhi chao Allah aap ko de bas yahi dua hai magar jab log bale na to unko jawab dena chaye ghatiya logo ko aap buhat beautiful girl in the world my love ❤️ ShehnaazGill bas accha accha kaam Karo,0
Abe kal k bane sushant fan yahan Nepotism ka randi rona kar raha hzinda rehte agar usk…,1
Sali congress kya there bap ki hai? Ex cm virbhader ko blackmail Karke Shimla mein Jameen maar beithi ? Virbadher sala hai hi Khandani Fuddu,1
Bura manna mishra ji Aap jaiso ne Hinduism ko kamzor kar rakha hai warna Iske Randi Rona ko aap joke na kehte,1
teri maa ka yar jab selected kehty to tumain wrong ni lagta gashti maa ki bachi shabaz k sath sony wali randi,1
Meko hur SidNaazians ka tweet dekh ke rona aa raha hai pata nahi sab apne apne feelings share kar rahe hai pyaar barsa rahe hai ❤❤We stan Two Beautiful Souls SidNaaz,0
Brain malfunctionBrain MalfunctionBRAIN MALFUNCTION (kya maal hai yaar),1
"~Beautiful Good Morning~""To all my dear respected friends""Mindset""हमेशा ऐसा रखना चाहिए__जो मुझे आता है वो मैं कर लूंगा__और_""जो मुझे नहीं आता है वो मैं सीख लूंगा सुप्रभात आपका दिन शुभ और मंगलमय हो",0
Ye Baz gandu notebook mein kiske liye love letter likhta rehta haiganduchodfraud saala,1
Saayad camera mai hi kharabi hogi meri nairuu sabse beautiful,0
Bhonknay men pti k gumashton ka koi sani nai is Randi k bachay say pocho k jb musharraf Aya tha us waqt petrol 21 ka tha cheeni 15 ki thi tareekh parhao gay hamen,1
ArnabNe sare dalal gang ko nanga kr diyaFir mai naam kis channel ka haYe to btate bhai,0
ek chut se 2 chutiya nikli or un 2 chutiya se Bollywood chutiya se borgeya sob randdy or najais au…,1
Kab takk Gulami ki jinadagi jioge 70 saalo se gulam rahe Ek pariwar ke Aa…,0
EVM whi randi rona tum sb ka usi ke dum pe chattisgarh rajasthan main baithe ho,1
My beautiful Sidnaaz ❤ Major missing Dill tere bin kahi lagta nahi waqt gujarta nahi kya yahi pyar hai ❤,0
Teri maa behen ka naam pata hai kothe par jati hai,1
ye ladkiyaan khud ko 'whore' bol kaise leti hain,1
Cute beautiful ka toh pata nahi dekha nai kabhi tujhe but sweet toh ho rasgulla ki tarah main bhi subah se bore ho raha hoon yaar dm main koi game khele? Main theek thak hi hoon,0
Gher bhi khubsurat hai aur aap bhi,0
Tune khud hi khe teri maa ka lund hai khihihiTu bhe vahi hai cakke modi pe gaya hai,1
Teri behan or maa b tujse sharmati or sharminda hoti hogiLanti insanChuiya Hi ha leader nd party ka,1
Mumbai ko banane wale non marathisTumhari aukkat kya chhodi non marathis ne mMUMBAI me Jhaanth baraabar Tumhara CM ambani aur amitabh jaiso ko invite karta hai Mumbai ki shaan Non marathis hi hai Tu kitna v randi rona ro le fact is fact,1
Ary gandu mishra tmhri aukat nhi h utna hi likho ho sah pao warna tmhre log hi tmne plelne lagenge,1
Kuttiya tu to bjp sarkar ke 5 sal ke shasan ke bad bhi galtiya congress ki hi nikal ti hai kahi tum ko lagta nahi hai na tumahra peda hone me bhi congress ka hath ho yecha,1
Aur bhagwan kare sab jaise garib aur beautiful ho,0
Ab kya teri maa ki chut me hai vista ?,1
Teri shkl dekhke teri maa ki yaad agayi randi ke bache,1
Rashmi Desai ने अपनी दिलकश अदाओं से बढ़ाई फैंस की धड़कने Rashmidesai Beautiful Bigboss Bollywood Actresses Photoshoot,0
Har baat par Gussa nahi hote sir you know better them me i just gave my opinion Doesn't mean ki Maal fookliya,0
Esko Zaroor Suniye Usko Baad CAA aur NPR ko Dustbin Mein Daliye Laane Walon Ke Chootad Bajaye…,0
"""Moti je jackpot han han jackpot oya chop jackpot han han jackpot"" The chorus of 'Jackpot' leaves me wondering what jackpot means to Crayon The swirling afrobeat features Bella Shmurda and in his usual style quickly puts the song to bed",0
Tweeterindia Teri bhi maa ka jhopda kar band account dusra baunga lekin chup nahi betunga gaddar tweeter jehadi h…,1
Woh Rakesh chuthiya ispe Jawab nahi dega ki Rajasthan Jharkhand kaise jeete hain kyun ki woh chamcha hain,1
Teri maa ki chuut madarchod rahul gandu2014 se pahle ka india ka rank dekhle bhukhamari me me kitna rank tha,1
Bataya nhi teri maa ka number kisne lagaya tha pakistani randi ki aulad,1
Why Sundari(Tigress) is always in newsWhy she was brought from Bandhavgarh tiger reserve to Satkosia in Odisha?Don't we have Tigress here for procreation?I have asked these questions to many but cudn get a proper answer Can u plz enlighten us Sir?,0
Riya ka connection a u ke sath bhi hai Rhea Chakraborty police station Kyon Jaati Hai CBI Ki Baat batan…,0
Sir plzz help me sirmaine kitne br aoko tweet keya syd aptk nai pahuch payesir mera bete ka school fee…,0
Abbey chal tum dekho kya karte ho criminals yej delho apne sidhearts ke kartute uskojaan se marna chayte hai randi vesha tag de rahe hai apne aurato ko yeh tag do agar dum hai aurat ki izzat karni ati nahin aur gyaan dene aagaye woh tere baap ka khati hai kya,1
Haha besharam log ho aap log For money and power aap log nange ho jate ho Apne hi biradar ke aga…,1
NOTHING makes me smile from heart like when calls me 'dilruba' or 'sundari' ❤️,0
Bhosda captain jb asia cup jitaye tera kollitab teri maa k chut se bahar…,1
Kab tak julm karoge chud Do Hamaari Sheron Ko Ye desh Khubsurat dekhna chahta hai ye Desh ko Comunalsm se Azaad dekhna chahta haiYe Desh ko Gandhi wali desh dekhna chahta hai JusticeForMeeranHaider,0
Hans Chugega Dana Kauwa Moti Khayega'Makes sense when you see meaningless content get millions of views while real artists become oblivious,0
Bsdk har din jab subah jago tab up me rap ki khabar hoti he and bsdk kah rahe he up me sab se kam…,1
Abe rnad ka bachaa bakchodi to krna nhi mere sath n…,1
Congratulationssss kamini You totally deserve this Me is sooo happy for youPaniDiGalOutNow JasminBhasin,0
Agar Aurat chahti hai ke wo khubsurat nazar aye Tho use chahiye ke wo nazar na aye,1
7 y/o me Book Fair me parents ka haath chut jaane k baad,0
"OTHERS--u look beautiful in open hairsMY MOM- khula baal chor ka"" CHUDAIL' jaisi kha ghum rhi hTie it first…",0
this man says if comes back hindus will have to read Nawaz and the poison inside this local hindu priest is unsubstantial but &amp; has made sure the election main issue is polarizing with Hindu vs muslim and nothing matters great job,0
Dafa ho jao ) kamini i hate you,1
raat hai ek whore hai maange more,1
Tu sabt Kia Teri maa pki heera mndi ki knjri thi wrna itna bra hrami kahi r se paida Ni ho skta yeh bohot se logun ka km hai,1
Dil cheez kya haiAap meri jaan lijiyeBas ek baar mera kahaKaha maan lijiyeUmrao Jaan songs are so beautiful ❤️IndianIdol2021 Rekhasongs,0
BiLkuL inflation nhi ha jaise tu apne bap ka nahi haMAA k Loday phuddi yon k bahir ni…,1
Some matters N questions all know but no one will answer - 1 Why one rupee Rice or frer Ration and House and Now plots etc2 Why there is reservation on caste basis and that too since independence N how long it will continue3 Why Tickets on Caste basis4 Sundari/Tigress?,0
Yaar pic viral ho rha hai ☹️ Kash Delhi same to same score mat banaye warna sab Rohit ko badnaam kar denge,0
Abe bhosad chodike teri maa se sawaal pooch madarchod ki nassal tu khud ek baap ka nahi hai bhadve…,1
Whenever someone says “na khao moti hojaogi” i multiply the food and cry later,0
RIP ❤❤ two lines for you beautiful lady तुम्हारी शोबा हमेशा रहेगी जमीन पर हो ना हो आसमान में रहेगी। आज तुम्हारी कहानी भी छपी है अखबारों में जो कभी-कभी जिंदा तो कभी-कभी मुरदा हुआ करेगी।,0
GOOD MORNING You're doing great CUTIES Choti moti mistakes chotay motay regrets are a part of life It's okay Just keep trying keep smiling keep hoping You got it ♥️﴿إِنَّ مَعَ العُسرِ يُسرًا﴾,0
ITNI BHAAV NA KHA KHAMBAQAT KUTTIYA AAJA,0
Zaroori Nahi Sab Mukammal Hi HoKuch Rishte Adhoore Bhi Khubsurat Hote Hain❤️,0
Nope he just asked question about the headlines in news Headlines was like ke jaise roj trucks mein maal udhar se idhar aur idhar se udhar Thodi cheeni chahiye thi bheekmango ko bas,1
Hamid Mir it is % sure hay to Kisi kuti maa Ka bacha hayTaray payda honay per lanat…,1
exactly snakes iguanas crocodiles chipkali the bushes and the queen of england ☹️☹️☹️☹️,0
Bhosdike puri zindagi dharam dharam karke bhukhe nange rehte ho Madarchodo randi ki aulado insaniyat sikho pehle,1
modi virodh mein ye aadmi nanga bhi honay ke liye taiyyar ho gaya ye baat dusri hai woh isne apna vaada nah…,0
"Raghav Eww amma Aapke choice ko kya ho gayaMe Bhavishya kaal me jab tum Pallu ko dekhke ""Beautiful"" bologe tab yahi baat mei tumse puchungi RaghVi MehndiHaiRachneWaali",0
Talwar uthane se phle hi mr jao ge tum log chalane ki baat to daar haior koi rok nhi skta mnane se vo to dekh hi liya tune Ab tu apna randi rona chalu rakh mummy ye krdiya vo krdiya,1
Saala dalle tha shushant teri maa ka jo marr gya es lyi ter…,1
Tere Chuchiya to Nichod Nichod ki Piyoga Saath Main tere Chut Bhi Chatugaaa Tere Bode ka Namkeen Juice,1
Ab teri neend khuli maa le lawde gannd jali hai dikh raha saf saf Utt ka moot koi n…,1
Ni bhrway dally khenzir harami teri maa ka haa,1
❤️❤️❤️ Beautiful songPar sochne wali baat ye hai ki iske jaise ko bhi gf mil gyi Sach mei ghor kaliyug hai,0
Teri maa ka bhosda saale aasaraam ki aulaadchut ke chane jo photo lagaya usne sikhaya ky…,1
Uffffff tumhari ye moti g**nd dekhakr hi mera tight ho gaya,1
Main kaam Jo tmlog pure duniya me KR RHe ho woto sabko pta h isilye bht se desh mein t…,0
Inn Panchiyon ko dekhkar jaage hain yeh armaan dharti pe hum chalte hain par Chu lenge Asmaan ❤ BEAUTIFUL YourViewRightNow SBFC,0
HahahaNhii sir mujhe lagta hai mere rango'n mein sabhi ne apne rang mila kar ise aur bhi khubsurat banaa diya haiBohat khushi huyi mujhe ye dekh kar mer rang sabko apne rang mein rangne mein kamyaab raha,0
Tere maa di fudi bhen de lode tere maa de lum bhen de lode kisano ko aantaki bol rhe…,1
Gulab jamun Ka Toh Pata Nahin But Check these Facts Teri Maa Behen To Alaga Alag Ho Jay…,0
देखो **लाखो **कि **भीड़ मे **चुना **है **तुम ** को मैने **देखो **कही **तुम ** मुझे चुना मत **लगा **जाफजाना ** मै लडका Beautifulशुभ दुपहर,0
Aree chomu chamche bill india ke liye pass hua hai duniya ke liye nahi tum sa…,1
"If your child needed medical attention who do you recommend? asked + clinicians answered two members of our Mednax family to Drs Randi Axelrod (Mercer Practice) and Jane Coleman (Kennedy Practice) named ""Top Docs for Kids 2021""",0
So first it’s “you don’t have to show vaccination when you travel” and now we’re back tracking to “oh well just not the countries I travel to” you don’t have to get the vaccine but other countries also don’t have to let you in ‍♀️,0
Saari duniya ek taraf ye ek aadmi ka randi rona ek taraf,1
Kesy puchta kamini kch bolti hi nhi thi,1
Leftiya blaming Bajrang Dal Rahul Gandhi is barking at RSS Jihadis are cursing VHP Gadhi Media is after ABVP Soon they will say गंधर्व appeared from heaven and did complain of these RBCs,1
तेरी नानी को मिर्ची लगी तो मैं क्या करू बात सही है देश चलाने के लिए पीएम बने है नकी पार्टी प्रचार करने के लिए और आपकी सोच क्या है वो नही पता क्यों chuthiya बन रहे हो आप लोग,0
Gulalai teri maa hai jo tu ne itna mehsoos kiya hai? Ager Han to yeh dekh is ka…,0
Bosdike Mera card rupay tha agar master yaa visa hota naa to teri company me ghus ke tumhare ceo ki maa chod deta bhen chodo sharam krlo bosdiko data leak hone ke baad bhi cashback kaa Randi rona kar rahe ho tumhari maa kaa chodo,1
हम थोड़े से चुप क्या हुए बच्चे शोर मचाने लगा️। (*❛‿❛)→ahiryadavmurlidhar bhatiya devbhumidwarka ahir ahirani instagoodphotoofthedayfashionbeautifulhappycutephvarurockyahirvarupravin2,0
1300 rate kis shop pay mila apko? Please exact adress nhi to street…,0
En bhen ke lodo se pucho rajsabha ka telecast kyu roka enki maa ke chut,1
If Mahira is out of the show I will not comment anything bad about for at least 1 month But pehle woh us Chipkali ko nikale to sahi,1
Abey tujhe to officially nanga ker diya B&amp;D head,1
Awesome most beautiful Thank u PM ji आपकी इन धर्म स्थलों की यात्रा से दूर बैठे हमें भी इनके वैभव व आशीर्वाद की अनुभूति हो जाती है। आप इसी प्रकार ऊर्जावान बने रहें मीनाक्षी मंदिर दर्शन पर यही कामना करता हूं।,0
Sara maal urai ja rhay ho to humein easy hi hona paray ga bro,0
Sachi bohat bura liya hai Chalo koi ni Allah ki lathi beawaz hai inshAllah inko bhi pare gi,0
Masha Allah Bht se khubsurat transmission thi jitna pur noor start tha itni he khubsurati ke Sath End bhi hua ✨ Allah is transmission ko Apni bargah mai qabool farmaye is transmission mai ki hui har dua ko qabool kare Apko iska ajar ata farmaye Ameen,0
han g bhai address likh lo jider tumari maa aur behn soyee huee hai hai un ke uper jo chahra…,1
Dada had their been some Hindu aap bas randi rona dekhte Sanghi yehi log bana rhe hai aur dosh BJP par dal rhe hai,1
teri ma ki chut randi ma ke bachay tu apna ddress dey randi,1
Sc/st reservation agar bheek hai to EWS teri maa ka dahej hai??,0
anjanaomkashyap Riya ne Aajtak se deal Kar liya hai?? Kya sacchai hai us chudaiil KaAgar aisia hai to ham Aajtak…,1
Happy birthday my dear friend hzar sali bi inshalla,0
Bahen ke land lokesh sab ko chootiya banata hai ki diamond top up karta hai sale 1 years de tere peechhe pada hu abhi Tak 1 ka top up nahi kiya madar chod meri I'd ban karega le karle220528068-2744854433,1
Mera chand jitna to khubsurat nahi hai❤️❤️❤️,0
Radha Krishna from Brindavan Such a beautiful mUrti sAkSAt manmata manmataH - Suka brahmarishi vAkyam Srimad Bhagavatham,0
Ab yeh filters laga ker koi larka khubsurat lag ker dikhai hum hotay hi pretty hai,0
Vo chuthiya bana raha hai aur thu ban gaya,0
Dil dekh kar pyar karna❤Kuki maine suna ha ye khubsurat chehre aksar behtar ki talash me hote ha,0
Is Sanskari Slut Ke Mobile Par Porn Website Chal Rahi Hai ✌️Aisi Hi Sanskari Sluts Toh Acchi Hoti Hain Lol,1
Bhai tumhe Iske jaisi beautiful aur Cute si ldki mile aur tum log hmesha khush rho❤️Aur meri selu ko dhundh do bhai bhut din se aayi nhi woh,0
Bharat me heere moti khule me bhi surakshit hoti thi In tent walon ki ane ke bad hi kachre se badboo s rahi hai,0
O hun badi Randi Maryam Ko bula rha haDhanda manda ho gaya ha bhaddway ka,1
Yaa u do fake shame no one cares we cant acxept more Kuttiya pela ewaale aur 10 bacche paida krne waaleU hv 57 countries send there Waise to bada OIC me complaint kr rahe the ab lee b boloWaise b ur religion is terrorism,1
Han muje pata hai teri maa ka ke gufa me jati thi,1
hum shadi shuda randi ac hi kerti hai ur es ka maza bhi buhath hai,1
Bhat din baad krarar aaya aasif ki maa behen ki chut mre chodne se phatne ke baad bihar me badh aaya,1
आप कहते थे कि रोने से न बदलेंगे नसीब उम्र भर आप की इस बात ने रोने न दियाhindiquote quotes poems poetry shayari sher like follow rewindastory love lovequote photooftheday beautiful picoftheday art artist life me likeforlikes writing writerslife,0
Sale teri maa ki Muslim ka padsi randi ka baccha jo humri dharm…,1
CSK Is worst team of this seasonKese kese namune bhare pade hai Bencho is gandu ko har match me lena jaruri hai,1
I think you can try a dose of anti snake venom might work Har waqt ka randi rona bhi bore kar deta hai uncle Have some creativity,1
KAMINI NOO FCK I ALREADY DM HIM A LOT,0
one thing ab me i’m not gone be anybody’s** secret you either gone let it be known or you gotta go ‍♀️,0
So u do agree that National award is not based on performance but based on how Pro or against u are towards the govt in power Thank u for reasoning/validating the National awards given to Bobdi &amp; that too for crappy performance like PUNGA Jab gadha meherban toh gadhi pehalwan,1
Koi kuchh plan do kaise April Fool banau kal???,0
Khubsurat Gazal Jaisa Hain Tera Chand Sa Chaihara Nigahe Sher Padhati Hain To Lab Irshad Karate Hain,0
Bhaiyuu acha schi schi btaoabhi Kya kr re hoApni moti baby ko miss kr re ho hme pta hEk Kam kro Star Gold p Movie aari h apki gadhi kiDaakaso dekhloAur ye govt office Visa Office hi h naaMujhe btado kisi ko ni btaugi,0
Sarkari paisa Baap ka maal hai kya?These poltcns must pay from their pocketCc CJ PUNJAB AND HARYANA HIGH COURT Hon'bles is there no one to stop this loot by our self seeking political Luteraz ??,1
Agar maal apne bure waqt ke liye bacha kar rakhne ke bajaaye kisi ke bure waqt mein kharch kar diya jaaye to apna bura waqt aata hi nahi fridaymorning FridayThoughts,0
Dinosaur ke haath hai ye AkshayDhyan se dekh yar FocusMere hath peAnd ignore the beautiful vegetables,0
sonu sir is lock down ki vajah Se job chut gya sir bs aapse yhi vinti Hai ki mujhe kuch paise ki madad ki…,0
Wo tumhe Khubsurat bolke Mohabbat ki jaal bichayegaPar tum bahek mat jana,0
khubsurat haathon ke aage meko shkl bhi ni dikhti,0
Madam ye log ek old lady ke sath aisa kar sakte he to socho ap jaisi jawan khubsurat aurat ke sath kiya kiya karenge? This is the right time Madam to get Y+ security Request from center Kangna ko mil sakti he to tumhe kiyo nahi?,0
Teri maa ko pura mohalla chodne pe tujh jaisa randi ka bacha paida hua re madhorchod,1
Gandu You understood right? Why he is roaring at field &amp; u r analysing it at Extra Innings To get it gou must give it YKR?,1
Idhar bhi randi rona karte ho chutiyo 22 log mare hain kuch kar nahi sakte ho toh ganda daba ke baitho,1
They just pushed some LGBTQ legislation too and they have a grip on the American federation of teachers (teachers union) with Randi Weingarten (Jewish) who made a deal with Biden to secure 27 billion in fundings for private schools They think they can do whatever they want,0
Waise hi jaise bakrey Shaheen bagh pe randi rona karne aajate hai,1
Free ka maal preshan karta hi hai,0
kr de bhosdichodmai saara bb kya salmon ka grand mai bamboo ghussa chuka hyaur teri…,1
Umm saaliSasti chut wali randiTu to bas mere lund ki seva k liye bani hai chinalTere us bhosde ko b…,1
Randibaz Leheru aur Randi Indira aur Randibaz Rajiv aur Bar Dancer Antenio Mino aur rappist Rahul please don't cast your vote for Randibaz Congress,1
Teri mummy ka bata wo to Sharma ji ki laundi puri duniya ki h wo to khulkar leti h par aisa kya…,0
Kahin kisi bhi gali mein jaaun main meme videography song fun dance instavideo explorepage life trending beautiful bhfyp artist nature l edits new instadaily repost v fashion insta cute movie rap happy followme r india hiphop OnePlusWatch,0
Abe pappu ke chamche Tere pappu ki MAA ki chit sali Randi bar dancer ki aulad Abh…,1
Malik please mjhe ghulam bana lein Me apki gand chat lungi apki toilet ban jaogi agar apko meri chuchiya pasand nhi ayi he to,1
Tum salo ko chunav ka bahiskar karana chahiye fir bhi tum log chunav ladane aa jate ho aur jab chunav har jate ho to EVM ka randi rona start kar dete ho,1
safar ho aisa jisme khubsurat ho sathiwah wahsafar ho aisa jisme khubsurat ho sathiaap rahe diya aur hum rahe bati,0
Ye kali naagin Riansh ke room mai romance karne ayi hai Vansh ke saath kaminiPs- Makers always hype hero's not heroinesthey should do a scene with Ankit and Hella as romance Why always Rra?? IshqMeinMarjawan2,1
fatafat khush ho jati hu phr kl randi ronay kru gi,0
Bahut khubsurat lag rahe ho aap aur aap ki smile super hai ji,0
ya allah ye to ham mulle log ki aurat ko jannat de dega uf allah itna sara cum hai meri allah agar ye…,0
The most beautiful woman Rekha ji aaj Indian Idol ke stage par kahar machane aa rahi hai RekhaOnIndianIdol,0
Mahesh kajal kajmahal =kajal+mahesh the pair is like beautiful wonder,0
Are Gandu log why are you feeling bad for Dhoni everyday ? Sala everyday opponent is winning match and CSK is w…,1
private shikshakon ke liye Bhi Koi Niti layiye Ham aise hi Garib Mar Jaenge kya 5 ya 7000 rupay salary milati hai kaise Ghar chalayen unke liye Bhi Koi Niyam Kanoon liye Taki Hamari sali bhi Barsa Karen,0
BHOPAL INDIAThe vibe that Bhopal gives for Qubool Hai is just so beautifulJO CHAHAT HAI USKO PAANE KI TAAQAT DENAJO QISMAT HAI USKO QUBOOL KARNE KI HIMMAT DENAThese lines define the entire story,0
Tu apne gf ko bol Aisi Ladki(jaise uss gandu ne bola tha) te…,1
Chand se khubsurat to ap ho chand pe kyu jana,0
"dalali chiz hi aisi haiChaska lagne pr aadmi sharm haya ijjat beijjati ki parwaah nhin karta bas ""maal"" milna chahiye",1
Haan teri maa mujhe beta banayi thi but uske lakshan thik nhi the mere papa se chud…,1
sir pradhan Mantri bima ki one click m Bahut se kisan chut gay h aur list me Bahut mistake h kirpya u…,0
Congratulations Sasti sorry for winning Pan masala Award for Ur film Thappad Even Deepika didn't get it this time I am just going to Deepika's house with some maal to console her BTw this is my NewProfilePic How do i Look ??,0
Kuttiya ko Diljit bhai bhav nhi deta toh aagayi SidNaaz pr bokna ka liyaaa but Miss Kutiya Sid &amp; Sana tujha roti nhi dalagaa both r ignor tum jasiyo ko Tujha bhagna k liya Unka Army wala fandam hi bahut hai,0
Atif Aslam की बीवी के आगे फेल हैं Bollywood हसीनाओं की अदाएं कम नहीं हैं इन 8 सिंगर्स की पत्नियां AdityaNarayan AtifAslam Badshah DiljitDosanjh HimeshReshammiya,0
"""फ़रेब का सफ़र"" यहाँ से खरीदें beautiful book booklovers hindistory hindibooks hindinovel WritingCommunity Writers writerslife हिंदी_शब्द हिंदी हिंदीसाहित्य पंक्तियाँ कहानी उपन्यास प्यार फ़रेब सफ़र Hindi hindiquotes",0
Marihui ko laga hoga3din ki deadline khatam hone wali hai atleast karan nhi to police hi le jaye preta ko Luthra house se chipkali ki to zindagi hi kharab hai,0
Pati kiska hai wo dekho beautiful to hoga hi,0
अबे पप्पू आ गया औकात पे तेरी औकात यही है।दम तो कुछ है नहीं सिर्फ EVM पे randi रोना कर,1
Modi doesnt stop at being adamkhor he devours the soul also so practically until he gulps the last shred the soul ( already in ICU) of whatever middle class left he wont stop,1
Ye le authonticated site se ab bol tumlog ko mandir me q jane de jab ki aise ghatiya harkat karte ho sharam kar tumlog ghatiya kaam shuru karte ho our uske reply ham dedeti randi rona shuru karte Isse bada namard gi kya hosakti hai,1
Pubg ban kue kiya bhosdike Tera kya jata tha madarchod Sale suor khud to maje leta hai par ham logo ko marta hain…,1
Shubh Prabhatam Anu ji Have a beautiful day Jai Shri Krishna,0
Ye gandu ne match haraya khelne nhi aata h,1
yes i hate u mera man rakhne k liya haa bol deti kuttiya,1
Disha k liye apun sab kuch krega,0
झांसी_की_रानी_कंगना झांसी_की_रानी_कंगना झांसी_की_रानी_कंगना झांसी_की_रानी_कंगना WE ALL ARE WITH YO…,0
Tu bhari h to tujhe sb bhari hi dikhega moti,1
Badi khubsurat gajjal likh raha hoon tum dono ko dekh ajj kaal likh raha hoonApp ko bhi jumma mubarak aur hammey bhi todha todha yaad rakhiye gaa duaa mei,0
Ha bhosdi ke teri bahan ki chut me bhi laga le poison,1
Don't u have got any work to do rather than spreading hate and lie Tumhare jaise log din raat chutiyape krte hai or berojgari ka randi rona lagate hai,1
Kitne khubsurat ho tumkitna Diljoo hoon mayeHaaye afsos k hum Dono mar jaayenge,0
jahannum me jao randi kahi ki gandgi ki padaish gutter ki rani,1
He Mahakali maa papiyo ka naas kar saty ko ujagar kar maa teri kripa apram par haiMY KU…,0
A e chhinal randi news dikha muddo vali tatte chatna band kar haraam ki jaat,1
“It’s a phase” “how can you like girls and boys” “do you like girls or boys more” “I don’t understand…,0
teri Ammi ne nahi bataya ohh tujhe tuh teri maa ne tere baap ka naam na bataya k kaun tha or kitne t…,1
Bhechod kai bachay baat karna randi block na kari tattay,1
Paramveer Singh aapki patlun utr jyegi aur Mumbai m nanga ghumaynge…,1
Don't loose hope SSRians Trust in God Do u know Kitne sare log is Bulywood se unknown bimari se marhe hein Y sa…,0
To jao na Jumma wala din Randi Rona kiya hoa hai,1
Nai teri maa ki choot pharney aye thyRandi ky bachy suman chatter jee…,1
Randi tere pass SC h naKuch to milta h Bhag bsdk Mere ko bas dua lipa ka 's dekhna h roz,1
Sorry pardeep bhai aapke comment me gaali dene ke liye parambir singh madarchod teri maa ka bhosada randi ke aul…,1
Aur fir khubsurat ladkiya humare crush ko le jati hai,0
To janab yeah container ap ne apni maa chu*** k liy khary kiy han? Tu kuti ka bucha ha or be fiker ho…,1
MEKO REPLY NA KIYA TO TERI GF CHALO NIKLAY GI BHAI SOCH LAY 100DAYS TO SALMANs BDAY,0
Jaipur nahi hai khubsurat aap ho beautiful,0
bhai aaj hi kiya haibas guts hone chahiyepahle kaho padosan bahut moti ho gayi haifir dil ki baat bhi bol do,0
Bina dimag ki zinda laashhai to tu bhi ek convert ke gande khoon k…,1
Wo zaraye teri maa ko btaty hain raat ko aa k? Naam keun nai likhta dallay apny zaraye ka? BC chutyie lifafy,1
Jis haram ke bache ko uske maa baap nam na de sake uski baat ka kya bura…,1
पाकिस्तानी एक्ट्रेस की बात ही अलग है बहुत नेचुरल लुक होता l so beautiful hinaaltaf,0
Deshmukh wants to say Chup raho kyu ek dusre ko nanga kar rahe Sirf public ko nanga karte raho tum news c…,0
Moti ji ke isharon par nachte nachte profession hi badal diya,0
Bhosdike teri tarah tube ka nasha to nahi kia last stage bawaseer ke patient gandu,1
itna Rupees ye Randi kaha se leke Aai hai Madar Chodo Salo Randi ne Hindustan ko Loot kar SwiSS Bank me Dal liya hai…,1
Accha kahin ja rhi hain par beautiful lag rhi hain,0
हा बिल्कुल सही वक्त के लिए हमेशा एक क्लियर फोकस होना चाहिए हमेशा। Good morning have a beautiful morning to you ॐ नमो भगवते वासुदेव नमः,0
lekin aap itni khubsurat ho hum ko Saram ATI hai,0
ek ek kanjar ke bache madar chod bharwoo ki nasloo ko marna chahiye dukan daar ka kasoor tha maa ki chut teri gan…,1
"Didi wanted to say just one line ""Make me the UPA Chairperson""But can't take Sonia Gadhi head onIt hurts to see your dreams being Shattered into pieces we understand your Pain DidiBye byeNandigramWithBJP WestBengalElections2021",0
Photo pe bhi kutta lga rakha hai apni isse teri aukat ka pta chl raha hai aur kisi hindu…,1
Yeh tou hoga sir jee aisa maal banaty hi nahi jo Trending pe na ay,0
Chup dalleyour father Pappu Gandhi &amp; others got kicked out and humiliated in the elections Gandu…,1
So does the all in Congress Maal khatam mohabbat khatam,1
Teri Maa Bap ka pata ni tujhy Begairut,0
Dunya ka sabse khubsurat rishta maa baap k bad mian biwi ka Mere khyal se tw bilkul hona chahye ❤️,0
Hi Lunch na bestie regain your energy dahil napuyat ka ata kakaaral kagabi drink lots of water bestie rest ka plz? Nag aalala kami sayo ihh Lunch ka na sana masarap ulam mo hihi deserve Sali ka sa game night next time ang saya super lablab u Dalhin moo,1
Kyunki kuch chutiye hain jinko arrest karne par unke chamcha log Randi Rona karte hai,1
Now playing Gospel Impact Radio Soulfood Randi - 033021-8 wwwgospelimpactradiocom,0
Thank you Moti it was international masterstroke againSuezUnblocked Desh_Ka_Gaddar_RSS,1
Mein na khubsurat hon na hi dawa hai acha honekaPar pyaar ham unse apni jaan se bhi zada karte hain,1
Sach kitna kadwa hota hai Magar Sach Sach hi hota hai kya Khubsurat Shabd Hain Aapke,0
Hey Jack twitter ka kya rate chal raha hai jaldi bata,0
Radhe Radhe jii Subh sandhya Very beautiful line ❤,0
reopendu reopendelhiuniversity Peeps safar khubsurat hai manzil se bhi manzil mil jaegi uske like mat ro The manzil,0
Har chalti hui chiz k jam hone ke piche khubsurat aurat ka hath hota hai,0
You have disappointed me that you dont understand the meaning to “NO MORE YANKY MY WANKY”,0
Wait dalal wait tu nanga hoga jaldi hi Kala defamation case ho raha hai there jaison k khilaf I will go to Court for spreading lies,1
I can't with Chapri wale certificated Kutti kamini,1
Ye kutta haramkhor yogi chup kyu hai kuch karta kyu nai hai aur ye modi media harami hai sala kyu chup hai,1
एक तेरे ना होने से बदल जाता है सब कुछकल धूप भी दीवार पे पूरी नहीं उतरी।,0
Chutiye virodh kiye the shayd teri aakh pe patti thi tu shayd kisi muslim ki upaj sha…,0
Patna k pani jawani pe chalkeMalmaliiya k ha dupata malmalll k Ye sun k maine socha tha ek khubsurat traditional attire me dupataa udate bndi aaegi pr aj dekh bhi liya ki bndi spaghetti me aa rhi hai Anyways ta kauna jila k jalebi hau Aee babuni mast hi,0
Very nice beautiful kya baat hai aaj bahut pic post kar rhi ho,0
Some people are like the maal gaadi - goods trainThey carry vital things but who knows when they'll reach?Escapees use them to run away from whatever they're running away from They don't refuse anyoneThen for days they're stranded in the back of beyond Forgotten,0
bhenchod blocking my api tf? NO IM NOT LETTING THIS HAPPEN shes a kamini haramkhor kutti ki bachhi&lt;3,1
Congratulations gadhi Aab mera recent tweet retweet kar because woh tweet bohot important hai ✌️✌️❤️❤️,0
Pyaar kya hota hai yeh toh humein SidNaaz sikha gayeThe unsaid unspoken love is soooooooo beautifulOnlySidNaazFandomKnows,0
Aa gya ek aur gandu Ulta sidnaaz tag se sid ko harm ho rha hai sana ko pura fyda and popularity mil rhi hai,1
Teri maa zindagi mein kbhi consular ka bhi election nai ldi aur phr croron logon ki numaida…,0
Why are you this beautiful ❤️ Sundari ka????,0
Oo dropati Kay Kalay aanar ki najaiz paidaish tum loog bawaseer hi ho aur raho gay Chipkali ki Tati teray say Zaida ahmeyat rakhti hai,1
"You issued orders to cut the income of Indians by ""oversight""? Kya maal phoonk kar order diya tha?",0
Oye moti aa gaya❤️ beautiful editHow lucky I am to have someone like you in my life so that I don’t have to go through times of sorrow alone Thank you for being a true friend means a lots for me Lots of love ❤️,0
Are no to he ishi liye close hue na 24 hours contact me hote he phir v logo kamini hote he chale jate he emotions less people,1
Thanks Sweet Cute n Beautiful Maham Yunhi Sada Khubsoorat Hansti Muskurati Abad rahiye,0
Ye bhosadi wala khatmal poori baat nhi btae ga or wo dhongi baba k bare me bhi kuch nhi bole ga sabse pahele to is kauve k munh me hi mooto madarchod news channel nhi randi khana khol rakha hai,1
BC sindh police ppp ki rakhail ha Subha sham tum log police say briefings latay ho Unko party k liye…,1
Doosra bnda kha ha re randi ki auladtumari gandu fauj…,1
Tamannaah Bhatia अपनी खूबसूरत तस्वीरों से एक बार फिर सोशल मीडिया पर धूम मचा दीbollywoodactress TamannaahBhatia gorgeous filmfare smiling,0
Abe behan ka hallala karne wale kaum ki 18 wi aulad tu pehle to likhna seekh Fir…,1
After sandeep singh call records CBI must have to arrest Sandeep Singh isse pehle ke wo kahi gayab ho jaaye…,0
Nikkesha () for L’Oréal Paris Hair Colour commercial nikkesha nikkesharangwala loreal…,0
To gandu ye meme banane k pahle sochna chahiye tha,1
What is this nonsense?? Jab Sab saaf hai to ye jagran news kya andha hai jo kuch bhi jhoot sach chhap dega or ham m…,0
Abbb tum kite bhi baap ke hai konse bhi baaap ka naam daldiye toh cha…,1
Haan bhai aap se hi seekha hai free ka maal kabhi bhi nahi chodna chahiye,0
MegastarFan2712 BeingSalmanKhan Yeh madarchod ki movie ya tv show kuch v nehi dekhna hain Hatao selmon boi ko ma…,1
Ku kya howa tum jase logo ki waja se Pakistan bana aur ab ya jo randi ron…,0
Ye bhi toh sach hai ki haramkhor babar ne mandir giraya thaUsi harami ki kartut thi u…,0
Arnab ji aap nanga kariye in haramkhoro ko abki baari iss parambeer haramkhor ki is kamine ki sampatti…,1
Life is Very Beautiful✍हे मेरे मन सक्षम गुरु जी के दिए शब्द का जाप कर लिया कर क्योंकि गुरु - सिमरन के बिना तेरा वजूद कुछ भी नहीं । Jai Guru Dav ✍️ पूरा वीडियो यहां पर क्लिक कर कर देखें इस ज़माने मै गुरु सुमरन भला यंहा कौन करता है Love You Guru Ji,0
upar se madarchod tatti si shakal dekho inki randi ke bachche,1
Aare madhar chod tum hara bap hai isliye Tum hara gand fata hai ki bahar na aai nahi to tum ko fad dega randi ke dalle,1
bajw ki maa ka bhosara bajwa ki maa ki chut aur sath teri bhi,1
Itna Khubsurat Khuda Ne Tumko Banaya Khuda Ki Azab se daro Khuda Ke Kahar Se Apna tasvir mat share karo,0
Masha Allah har segment Bht he khubsurat tha humesha ki tarha bht he pur noor transmission thi Shab_e_Tauba Allah is transmission ko Apni bargah mai qabool farmaye Apko iska ajar ata farmaye Ameen ✨INSHA ALLAH Ab ShaneRamzan mai Mulaqat hogi,0
Are Akki bol teri movie ane wali h Bol n Bol de n bhosdi ke Jb baat khood pr aayi to bhonkna…,1
Chal oay kanjri tu khud hogi Randi bharwi madarchod,1
Bhen k lode pisslamic gandu 1980s likha ha mne 1980 nhi randi ki auladtabhi to…,1
Teri maa ki chut saali randi chup kar,1
Hey gadhi so happy birthday to you as I've said that I was going to reveal myself that's why I'm I've been writing this messages from past fifteen days and this was only reason that I asked my friend Chinmay +,0
damnst tita i think sali ka next season,0
lovessrforever ImRaina narendramodi Thank you for ur support Very less have courage heart and time to stand selflessly for others…,0
Jiska bhi hoga Wo bhi ek chor hi hoga Gareebo ka maal chori karega,1
Aisa beta kahi nhi dekha jo baap ke lund ke liye ld rha ho maa bolti h meri chuut me dalo ot beta bolta…,1
Teri umar me to 2-2 baccho ki maa ban gai thi pura ghar ka bojh mere uper hi tha,0
After CBI ED and now NCB (Narcotics Control Bureau) Registered a Criminal Case Against Rhea Chakraborty This is transp…,0
Us ki maan konsi koi Teri maan ki tara Randi hairandi ko Randi hi bola jay ke our kuchwase tujy q takleef hoi is bat ki,1
Lucknow A youth was beaten to death and his eyes were gouged out by his rivals on an old enmity in Maal police station areaThe deceased was identified as Paras 19 aka Saroj of Patauna village in the area His father Panna Lal named a fair price shop owner Mool Chand and his son,1
I had Pfizer (just one shot so far) and only had a little neck ache but nothing else ❤️,0
BJP- Ye AntiNationals hai Dekho Ye Pakistan Gaye the Dogs and every Moti ke Bete be like -,1
Marchood hoga Tu phele use tune Kia wo word Maine Nahi Accha tumra sister Ka I'd me…,1
इश्क़ में थे जबवादा हमारादावा भी हमाराधोखा उनका था।Sharma Sharmabrand Trending Shayri Heartbroke Reality Experienced Beautiful,0
Hr ghareeb ka Haq hy assembly me assembly he ghareeb ke peso se bani hy tu kahan ki sasti randi aker sadgi mizaj per tanqeed karny wali apni batao ek rat party ke kitny lety ho,1
"Noone Whole Twitter Fam ""WHEN YOU SEE A CHIPKALI""",0
Jaipur nahi hai khubsurat aap ho beautiful,0
Acha to pehle bata deta teri maa behan ke dhndhe ka time ho giya hai…,1
Teri maa ne yahi tamiz sikhayi hai kya tuze?Ya pados wale pappa n…,0
Mtlb tu apni hi ammi ka hd bana raha hai sahi hai mere laal tu ghar ka naam gufa mei…,0
Shubh bhi paiso ke liye kuttiya banta hai baaki wo insaan bhi nahi hai abhi police bhi pata laga rahi hai,1
Ffs chill out guysshaadion ke waqt tum logon ko corona yaad nahi aata jo ab parhai ke waqt agya hai ?Saal se ghar beth kar tang nahi aye ab randi ronay band karo aur parhna start kardo,1
Tori moti moti moti moti moti moti shayoooo You driving me crazy I'm feeling so lazyyyyyDamn This song dy mad i swea ♥️,0
My camera will not shame meDrumsticks breastfootwings or chicken tenders? Anyhow you want it FJ'S got you covered…,0
Iski taange todo wants to flee to enjoy LOOTA HUA MAAL,1
Dimple Kapadia Gave Me Goosebumps Sonam After Watching 'Tenet' DimpleKapadia SonamKapoor,0
gadhi family and congressi chamcha bechara ManmohanSingh se Kya Kya bolwate h,1
GOBAR AUR MOOTH PEENE WALE LUND BHAKTH KAASH TERI MAA NE TUJHE DOODH PILAYA HOOTA N…,1
Par teri maa ka to gufa h jisme kitne saanp ghus chuke h na?,1
Mujhe khubsurat cheeze dekhne ka shok hai bachpan se,0
Kisi ko pana fir khona fir uski yaad me Randi RonaAgar yehi Ishq hai to Gaand maraye aisa Ishq,1
To the boy I loved before tujhay kya laga toh mujhay chor dey ga toh mein zindagi bhar tarapti rahun gi? Tarpaaay ga t…,0
Adipurush tho Chuddam antey paripotharuSaaho daggariki randi Sollu Cheptaru mee elevations,0
Chairman Public Accounts Committee Punjab Provincial Minister for Social Welfare and Bait-ul-Maal Punjab Syed Yawar Abbas Bukhari's visited various institutions of Bahawalpur,0
Sunny Leone ने पिंक गाउन में सब के ऊपर बिखरा अपना जलवाSunnyLeone DanielWeber FilmfareAwards Beautiful couples Bollywood Hollywood,0
Aur nahin toh kya KV jab bhi kehta hain kuch bohot khubsurat shoot kiya hain woh hamesha mind boggling hi hota hain Ab toh uska favourite scene aane wala hain What more could we ask for♥️Aan do bhai aan doShauryaAurAnokhiKiKahani,0
Ye dekh bhen k lund map ko anpadh pisslami gandwepr tum pisslamists k dimag me g…,1
edited video per bhi randi rona chalu ho jata hai,1
Ye teeno randi rona kar rahe TL pai Kaam dhando karlo kuch,1
Teri behen ko bhej nakya rate hai ek rat kamaa mat chudatweeter pesamjha m…,1
Munh bolti khubsurat tasveerAsli Khushi hoti hai kya Uski behatreen najeer Bahut pyare bachche,0
Bent_El7ag_Dola shwetasinghkirt itsSSR wish we could turn back time to the good old days CBIGrillCooperDoctors SushantTruthNow…,0
Bhosdi wale ye tere malik k trh rona bnd kr sara desh to tera malik kha gaye aur ghulam randi rona ro rahe hn,1
Bhai tu koi pagal wagal aadmi hai kya are mere baap India main hindu muslim aisi koi bat hi nahi to kyon mu chala raha hai ye kutte swara jaise kutte faila rahe rahi taki Pakistan ko innocent dikhaye aur ye swara randi ki aulad paise leke tere jaise chutiye ko ghuma rahi hai,1
This is such a beautiful sufi kalaam jiska bera gark kiya hua,0
Teri maa ka bhosdaraand ki aulad Madharchod bhsdk kutta kamina Dm kr be lawde himmat ho to gaandu…,1
Mashur kahavat hai tumne suna hoga jab koi khubsurat fal mil Jay toh ussa tod Lana chahiya jisse tumsa pahala use koi tod na paye aur zaahir si baat hoo agar Mai jabtak aur bhi khubsurat fal khojenge tab Tak pahela waala fal koi tod Chuka hogaa,0
Kia khubsurat mazaq uraya hai deen e Aal e Muhammad as ka hum pairuwan e Aal Muhammad unki khushi main khush aur unke dukh main ghamgeen hote the aur yehi hamari pehchan thi Ab unki khushi main dukhi ghamgeen aur matamdari karne ka jawaz dene ki nakam koshishain horahi hain,0
itni khubsurat hokaha shaddi kar liya aapne,0
SaveBangladeshHindusBangladesh - We give them vaccineThey protest against PM visit by burning everything HinduShekh hasina tu to gaddar nikli re kaminiSaveBangladeshHindus,1
When you go from 'Bebu' and 'Baby' to 'Kuttey' and 'Gadhi' in a minute Just SidNaaz things ❤ SidNaaz,1
sedhi baat hai bhai log parha maine bi kuch nahi hailekin yeh randi ronay naho ro raha mein,1
Teri ammi ki chuti mei suar ka lund madarchod bhenchod halala ki paidaish randi ki aulad,1
Hahahahhaha nahi yaar koi zaroorat nahi hai ainwayein log batein krtay hain sath chalo akailay boriyat ho gi wahan pay,0
Thank you so much Guru ji for such a beautiful day मुझे आशीर्वाद डिजेए की आज का दिन अच्छा जाए और मैं अंजाने में भी किसी का दिल ना दुखाऊँ। पिताजी सेवा सिमरन और आप जी से प्यार की हिम्मत बख्श्ना। अब आ जाए गुरुजी सारी सृष्टि का उद्धार करने के लिए,0
Jhoothi khabar pe randi rona rone wali aunty,1
Usko bolna paise kelye nanga nach Lee ladkio ke sath chi chi Jo respect ussene Kaya tha ajj woo bhi gabadiya,1
Dost ho to jaisa bday gift pehle hi de diya,0
All the best meri Kamini bhoolna matt Mujhe I will miss you kamini and stay happy acche se dena papers ❤️,0
SanghiyoN ka RandiRoz Pel te haiN din raat,0
ill need that maal if there's another lockdown bhai,1
Saale sabko ek hi maal chipka ta he,1
Ye khubsurat log etna busy kyu rehte hai ???Achha aap sab socho mai thodi busy hoo aaj,0
awaam jo sach bol rahi hai or keh rahi hai he/she is meme jo snake hoon randi rona krta hoon but,1
Kyu be chut*ye Women empowerment or women Power ka Run di Rona karne wale ye tera hi statement hai na bhadwe …,1
Tu to sabse bada gandu cm hai pura bihar ko barbaad kardiya hai,1
3 hina is chudail rand chaalu cheez (after vikas invented that word for hina) walks like Donald Du…,1
74 saal se yeh jo Secularism ka dhatoora chaat rakha hai uska nasha itni jaldi kaise jaayega?Sab saale hijde ho gaye hainPaas main hi jalti hui lakdi thi Ek Godra ho chuka hai abki baar Akola ho jataLekin nahin ji hamme Secularism-2 khelna hai aur Fir Randi Rona Karna hai,1
Abe gandu B&amp;D tu jyada uchal kood mat krSaale BJP k dalle,1
teri maa pe bhi baat aaegi na tere se pehle me waha milunga madad karne aur tujh jaide hi aulaadie…,1
kiyo be madarchodTeri MAA Ka bosda bsdk police tujhe dhund rahi hai ab bohot…,1
Sirf ek complimentRomana jee aap nihayat hi khubsurat hainSalaam aapke saundarya ko,0
OnlySidNaazFandomKnowsIn this scene takala and next scene chipkali tried to brain wash sid saying Sana Badal Gayi he That time I was SidNaaz shipper I was praying ki ye dono tute na,0
"Nahi behnpehle ye daaku team 1hi tha Mamta didi raani thi choron kipublic toh chutiya haiiuse ye lagta hai TMC ki suvendu ki atyachaar se bachna hai toh BJP ki suvendu ko vote dena padegaupar se ""dharm"" ka little flavor add hote hi yeh aur beautiful ho gya haii",1
Now you've done sm kutti kamini stuff,1
Switch kiya they said issko Chuchiya bolkar aajaaoo,1
aapas hi mein bhidgaye Media ka nanga naachSadi dekhega,1
mujhe only fozia ki chut ka jose peena he bus our ni,1
Dear Ahana looks like this shameless Kiara BYTCH will force me to say that you're better The amount of adjectives given by her to VReven Riddhu wouldn't have praised Him to this extent Confirm she is here to seduce VR kutti kamini IshqMeinMarjawan2,1
Oooohhh ji sach me kuttiya bana diye,0
WowHayeee koi inti khubsurat kaise ho sakti hai❤️RubinaDilaik,0
CBI inquiry for sushant sir ab koi nhi bachega ✌✌GlobalPrayersForSSR GlobalPrayers4SSR…,0
Teri maa ka alpha bads gand me daluRandi bc Bhadwe 6song or tumra kherati winner 2Song…,1
2 We have Yadava Vishwakarma Padmshali Devanga and other castes with their myths of origins None of them keep their original occupational identity like golla(cowherd) achari(smith) sali(weaver) etc These surnames are very common in other countries,0
Khubsurat ladki se daato ka ilaaj karao to dard kam hota hai~Shastro me likha hai,0
mard b ghlt lekin ek bar aurat k libass dekh lu brand k nam pr aurat ko nanga krdia,1
Jo bhutto jesy leader k lye esy alfaz istemaal lar sakta hai wo 1 ki chudai marwany wali maan aur ek sey ziyada mtlb fathers ki olad hogi hazar mtlb chakly ki randi,1
Mulli naam kyu chipati hai be Sare moulana mar gaye kya Inka halala kyon nahi karwa rahe hai koi…,1
Hadd h ye namak haram Hindustani aur paxatani mullo kiharam k beej yaha pade h halala ki paidaish aur secularism ka randi rona rote firte h aur ek muslim desh mai ek mandir ki neew kya pad gyi s ki g mai dard ho ra hhadd h tumhari makkari aur gaddari ki converted creeps,1
Aaplog samaj ki baat uthate ho hathras me sarkar ko nanga kr diyaThod…,0
O Randi zaban sambhal k baat karApni zaban khol k apni maa ka pata na de,1
I love youPlz don't leave meI can't even imagine to live a single day without talking to uU r my precious bubAb bakwaas mat kr KaminiYhi rhegi,1
G bilkul isi liye tm main bilkul ni hai Kisi sasti randi k patwari dalle,1
Log humse jalte haijalte hai is baat par kiu itne zayda khubsurat lagte hai hum sath mein,0
paigambar ne gadhi se 1400 sal pahle rakha tha lagta hi kuran pad rahi ho,1
Sidnaaz are just friends and the fandom is full of gadha's and gadhi's OnlySidNaazFandomKnows,1
Manzil tak pahuchte to acha hota Khair tumhare sath ye safar bahut khubsurat tha,0
Kuch log chahate hai india ka pm koi bukha nanga ho taki baki countries ma humari kui izzat…,0
Teri aama se pooch lena tera baap pani me aur teri Maa machhardani me,1
Hagaya randi ka bete bc teri maa ko mere se chudwana ha bc bhen to bc car…,1
Han Maloom Hai Chl Apni Maa Chudwa Aab Suar Jaisa Muh Leke Dusro Ko Troll Kregi Rakhi Sawant Lite Teri…,1
Kutti k bachy teri maa ka yar jo Indian intelligence se mila howa hai Jo Pakistan ki maa chod raha hai us ka kia?,1
Hahaha And ofcourse Pawar Kaka is going to be such a huge crowd puller in Bengal Mamata di is really scraping the bottom of the barrel nowBtw I wonder what Pawar's ally Cong has to say about him campaigning against them in BengalGol maal hai bhai sab gol maal hai,0
Q hindu logo se darti hy kuttiya,1
Teri maa ka phud**da bhi bana haiZayada takleef hai chala jaa Visa hum day dy gy,1
Aabe GanduModi is a professional CowardRahul Gandhi ke 15 minutes wale Bayan par kuchh bolne se p…,1
Is khubsurat nojawan par dil a gaya hai,0
Beautiful na ji mera ghanta Fee ke bare me puchho management se to they say ki suspend kar denge Abhi second semester khatam hone ko 2 mahine baki hai lekin fee abhi hi chahiye Ekdam raddi teachers aate hai padhane jinko khud student se bhi kam pta hota hai,0
Teri maa ko sabhal bhenchod teri maa ki chut madrchod Randi ka bacha suar ki aulad गोमूत्र पी bhosdike,1
Roses are redViolets are blue You see a DalalOfcourse that's Rahul Kanwal thand to nahi lag rahi…,0
Aurat ko toh huns kay baat karnay per bhi tamgha e slut mil jata hai,0
Wanted to do this on for terrace and my mom said chipkali aur machar ajainge,0
खुदा ही जाने क्यों हाथो पर तुम मेहँदी लगाती होबहुत ना समझ हो फूलों पर पत्तों के रंग चढ़ाती हो।Good Morning Beautiful Aleena,0
"Isko hipe kon de rha hai pta nhi but surely i m super angry with punjab government who could have moulded the laws and then implemented them in the State to help its people But after all its a dirty game "" Politics"" Akhir kaar fasenge to log hi iske jaal mei Aah kuttiya srkara",1
tere maa ka rate 200 rs nhi 101 rs hyteri behen tinch maal hy isiliye 200rs,1
THIS FUCKING CHIPKALI NEEDS TO STICK TO THE WALL WHERE IT IS ACCEPTED (FEARFULLY) IT HAD NO BUSINESS ON THE BATHROOM FLOOR OMFG I HATE THESE LITTLE SHITS AAAAAAAAAAA GOD HELP ME,1
Beautiful- jai shri siya ram Jai shri radhe Krishna Jai bholenath Jai Maa Parvati,0
Is Harami Illegitimate chairman ppp ko watan say ghaddari par andar karna chahiay haramkhor pakistani president…,1
india Teri maa ka bharosha Saale itni tagdi planning Hindus ko badnaam karne ki,1
Looking Beautiful but Ye mask kyon yahan bhi chaalan hota hai kya,0
Anugraheethan Antony|Kamini Making Video with Lyrics Ft KS Harisankar|Su via,0
Ummmaaahhh ऐसे ही आपकी चूत रगड़ के चोदू मैं,0
Shame on u zee news aapni lath khane ki news chupate ho aur arnab ko nanga karna chahte hozee news ko to…,1
true jis ne bhi dil dukhaya agar woh pehle socxh laita tu acha tha roh tak ka ghayal hona kitne dard main doobi baat hai simply beautiful lines wah kia hai gham ka izhar aur us takleef ki chubhan magar kia karain mohbat dard le ker he tu zinda hai aur rahe gee,0
What should I ask to get a 100% guaranteed notice/reply from you? Aap hi bata do Har baar try karti hoon but yeh kismat saali bohot hi kutti cheez hai AskSRK,0
Pheli baat me teri maa behn pe Gaya nahi agar hai to highlight krke dikha dusri b…,0
Main to raat bhar chodunga teri muh me mera muh dalunga ter chut me raat bhar lund rakhunga tere boobs…,1
"Duri wala pyaar kitna khubsurat hota hai iye baat mujhe ne sikhayaWhen he said ""Rehna bass mere rubaroo""I realised its worth Shukriya kaafi hai kiya ?",0
Mai gaaon me reh chuka hu bhai bahotmujhe pta hai kitna khubsurat hai gaaonThis is what i think n idc about others,0
Bas deli gaali Tu kon hota hai mere maa baap aur mere beech mein aane wala Tere walo se achha khyal rakhta hoon mainBada judge bana ghumta hai And I am not from Randi WingAsal zindagi mein koi bhaav nahi deta tumhe isliye yahan gaali dete ghumte ho,0
Main roj duty 7 km chal ke jata hun 7 km chal ke ata hun kinyuki pa…,0
Moti tu to chup hi baith itne blur photo dalti hai Konse jamane ka phone use karti hai kya malun Aur bolti hai mai trader hoo Isse acche photo to gaon me baitha chhotu 7k ke phone se nikalke upload karta hai,1
Narine ko Mid on pe kaun rakhta hai ye batao pehlegandu jaisi field placement,1
Apny jis khubsurat andaz me is bandy ko iski awkat yad dilaye hai Had dy had Boot tabah dy,1
mushkil se ehsaas huapatthar aaye barson pehleshishe toote barson baadyaadon ka ek jhonka aayahumse milne barson baadBeautiful ❣️,0
Jaisa moo hai randi ka bacha waisi tera kaam hai madarchod 10 bab ka aulad randi moo dikh apna madarchod tumsi bara gando ham kahi nai dika itna hamlog bol raha hai ki nai ata kuch bhi to kaisa hamlogexam diga madarchod randi ka bacha gashti ma ka bacha randi ki aulad,1
Wahi na yar or upper se iski behen bhi chut ki pic dal rahi hai bar bar or boobs dikha ra…,0
sahi hae classes hae so sona nehinind chut jayegi ye sunke to,0
"""Acha thare ko bhi bohot hassi aarahi hai❤Aaja mhare paas aaja❤""Such a beautiful scene❤ yrkkh kaira",0
jealous ofhaving kidswhich i as a gay person could dowe went over this man lol praying for your brain have a good day,0
Our crush - my gf isn't fat She is like a cute panda Le me &amp; my friends - Bhais sali,1
hiii veve aku sali 00l ‍♀️ feel free to call me sali without kak yaa,0
Teri gad mai kya ugta hai ye bhi bta do kuttiya,1
BHKAT BHAGWAN KI SEWA KAE HAIN TO UNHE BHAGWAN FAL BHI DETA HAI YAHA TO BHAKT JIS BHAGWAN KE LIYE TWI…,0
Madam loktantra to aise hi Tera maal chhino party main hai Jahan dt9/8/2015 ko TMC ke log ek Hindu ka Ghar ek muslim sultan Ahmed Iqbal Ahmed aur Sajda Ahmed ke goondon ne police ke samne mere ghar ko lootpat kar kabze main leliye hain 2 ROYD STREET KOLKATA 16 main true case?,1
me to suna h ghusne se phle hi nikal jata h inka to,0
I got Moderna and I already got both doses With both I felt tired extreme body pain(my joints felt like they were going to break) fever(not that bad) bad chills But only lasted a day Arm was sore like 3 days But I’m all good,0
Hamid meet ghadar Suar Jafar Meer ki Gandi nasal wasted sperm ki paidawar Teri Buddhi Maa…,1
agr mard khatam hoga to orat bi khatam ho jae gi khuda ka khof kro islam ke qaide qano…,0
teri bebay ka yar general k khilaf bat kr rha hai na k teri maa k yar s…,1
kuchh bhi kho ap log samita mam kinne beautiful soul wali awaaz banti wo bhi unke ke lye jinki awaaz ni sunte unke lye stand leti esse pta chalta ap khud bht sush ki tra h ap kisi ki parwah kiye bin inne strong hai koi filmy khandaan wale u r too cute from hearts and looks,0
Kuttye ki aaulad aapna muha toh dekh kamine vadwa desh k logo k liye kuch nahi bolta harami hara…,1
Or ha tu chamcha hai chamchagiri band kr de bc sirf bjp bjp krta hai teri ki maa ki chut neutral r…,1
Jay Dwarkadhish dwarka dwarkadhish jaydwarkadhish krishna gujarat beauty beautiful beach beachvibes ghat gujjus 2021 yogaurmi,0
Tu kuch bhi kar le ab nahin bachega main mumbai police se request karunga ase neech ghatiya patrakar ko j…,0
Sari bakwas chod li tujh jese lund k toppe nPar abhi bhi tera muh m lawda hi ghu…,1
1st dose of Moderna sore arm 2nd dose flu-like symptoms (nausea chills headache fatigue) for 4-5 hours the day after the vaccination,0
Muze aajtak yeh samaj nahi arahi ki kaee salose Mayawati ji Zolar jo bhi kare usme inki humesha han q hoti hai Q…,0
Aap rajniti me madem randi bajar me nahi thoda shoch ke tweet kiya karo,1
Tu nanga baki sab in full dressKiyuki tu jehadi molvi hai,1
Uska naam yad nahi aaya isliye mitay bol diya maaf karna beautiful lady,0
Sale teri maa ki chudayi kute ki aulad randi ka baccha tu anrab ko bol rah kute ki aulad,1
Gadhi tere time pe neend m tha‍♂️,0
Beautiful Mangal Aarti Darshan of Shri Radha Vrindavan Chandra +91-7066727666 / +91-9284826810damodardas damodardasji harekrishna krishna krishnaconsciousness motivation nagpur radhakrishna spiritual shrimadhusudanbapuji radhagopinath radhamurlidhar,0
Abey mc gb road r ki pehle customer ki najayaz auladte…,1
republic fights backRepublic's Goswami sir we are with youmy favourite Arnab GoswamiInn gadaron ko nanga…,1
Chuthiya पत्रकार है रवीश कुमार। वे हमेशा ही झूठ को सच साबित करने की प्रयास करते आए है परंतु सफल नहीं हो पा रहे है। कांग्रेस के सेवक होने की वजह से झूठ बोलकर पॉपुलर हुए है । जनता जाग चुकी है और चुनाव का मुद्दे मैं सही क्या है गलत क्या है समझ गई है।,1
Ooo madarchodsale randi khane me paida huwa tha kya,1
Yes jisnae likha hai bahout khubsurat likha hai,0
slut ko urdu main yehi boltay heinab ya tau aurat march kay naron ko dekhein ya phir apni urdu zubaan ko,1
Salman pig asshole Randi k Bache kon hai Pura dunia janta hai Talwar k samne kon salvar utara hai woh bhi sab jante hai Aukat me raho nai toh ab bahut Bura hoga MC Bahut hogaya ab,1
Har roj Chat par alag alag ladkiyo se nudes maangne waale aur rejection ke baad ladkiyo ko randi bolne wale ladke…,1
Log HUM SE JALTE HAIN JALTE HAIN ISS BAAT KYU ITNE JADA KHUBSURAT LAG TE HAIN HUM SATH ME PANI DI GAL FT JASMIN,0
Maa ka laudatota ka lundmaa ka laudarandi ka bacha madarjhaatu bsdk t…,1
Certainly didn't wish to start my morning with singing Ati kya khandala to a chipkali man,0
Jahil Kamran khan ke bayan par bhi kuch kehdo Bas ek hi randi rona NRO nahi dungaSaley jokers,1
Teri maa jab bhi chudti jab 3 sal ki bachi ka rape karte hoTab tume…,1
Maa ke lode tum jaise chutiye maa chuda skte h basAuro pr personally khud gya h fir maa ka loda g…,1
Yeah abid raza bc ik badmash hy or ha tu kutty teri bi maa ka bhosdra,1
Hmne to pehle hi bola tha Bhai Aaj is khubsurat honi ko khud khuda bhi nhi taal skta tha ShauryaAurAnokhiKiKahani SAAKK Shakhi,0
To jatu kisko deta Bravo to injured tha gandu Tere…,1
Gadhi hai isiliye statement aisi hi degi,1
Jisdin samne se accept karna ajayega na gandu tjhe aur ye fazool ki hawabazi band kardega ki ye pre…,1
Bina eyeliner aur base ka bhi tujha khubsurat pao,0
RaniSin57009889 iaMeetuSingh imNanaPatekar Right Di Beautiful Brother and Best Super Star Super Hero I Miss You Sushant Bhai ❤❤…,0
yeh sabke saath pyaar se baat karti hai pata nahi bas mere liye hi kyu banjati hai ek no ki kamini naari,1
10? mere to 7 ke bad se aaj tk randi rone khatam nahi hore (,1
Mera Lund le lo 1 Baar Apni chut main,1
Ek taraf kejru ka randi rona chaloo hei cases badh rahe Aur yaha aakar hamle ki tayari karwa raha,1
kya hua suna h TRP k khel m aajtak nanga ho gaya h Fine dena pad raha h broadcasting ag…,0
Mujha pata tha tum nhi likhugi tumna dil todh diya alishu mera aah beautiful girl saa baat karna kaa chance chala gaya mera,0
Finally 0 se lekr 9 tak ka safar sabse muskil hota hai life me kv v chahe woh kisi v age se ho ya kisi v field me ho aur ab ye safar aage aur v khubsurat bnega ❤️ congratulations cutie many more to comes,0
Hum toh uni or academy may busy hai yr chalo aoon gi tmharay account may,0
Huqmat chahti ha ka too sirf shahbaz ki randi na baan kabhi mulk ka bhee sochh liya kar,1
Nahi kheli sir Bengali shaadi me yeh rasme nahi hota hai Pati ko manane me lagi hun ke Chalo dowara…,0
What they used to say 'Baap ka maal hae',1
Teri bahen bhi kisi mulle ka hi chuati hogi PTA Kar lena bahen chod,1
sab khubsurat hai Chikni maaal haiJo mann kare tumhara,1
"kaise randi ke bache hn ye log35 yr old Anajana wz first married to Akhilesh Tiwari who she divorced to mary ""Asi…",1
Haa chl gadhi hi dund de tu wo bi chl jyegi,1
&amp; just gave Gadhi peace prize to Sh MujibTravesty,1
Dil kahe kya raaz hai Jaane kya kar gye Jese andhere me tumChandni bhar gye Kare chand taaron ko Mashoor itna kyu? Kambakht inse bhi Khubsurat hai TuuuI Love You ❤️❤️❤️❤️❤️❤️,0
Turant 12000 minus kre warna age ummeed kre bhi na baki hm nipatne me sakchham hai paisa ab court me denge with your froud,0
Kya bsdk gaali bhi acchi Deni nhi aati Meri he copy kardi gandu ooh accha Mera he sperm hona,1
Aapne Bol Diya Ab to Evening Ko Beautiful Hona Hi Hoga ji,0
I do not know why they did 9/11 suicide bombings lone wolf attacks and many such things I do not know why in islamic country other religions vanish I do not why they rape and call women of other religion Maal e ganimat I do not know Gazwa e Hind I do not why they have,0
tujhe bed pe tang ke pehle toh belt se teri mulli gaand ko garam krunga phir teri sukhi Gaand me lun…,1
Usko mujhe se baadi mohabbat hainKhawab houte he khubsurat hain,0
Tune team ka naam bigada maine bhi bigaad Tu to sach mai randi rona karne laga,1
"~Beautiful Good Morning~""To all my dear respected friends""हृदय"" की मधुरता_ ""उदारता"" और ""विनम्रता""""ये तीन स्वर्णिम मापदंड हैं""जो किसी भी इंसान की ""उंचाई"" और ""कद""ठीक-ठीक नाप लेते हैं सुप्रभात आपका दिन शुभ और हर-पल खुबसूरत हो",0
Very beautiful post Subh sandhya ji Jai shree Krishna,0
U r bikaw maal of maryam safdar,1
Tum dono hi to ho jis ke liye sab se jyada chinta hoti hai Dono hi kamini ho tum,1
Esko KOUN SAMJHAYE bail matlab saaf Bari nai hota hai gandu h kya yeah insaan,0
Yahan apni zindai me randi rona chal raha he,1
MumbaiPolice paiso ke liye Chand abhineta logo ka rakhail ban Chuka hai laanat hai CPMumbaiPolice pe itsSSR ki…,1
She said paji usko kuttiya bulata hai,0
Ji bahut khoob ❣️Kitne achha edit kiya hwo aapke krupa se hi ye shubh gadhi aayi perfect,0
Vo kehte h naDil aya gadhi pr to pari kya chese hdon't take it otherwiseJust a bookish lineBut don't forget Aryan's first choice is Riddhima from day1 of cruise trackKiara is just an adjustment Ab bhabi to milne se rhi naIshqMeinMarjawan2,1
Teri maa ka tere baap ne rape kiya tha kya??? nahi na…,1
Abe chodu kbr nanga aaya tha or nanga hi gya tum bhi vaise hi jaoge ji l apni jindgi,1
Ab tweet kar bhi dena koi farak nai padega Tu jahan marzi ab nai bakshungi mereko prostitute bulaya ab bhugat na…,1
Ek eyebrow moti or ek patli Overall it's look amazing,0
Kitabai chut gai kitabai perne se phelyZimedar ho gae hum Bary hone se phely faixee_m DostiGroup,0
Rahhul gandu u are deshdrohi u are financer of all terrorism in India U and u r f…,1
Kisss liye dekhte hu ayeenaTum tu khud se bhi khubsurat hu,0
"Lol ik this is cringy thing but that really happened to me my bro lost itwhen he see picture of my 7 boyfriends ""abey yeh tu band hai korea ka kamini jhoot bolti hai""",1
Teri maa ko vhodu maderchod jihadi Kabhi milega toh teti gaand tod ke jugnu banadunga tere din ki maa ka bhosda,1
Roz kuch interesting maal laati ho Thnk you,0
Corona teri maa ka yaar hai kya jo tujhe pakad leta ager r…,1
BilawajahBhutto yeh sun le apnay Nate Abba Miyan Saanp ka saath denay se pehlay Beghaittaa Teri Maa ne ooper ja…,0
Ye bohut beautiful hainMujhe to bohut pasand hain ❤,0
Teri Man ki chut Modi bahan ke loade kutte madrachod,1
Jaisay aap apnay baap yani Nawaz Shareefa aur in May bachon Kay karmat batatay ho even this is wrong but it doesn’t suit on munafiq like you to talk on these type of issue u r failed as a person and as a journalistaap sirf bikao maal ho,1
seeing this while living in a country that got only 6% of population vaccinated im finna die before i get my shot,0
bsdk gand pel duga gaaliya kisne chalu kriu anpadh h kya bc idhar hi gand tod duga teri ma…,1
If u watched swabhimaan it also have great bonding between siblings and also pairs Jiju sali devar bhabhi i actually liked that show very much,0
Teri Gandi chut Kanjria Ah sab traitors ki ghanth lal honi ae is tarah,1
Bc jadeja jab last k 3 Baal pe 14 mara toh starting k 3 pe v maar skta tha Iss gandu jadhav ne strike hi nhi Diya…,1
Idiot sanghi is so blind in his andhbhakti for Moti n TadiparDoesn't know Its his Tadipar who is desperately behind PawarDat joker tried everythg in my stateBut cdnot enthrone his stooge By d way No meetg took placePawar doesn't give a fuck to him,1
ㅤㅤㅤㅤWell all jokes aside part 'to ng plano ko I want you to focus on the links and combine themㅤㅤAfter that go to the platform where you asked if you can court me It's an invite link Sali ka lang ㅤㅤI'll be waiting there jaan ^^ㅤㅤ,0
फूलों ने अमृत का जाम भेजा हैसूरज ने गगन से सलाम भेजा हैमुबारक हो आपको नया जन्मदिनतहे-दिल से हमने ये पैगाम भेजा है।Happy Birthday Beautiful HBDRajanBajpai,0
Pagal log hai follow bhi karte hai complaint bhi samjh nahi aata inka aap bohat beautiful ho god ne jab flowers ko beauty di hai wo bhi dikhate hena apni pankhudi khol ke aap ne jo dikhaye wo bhi nature hi hai good job,0
Lolz chalo 2k main say aik batakh to nahi bholay gi na,0
Bro waha pai koi lawyer nahi milte hai koi human right ka randi rona nahi krta,0
Tum log ye sab randi bazi band karo Sana khan gayi maa chudane,1
Amol Palekar and Pushpa in Hrishikesh Mukherjee's classic comedy Gol Maal (1979)AmolPalekar Pushpa HrishikeshMukherjee Golmaal bollywoodflashback,0
Bohoti kamini Hain yehMujhe paraya Kar Diya ek hi pal mein,1
Manik ko hi dekha tune bas aur vo Soha kutti kamini Nandini ko kidnap karke le gai,1
Enjoy Biryani in Bangladesh Pandit Modi Baba ji will they serve Vegetables Biryani or like in Pakistan last you enjoyed at Nawaz Sharif RESIDENCE Ok it is confidential some times can eat &amp; enjoy Ram Ram japna Parai maal Apna,0
Muze aajtak yeh samaj nahi arahi ki kaee salose Mayawati ji Zolar jo bhi kare usme inki humesha han q hoti hai Q…,0
Ghodi banakar baal pakad khich chate mar markar pelunga ghapa ghap ghapa ghap,1
India se koi ladki ni mili bande ko to pakistani girls beautiful ho gyi bhai ek baar African ladkiyon ko bhi try kr ke dekhle,1
Ye wahi Sheila hai jiske against tumne corruption ki moti book nikali thi Aur baad mein wo book bhi gayab ho gayi thi - ek Modi ji ke against bhi nikali thi locker tod ke wo hi dikha de,1
Haha kyun ye log south south bolthe hai bhai? INDIA bolne ka dum nahi hai kya? Chuthiya srk aur johar ke bots ko?,1
Why do you support paki agents? Why do you take hard durgs? Why do you bully outsiders?Why do y…,0
Beautiful haqeeqat moonh per tamacha hai dowry ke lalchi logon per,0
madarchod LSE rejected my financial aid application can I get an elizabeth randi kohinoor wapas kar bhadwi in the chat,1
Lekin nanga to aapko (aaj tak ) ko Liya na tumhe ye meetha Dard bhi manjoor nhi lanat h be dalli,1
desh k sentiments ko bech k Gunjan Saxena banai hai Sharam aani Chahiye boycottkaranjohar,1
Itni khubsurat yaadien banaunga apne Sona ke saath ki tum bhul jaaogi ki ye sab hua thaaKahaanHumKahaanTumRonakshi,0
Bhkkk wo trend dekh kr waise hi satak gya hai av av aayi hi thi or trend uper se tu ye alg bajj rhi hai gadhi,1
Isk liye ek khubsurat girlfriend ki aavashakta hoti hai DK tab accha Insaan bn NE ka man krta hai,0
Yeh log pata nhi kyu free Ka maal lekar 20-30-40 kamane shuru hojate hai Tbhi toh bhi Roo roo krr giveaway krte Hain ki logon ne bechne hi hai agye,1
Tere baap ne rape kiya tha teri maa ka tujhe paida karne se pehle?,1
Dogs are better than humans kheti thiEk din usse Kuttiya bol diya offend ho gayi,1
A gandu tu phir aa gyachutiya kitna bolu re mai tere kojake lesbo lesbo khel pappu ke sath,1
Kia hum un alqabat ko bhi shaamil ker saktay hain jo nehat khubsurat muhabat aut izzat ki alamat hain Lagta hai aap nay zindagi mein kabhi koi positive cheez nahein dekhi Afsos hai aap kay waldain aur siblings per aur un tamaam logon per jin sey aap ka wasta para hai,0
Maal ka agar 'hi' kar de tohmakes more sense than ever,1
like please explain to me how the fuck nicola coughlan a 33 year old is playing clare devlin a 16 year old in derry girls?????,1
ha smjhao kuch inhe par ab yeh kutt nhi kuttiya ban gyi hai,1
Mai eik khubsurat pariwar chahti thi aur kuch nahi dev,0
Parambir singh Tu ek Joker haikhud ki khiliyan udda Raha hai public mei tujhe toh police mei Nah…,1
Tere abba ka jameen to china le gaya ya le hi lega suna he Arif alvi aur purvez Khattak ko bhi corona ho gaya 15 march ko to Chinese vaccine lagvayi thi isliye kahte he bhikariyo ki muft ke maal par kum viswaas karo,1
Manoj Bajpayee Wahi Lukkha Hai Jisne SushantSingh Ke support main Ek word Nahi Kaha Taaki Bollywood Wale Usko Kaam Det…,0
Ab koi is news ko promote Nahi karega yahi 10rs plus Mai jate to Randi Rona suru Kar dete sale dogle,1
The truth is you have made easy targets out of people like AliaBhatt Ek toh starkid woh bhi ladki upar se successf…,0
In box me aao aap ki chut dihkar mera lund khada ho gya hai,1
"Yek zindagi haiChotisi zindagi haiMagar zindagi ka rasta badha haiKoshih karte hai zindagi ko khusurat banane kiKabhi bhul mat jana zindagi ko khubsurat banane wala ""WAHI KHUDA HAI""By fridaymorning FridayMotivation quoteoftheday",0
"Mazhab bhe badal dein ge imran ke chaatnay ke liye Panchodon bas mazhab bhe tumhara Saray gunnah maaf bhe tumharay Par women getting k*lled for showing 1 strand of hair is a randi and ""iske ghalti thee islam ke khilaaf gaye slut""Allah ghark kare tum sab ko im so fucking tired",1
The word Shiva means The auspicious one a true devotee of Mahadev wont be inflicted with curse Open and balance all 7 chakras and connect with Lord Shiva and Goddess Lalita Tripura Sundari,0
M to jada khubsurat Ladkiyon ko pehle hi reject kar deta hun pata hai patne waali to hai nhi,0
"Sorry to say but INCULCATING habit of ""FREE KA MAAL"" in the citizens is the WORST thing that A TRUE LEADER can implementThis action was MOST UNEXPECTED from a person like you",1
Chel chuthiya you're too ignorant n boringgo back to schoolyou need education,1
Khin pyaar naa ho jaaye bs isiliye ignore krta hunKbhi ye mt samjhna ki kisi se km khubsurat ho tum❤️❤️❤️,0
Teri ma Ki Chut me jab may choda tha mast mms bana tha teri ma ka Sale teri be…,1
^^^ sameand all the friends/fam i know that got moderna are a range of ages from 20-65 Only a sore arm and some felt a little tired for a day or two,0
Neh barhi Achi he Pyari b Apun ki Dost he kamini aurat interact hi nai krti Bohat Badtmeez he,1
BJP center me rule kr rhi hai kaise rejected maal ho gyi ?,1
Teri बहन होगी Randi समझा मुहल्ले को नाजायज औलाद,1
Oo yaar insta ke log itne sukoon mei hain hum twitter walon ka hi randi rona hota bas,0
versatilecolor i_support_kanganaShe is the whistleblower for justiceforSushanthSinghRajput and still standing as strong pillar झां…,0
Aa gya asli aukaat par saalo tum log habas ke aage…,0
You are Gandhian but your story saying that you are a true follower of shri Krishnaand gadhi was a follower of ram so you have to do all things what gandhi did,1
KisanVirodhiNarendraModi किसान_विरोधी_मोदी_सरकार NowPlaying 'Jatt Vs Chudail' from This Is Bhangra …,0
Beautiful डीएनए टेस्ट हो चुका है कृपया निकल लेंGo_Back_यूरेशिया,0
Tohar maiya ke dewaliye me adka ke gaar maar kar akhiye bahar nikal dabau phir mat bolhiye ki maiya ke dikhaye naykhe dait,1
Ha wahi toBC pagla Gaye hai Koi stand Nahi inki Gandu log,1
Tu hogi chipkali ek usko line mar rha tha tu a gyi beech me tum mujhko single hi maroge,1
if you text me only when you are horny tum log kitni kamini cheez ho yaar,1
Hi di kaisi ho is gadhi se baat mat karo,1
Itna choda ha tudge tatton main dard shuru hogaye ha awara Randi ki paidwa,1
Wo har pal khubsurat ho jata hai jisme tum shamil hote ho ❤️,0
bhai mein kisi ko slut nahi bol raha tum naam parhlo khudi snap pay,0
कोई आग जैसे कोहरे में दबी-दबी सी चमकेतेरी झिलमिलाती आँखों में अजीब सा शमा है।❤️Good Morning Beautiful Reet,0
tujhe bi teri maa ka wasta tu bi bata de tu kis ki najayaz aulad hai,1
Ha start to teri dadi aur maa ne kiya chutiyo ko paida krne ka,1
Har track mein chipkali ka flop plan half Tak successful rahti hai anth mein uska plan pura flop ho hi jata hai,1
Jo Rudaali Chuze Boycott Boycott Ka Nanga Naach Krhe Hain Wohi Raat Se Pehle Hii Apni Chuzon Waali Aakhein TV Pe Gad…,1
Tu itna bhi offensive mat ho gandu lag rha hai Sarkar apne hisab se sambhaal legi We trust yogi ji,1
Kisi Sasti Randi k last walay bachayGoor say dakhTeri baji ha salaya mareyaSara zindagi beha…,1
teri maa ka koi Jizzlamic bf hai kya? naam sunte hi sulaag jata hai tera,1
kiya kya randi ne mei bhi zara lon uski,1
Tigress Sundari translocated from Satkosia to KanhaMP MadhyaPradesh Satkosia KTR KanhaNationalPark Tiger Sundari KanhaTigerReserve Dinalipi,0
Kishan Majdoor ekta Jindabad Jindabad beautiful voices of Azadi,0
Chutiye Sochna Tjhe H Tuu Kaun Se Guttar Se Aya Yaa Phr Tmhari Maa Bah…,1
Hi gawa ako gdm sali kayo limit 20 filo only &lt;3RULES FOR THIS GDM1 Should always be present for the scheduled prayer2 Should not use profanities on tweets/gdms/dms3 Should be present on the scheduled pangungumpisal,0
ab pakistan ka randi rona phir suru ho gaya,1
Vaze bring the maal Param bring the maalVaze bring the maal Param bring the maalVaze bring the maal Param bring the maalVaze bring the maal Param bring the maalVaze bring the maal Param bring the maalVaze bring the maal Param bring the maal,0
तेजस्विनी पंडित tejaswinipandit actress marathiactress marathi beautiful gorgeous cute marathiabhinetri maharashtra_ig marathi_ig marathimulgi marathigirls marathistars repost,0
Ye Randi Martinez thoda jyada baj raha is bhadwe ne Reading k against 5 goal khaye aur baat aise kr raha jese teenage Buffon tha aukat me rakhna chahiye tha isko,1
thank you for this (sali na rin kayoooo ksks),0
Nahe randi ka matlab woh hai jo sab smjhte jo orf am mein bola aur samjha jata hai laken jinkley likha hai koi galat to nh likha on randiun kelye,1
Parhayi chor dou na yaar Koi zabardasti thori hi hai Jo parhna chahtay hain or exams dena chahtay hain wo dain Jo nai parhna chahtay wo koi kaam dhanda kr lain Awein free ka randi rona lagya hua hai Khud parhna nai nalaiqon ne or dusron ko bhi parhnay se door krna chahtay ho,1
50 Shades of RandiDo you know how long it's been since I last posted a photo of this wonderful singer and songwriter? Me either Time to do another dontcha think?2instagoodportraitlove alienbees beautiful beautifulpeople beauty Capture4Cubes …,1
Sabka hall yahii hoga ab saleee hero bnee firte hai ab aukat ptaa chal rhi hai inko ab roa…,1
sirf ameer log he khubsurat hote h kya????,0
Q ? Teri Maa ka Nahi hai kya?Gandputr ho kya be,1
raam to randi ki aulaad hain aaj,1
Iski maa Ka Randi Rona Kabhi band nHi Hoga chinalka hai ye,1
Dhyan se dekh teri maa ki bat ki Jyda hi shok he maa bahen krne ka to bhej de apni…,1
Q nhi ho paye ga Sab mil k kren gey to ho jaye ga Famous bhi hain ye log already audience hai in k pas,0
haan haan andreaaaa chup karr gadhi means i love you,0
Haha ye to aise hi choti Moti baat hai,0
Kuch bhi ho jaaye lekin vote toh moti ji ko hi denge,0
Chutiyonka Sardar Pappu can you pl understand that ur gandu dada Nehru handover huge part of India U…,1
kamini log dur raho virat se by nt telling anything 2 virat u r basically setting him up 2 get manipulated n den when he does u blame him 4 dat its just ridiculous he isnt antaryami who will himself understand wtf every1 behind his back does? GhumHaiKisikeyPyaarMeiin,1
‘Mera ek deewana mujhe telephone karta hai’ JayaPradha looking beautiful ☺️,0
Chut ka pata nhi pr hath gore gore hain lambe bhi hain Ek thappad mey hi tumko do din orgasm aa jayega,1
kindly inform if you know any mechanism in Pakistan to contact with state ? checked baitul maal website for disable person only 10 k per year assistance i am encouraging his wife to do job to secure his families future,1
I just realized half of my tweets r randi rona and rest r abt curly hair,0
Girls are temporary freedom is eternalMaal ke liye reddit haisox ki ichha itni bhi nahi haiSupport? Family aur friends hi bohot hai,0
Didi Acting Boht Sohni Kr Lendi AaChudail* Wale Role De Ta Watt Kadde Pye Didi Ne‍♀️,1
That’s what objectification is Nanga naach karayo and eye balls le lo channel ko to sir…,0
Hope Bollywood now knows who is Sushant Karanjohar AliaBhatt SonamKapoor SwaraBhasker,0
Whatsapp University✌ ja ab Oli ka bulawa aaya h teri maa ko jana pda teri wjh se,1
Randi is may choty bachy aur aurtain kidhr HainPhotage banana Kia mishkil ThaGhalat bat nahi karoSaza do saza jinhon nay mulk lutaNa ky in ko pasy(rishwat) lay Kar Bahar jany do,1
NARSINGH ANAND BHOSDI KE BHADVE GANDU TERI MA CHOD DUNGA MIL JA BHADVE KAHI EK BAAR TERI RANDI MA SE PUCH KIS GUFA ME CHUDWA KE TUJHE PAIDA KIYA HAI TERI MA KA BHI RAPE KAR KE PAIDA KIYA HAI TUJHE SANGHIYO NE GUFA ME BHADVE EK AREA SE MUSLIM MITA LE MA KA DOODH PIYA HAI TO GANDU,1
Kuchh logon ke sath zindagi kitani khubsurat hoti hain na Aur shayad Aassan bhi ❤️,0
bsdk thodi bohot saram he to retire hoja gandu,1
Wo nikki ke saath flirting nahi thi kyaKhulam khulla pyaarShaadi kardungaMeri jaan tujhe ye sab mai leke dungaJasmin ke saath 1st day hi Mai yeh nahi keh rahi ki ye sab galat haiBut agar sana ye sab kare toh wo slut aur sid kare toh studshehnaazgill sidhearts,0
I fucking hate chipkali Those bitches be looking at you so still from corner like waiting for you to spot them And it scares the shit out of me Am not playing luka chupi idiot,1
it seems u started following ur boss religiously He speaks crap without any guarantee Btw all branded products come with guarantee &amp; by now people of Assam know which one is “Chinese Maal” AssamAssemblyPolls Congressor5Guarantee AssamWithRahulGandhi,1
Mai Swaym ko hi kaise dand du? ❣️Alag nahi hui hai bas ek hone ke liye gayi hai ❤️Your Golok look is so divinely beautiful RadhaKrishn,0
Teri maa ki chut me rss ka bhut bhadve,1
Twinkle Twinkle Little StarAkshay Kumar teri maa ka yaar,1
The person in the picture is not the owner of the Moti Mahal chain of restaurants and not associated in any manner whatsoever with our popular chain of restaurants named Moti Mahal We Moti Mahal strongly condemn his person’s acts and do not endorse such cruelty in any manner,0
Teri MAA KA BHOSDA MARU MADARCHOD SASTI RANDI KI AULA…,1
Tumare fandom ki koi beautiful hoti tuo tag kardeta kisko pata chalta,0
Bhai vo uska opinion tha bc jo ammar apna opinion diy tu aa bhai kitne log ko leke aay…,1
Kisi gashti k bachay 2014 ki dharna Teri maa ka yar denay aya tha,1
Sapne ankh khulne se nhi toot teJo apne ho wo kabi b nhi chut teMesmerising pic,0
Naya F12 mobile bahut jyada Khubsurat hai aur mujhe bahut jyada achcha lag raha haiSamsungGalaxyF12,0
Hamare zamane ki photo me beautiful pretty dream life twitter instagram houston texas photographer photography post picture happy smile happiness laugh taarakmethakaooltahchashma jethalalgada jethalal gada dayagada daya bhide india tvshow tv,0
If u bite a dog it becomes mad dogTera jaisa chuthiya bhauth ha bsdk,1
Go moti goMoti ji ne karaa hai toh kuch soch ke hi kiya hoga Aayega toh moti hi,0
Bhot khubsurat hai tumhari muskurahat Par tum muskurate kam hoo Sochta ho dekhta hi rhu tumhe par tum nazar aate hi kam hoo,0
He could speak 8 languages &amp; could recite all 37 of Shakespeare's plays from memory An award winning playwright &amp; 1 of Ray's favourite actors Also one of India's finest comic actors in films like Gol Maal Rang Birangi &amp; Hirak Rajar Deshe Utpal Dutt born March 29th 1929,0
Teri maa ki chut main 100 lund teri behen ki chut main…,1
To KYA soche the?To phirRSS or BJP Ko itna Mota MaalKaise milega,0
Kuch v trend kr doh jiska jo marji lauda_lasun teri_ma_ka_chut Bhosdike mra_lund_bada…,0
mynameisrekha Swamy39 now it looks clearRhea a drug peddlerduhai connectiondrugged aushantsandeep was her manall together k…,0
"Seriously sir? Who had once called a colleague a ""Tunchh Maal""? Not even mentioning the various barbs at Smriti Irani",0
After SSR'S death Rhea Chakraborty goes to Dino Morea's houseOne day she uses Zoya Akhtar's carAnother day a business ma…,0
हम आपके जैसे पॉजिटिव और beautiful people की शरण में हैं।,0
bhen k lode jaha mil gya na teri maa chod donga randi ka baccha,1
ये नया कश्मीर है यहां जितनी हिंसा हो चुकी है उतना ही प्यार देने को बेताब है यह जगह पढ़िएKashmir | JammuAndKashmir | Tourism,0
85 year old killed by Kamini didi and this nincompoop comparing Modi with Indira Emergency Chutiy ke gaon nahi hote gaon me hi Chutiy mil jate hai,1
es ki maa bahan bv randi hogi warna ye alfaz na kahta,1
Moti tu to chup hi baith itne blur photo dalti hai Konse jamane ka phone use karti hai kya malun Aur bolti hai mai trader hoo Isse acche photo to gaon me baitha chhotu 7k ke phone se nikalke upload karta hai,1
Arey haan gandu aur ye bills jo pass hue hai na usme sirf muslims ko suffer karte…,1
Choor sab jehl jaen gy beta tujh buht shooq hy post lagany ka tum ko ye mix deg buht delasa de rhi…,0
Teri maa ki choot mein imrankhanPTI ka lun,1
Manisha is mother of She is biggest fan of SidharthShukla sab bhai teri ma…,0
Lodu freedom of speech dekhna h Japan aur Singapore ho ke aa saara freedom gand mai ghus jayegaEurope tak mai social media pe restriction lag rhi h lekin tum logo ka randi rona khatm hi nhi hota Tere jaise China mai hi theek rahenge,1
राजगीर में काफी अच्छा काम हुआ है गया में भी काम चल रहा है और साफ सफाई की जरूरत है। नालंदा खंडार के पास मुख्य गेट के बाहर थोड़ा और सुंदरता की जरूरत है। हमारे टूरिस्ट डेस्टिनेशन को प्रमोट करने की जरूरत है ताकि विदेशी मुद्रा बिहार में आ सके।,0
dekhiye aaj raat 930 baje Sony Tv parRekhaOnIndianIdol khubsurat Rekha ji ke jalwe,0
City beautiful Chandigarh sector 38 West dumping ground ka hal सर चंडीगढ़ 38 वेस्ट में जो लोग रहती हैं उनमें से पता नहीं कितने को सांस की बीमारी होगी इस वक्त कितनी तकलीफ,0
Haan wahi yaad aa gaya ab Tum bhi khubsurat ho aisa lag raha mujhe,0
Thank you so much Guru ji for such a beautiful day मुझे आशीर्वाद डिजेए की आज का दिन अच्छा जाए और मैं अंजाने में भी किसी का दिल ना दुखाऊँ। पिताजी सेवा सिमरन और आप जी से प्यार की हिम्मत बख्श्ना। अब आ जाए गुरुजी सारी सृष्टि का उद्धार करने के लिए,0
sirf kisan k liye website nahi open hogi qki kahi aesa na ho anndaata dekhle kitna rate of inter…,0
Chhaa gy oo Thori body clear hoti to baki mst maal h,0
Good Afternoon Beautiful Uma ❣️जादू वो लफ़्ज़-लफ़्ज़ से करता चला गयाऔर हमने बात-बात में हर बात मान ली,0
No Use Builder Mafia Is Now Go*t Most Valuable FriendAap Bhi Real Estate Ka Kaam Karay 4 Guard Rakhey Qabzay Karay Plot Beechay Files Banwaye Maal Banaye Aur Guard Rakhey Aur Plots Pay Qabzay Karay Aur Files Banwaye Repeat Eat Sale Repeat Sleep,1
Kuch bhi bakwas kaha se laate ho itna chut¡y gyaanAur the word which was used in all o…,0
Very beautiful post Jai shree Krishna Subh sandhya ji,0
Munh bole rishte To tere hisab se agar muslaman esa kare tum logo k sath tab to randi rona shuru kar doge,1
Bhan choda tu koi changer ho bhan chod ksi randi ma da bacha tere kavari nu lun mara bhan yakha,1
Aditya Takrey Ko Chutya Bana K Salman Ne Murder Disha And SSR Ka Murder KarvayaAb Arbaz Salman Imtiaz Sooraj Ye…,1
Aise comment pe main teri itni gaand maar sakta tha ki maza aajata par mera dil nai maana qki…,1
jaise sana hai vese bhi nhi chye vo khali patli hue hai dieting karke unhe fit aur beautiful ladke chye ye sirf patli hai,0
My husband got the Moderna thru his work and had nothing but a sore arm His co-worker also had the Moderna (sore arm) his wife got the Pfizer and had a sore arm and a slight cold like symptoms for about day or 2,0
Apni Khubsurat Par Ghamand Mat Kar Pagli Kyonki Hum Wo Hai JoGhamand Jeb Mei Liya Ghumte Hain,0
Lakshmi aayi hai Lakshmi most beautiful ☺️,0
Mere to aap bhi gaali de rahe hai mujhe ke kamini ek hi Jagah Chen se reh le kabhi idhar kabhi udhar ucchal rahi hai bandar ki tarha,1
What a lame tweet by a paid yellow proved journo Where were u when Pakistan was going down in cotton production in previous governments Oh yeah previous government sent you for official Haj Sarkaari hajjan sali jaab dekho tao tao karti rehti hai,1
Jo reh gya piche Nishan Jo chut gyi halki si yaad Uska bas yahi kehna hai Ki hamari kismat me phirse milna hai DKPBeFairWithYRHPK,0
Two Very Interesting topics for discussion today • India's incursion into China• Q1 GDP Growth slumpWhat are news…,0
Sir Apki Mujhe Bhot jarurt hai mera number hai 8130937780 mai delhi se hu or mujhe or mere ghr walo ko…,0
Apni maa ki gand mai dal na bharwy gandu tm log bs fake account bna kr bten he chod sakty ho,1
Teri Maa ko kothe pe bithaa de usse Jo kamaai hogi wo pm care fund me de Dena isse Teri Maa ko maza…,1
Twitter par unknown logo kay saath lar kaisay laitay ho choti moti behas ho jae wo to samaj a jati poray kay poray group bna kar phadday chaltay yaha to,1
Abe gandu hathras m jb rape hua hi nhi h to tumhare ku jali pdi h,1
Matlab Aunty bhi khubsurat aur unki beti bhi ❤️❤️,1
bc kiya zabardast maal hain in randi ko porn industry main job di jaye jo har kisi say chudwa sakhti hain,1
जोधपुर जिले में आयोजित फिट एंड ग्लैम प्रतियोगिता के राजस्थान के फिनाले में नीलम चौधरी ने राज्यभर की करीब 750 के प्रतियोगियों को पछाड़ते हुए यह ताज अपने नाम किया है।,0
Na chain se jeene de giNa chain se marne de giAa chalo le chalein tumheTaaron k shehar mein♥️Dharti py ye dun…,0
Teri man ka chut bhosdi ke randi ki aulad Kashyap to maar khaega jhuthe se hamen hinduon ka khoon…,1
2010me pahle solo superhit with credit paya gandu genda aur Samj sakte ho kitna chota star ho,1
smitaparikh2 Usse bhi sabse hard punishment milni chahiye kisne right diya hai usse kuch bhi likhane ka …,0
apni ma chudvae bina maante thodi ho tum logdhun raha tha ki kisi gandu…,1
Desh ka GADDARModi GADDARWhy wasting tax payers obeyWhen anority of people below povertyNewParliamentCentra…,1
Sir CBI ka to strike rate hi sabse kam h SSR case me 2 mahine me kuch ni kiya unh…,0
Bhai ho apDecent ho humble ve bhutKhubsurat to wasey ve bhut ho apAllah khush rakhe♥️,0
Srigane16224271 Sandeep singh desh chor kar bhagana chahta hai Stop any culprits to leave india justic…,1
Yaar tm bong ke husan ka maj hi alag hi,0
Teri maa ki choot ka pani pila de Pandey ko,1
BJP IT cell and Right Wingers are idiots They keep on responding half heartedlyThey should own the narrative and stay ahead of the game Modi is self glorified he needs to learn from the Gandhis and others chup chaap maal dabao aloo ko sona banao,1
Aap toh kattar Hindu Sherni ho na,0
Abe chutiye tum to randi rona machate raho,1
i’m a manchester girl don’t hate methat girls next man wanna date mewanna take me…,0
Super stuff more power to you Ab bechara Kanwal kya karega remember that dialogue nanga nuchode…,0
"What the hell is this? Is it some kind of ""randi-khana dance party""?",1
Bilkul hi sahi kiya dost jesi karni vese hi bharni 1 gandi machali sali pure talab ko hi ganda kar deti hai,1
Jo sub kuch Teri maa kae sath kro os sub ka script likho ga you don’t worry chutiye insaan,1
CBI Ke Saamne MUMBAI POLICE Ki Peshi l via YouTube justiceforSushanthSinghRajput NRIsforSSR,0
Teri maa ka bhosda also not goodBhan kai bhdwe bhikari ku paida hua tu sameer taklu,1
Ek do specific evidence ki pics to share Kar Dekhe Kya evidence hai Waise tu kahe ho him usko…,0
Duniya ka sabse chutiya dalla hai Tu saale kutte ke pille hijde Teri maa ki c T,1
Ap Khubsurat bhi hain pyari bhi samajh lagi ka samjhao,0
Randi tjhay kitni dafaa manaa kia hai maa chudwaanay mat aaya kar,1
उत्तराखंड के  मैदानी इलाकों में गर्मी की तपिश बढ़ने पर अब पर्यटक हिमाच्छादित पर्यटन स्थलों का रुख करने लगे हैं। Uttarakhand Snowfall,0
Arnab sher hai ees dalal bhadve commissioner ko nanga karna jaroori hai Shame on Mumbai police commissioner,1
Or teri maa ka bnda b lg ra tha Haramzado kuch haya krlo,1
Jab aisa libas pehno gi to ghair mehfoz to ho gi Ap log bhi coch sharam kro Islam k mutabiq chalo,0
Hence established that the virus originated in China and should be labelled Chinese virus Other investigations can simultaneously carry on to find the human transmission link Saala ek hafta tikta nahi inka baaki maal per yeh kya bawaasir faila rakha hai,1
Aur jin states m ye jitatey h waha inka Randi rona jashn m badal jata h,0
AmantullahKhan bahen chod sun Mera jo ukhad skta h ukhad madarchod Hindu hi raja kr rhe h aur karenge madarchod,1
slut ko urdu main yehi boltay heinab ya tau aurat march kay naron ko dekhein ya phir apni urdu zubaan ko,0
Ye sirf khubsurat si shayeri hi hai aapki bulki jaadugari hai,0
khubsurat ap or maghroor hum wah kher mny to sirf ik he dekha hy wo bilkul sach hy,0
Allah Will Give U JannatPeople Cannot Give U JannatAllah Saw All Ur KhidmatAllah is Enough For A MominNa Maal O DolatNa Kishwer KushaiMomin Sirf Allah K Lye Jeeta Marta Hai,0
Kya baat hai Bhabhi Ji Hume garam karke bhaiya ko thanda kar deti ho Sarsar anyaye hai bhabhi Badi jalim ho tum,1
Y half pic hai pura pic bhejti hu tumko aur bhi beautiful hai,0
no obvio ik some fucing players who are way bettter than him they have 6 k and 5 kd…,0
Qurbatein laakh khubsurat hoDuriyon mein bhi dilkashi hain abhi,0
To tab vo congress ka joota chaat rhi thi aur aaj bjp ka joota chaat rhi hai Kuch khas farak nhi aaya iss kamini mein Tab bhi kutiya thi aur aaj bhi kutiya hi hai,1
"Ameeron ki masiyan Bhi khubsurat hain Hamari masi ""aurda ka laurda dega"" wali aunty ki copy h",0
Konsa maal fukte ho bhai??Even I don't like Abhinav but you can't change the fact that marjaneya &gt;&gt;&gt;&gt; tera suitCheck the release date of both songs and then compare views,1
KiranKher is a beautiful soul humesa bebak bolti sahi ho galat unhone humesa sach ka sath diya hai bholenath se prarthana hai woh jald se jald swasth ho mahadev unke sath hai sabhi ka pyar hai unke sath,0
Ek campaign chalo tab government sune gi ek sath jeseSSC walo ne chalya tha,0
Pragya ji aap ne rishikesh me kis cottage stay kiya tha jagh beautiful thi bataye,0
Teri ma ka bhosada to muslim ladki rehna chahiye thi na hindu k ghr me isme kya problm tha re randi k bachhe,1
Teri maa Ka chodoo tha pooch apni maa say all of three hole were filled with my lora,1
Aare buddhe jokar sharam kar le thoda jo sach ka sath nahi dete jo Nashedi ganjedi criminal ko shobha nahi de…,0
Beta कंप्लेन tu peeke Bada huwa hoga kyon ki Teri Amma to…,0
idk why whenever I see chipkali very closely ajeeb si sensation hoti hai body mein idk but weird thing,0
Gandu tere baap ka hy kya twiiter my kahi bhi aau tere baap ka ly jarha…,1
Beautiful yaar sach baat hai yehBhut kam log hote hai jinko ek saath khushiya milti hai ❤,0
I SUPPO ISKO PLEASE KARLO ADD MERI JAAN CHUT JAYEGI please bol inko,0
Riya chokroboty ko nanga kar dia in news walo na ab jab khudpa ilzaam lga to bol rha court ma prove kro kya hua…,0
Min age for being a MLA in India is 25 years Kaun sa maal fooka hai Mrs Vadra,1
Tu kitni bhi koshish karle tere level pe me nahi aane wal…,0
Kyo 70 saal tum logo ne desh ko lut liya bhadva giri randi giri ki thuuuuuuu se saalo tum jaise logo par,1
Ja tu beta ab likta rahe block toh kr diya hoon tujhe randi ke aulad teri behen ke sath kl rat maza a gaya,1
itna khubsurat chahra ye glow kaha se laati ho ye natural beauty hai ya khane me dove or vivel khati ho,0
Inko Yemen se lekar aayeSyria se utha k lekar aayeAur ye jakar Shahi Bhag me baith gayeDelhi me riots kiye Com hi kamini hai,1
Bro Tension jab haavi hone laga toh meditation krra kro aur phir bhi kam na ho toh kafi Beautiful location pe ghuumne chale jao friends ke saath but aise haar na mana kro,0
Teri behen ko bol de ki chut ki photo mat bhej moood offf ho gya bsdiwala yesi gandi chut dekh kar,1
monke vs chipkali is my type of movie no plot only fight reminded me of transformers and tarzan in a way,0
I‘ve been down bad since Monday &amp; it was just my 1st dose worse than when i had covid stg,0
Hehe just followed u I’ve been seeing ur name in kamini’s comments section tapi maluew nak follow tiberr,0
Jay Ho ki jinhone FM Gold ko Khubsurat Roop Diya Tha Jay Ho ine Logon ki jinhone iska Roop Badal Diya,0
[Update] Deepika Padukone to resume Shakun Batra's next in Goa today (Source Times Of India),0
कैसे हर बार बला की खूबसूरत लगती है वीडियो शेयर कर बताया राज,0
4 u it's abt who is good with u thn y r u talking abt ideology Idlgy samaj…,0
Abe gandu tera bhi time aaega murder hai ye fact hai conspiracy nai sale budhe,1
Mujhe tumse pyaar haiHad se zyada Had se paar haiGood night beautiful human,0
Aby chu teri khud ki identity reveal karni ki aukaat nahi hai aur tu chla hai bhaukne…,1
This is looking so beautiful saath saath Panchi aur Dil Shukriyaa,0
Yer bio Gandu Hai Us Sa bat Mat Karo HM Bantai Ki Public Hai,1
Protest sirf poor karte hein galat garib protest kar hi nahin patta kamini BJP,1
इस में खुशी की बात क्या हैं उस पिक्चर में ना तो आपकी एक्टिंग अच्छी थी और ना ही आपका कोई बड़ा रॉल था But u'r beautiful,0
so beautiful photo mam Dil Karta hai hai tumhe dekhta Rahu,0
account is temporarily unavailable because it violates the Twitter Media Policy Learn more,0
My husband got the J&amp;J which is 2 shots in 1 The day after him and a few coworkers had side effects Extreme nausea hot&amp;cold but it cleared up after a day The j&amp;j is only 1 shot where the others you receive 2,0
My grandmama and I got the Moderna and had no side effects at all But I did a whole lot of research to see which one would work better for her My bestie and her husband got Pfizer He had no effects at all and all she got was Covid Arm So both are great Reactions differ ‍♂️,0
Election Commission ko to deti hai Bhar Bhar kar Har Election ke Pahale Galat Slut Affidavit Aur Yahan Ke Sudhh Bharatiye Sanatani Hindu apni Bhabhi Mummy Aunt Bahuraani ko Godi mein Baitha kar Man Bhar kar Truti frooti Hinglish Gaaliyan sunate hain Hansate Maaf karate huye,1
Beta teri maa ki gaand me bamboo daalkar muh se nikal dunga,1
89-91 me Mumbai me Tera baap rangoli nikal ra tha bdway?G me Dum nahi hota hai to start kyu kiya 89 me bdway giri Maharashtra me?Fir gand p Lat mara to randi rona chalu kar deto ho tum logPakistan diya haina waha jao na g marao,1
ye delhi police walo ki jathiwad mashikta ka praman hai jo sarkar ke d…,0
Ek taraf kashmir ka randi rona aur doosri taraf logon ko hi Randi bana dena,1
Kaha ho India Today wale bharwe niklo tv pe aao apna nanga rup dekho,1
Kah Ke Lenge No Mercy No More Nepotism if you want to survive in India you have to remove AamirKhan &amp; Al…,1
"This is for everyoneBE IT B'WOOD or ANYONE IN LIFE‼️Just remember a line from a song of Sushant's film DRIVE ;"" KARMA BADI KAMINI HAI ""Rest people r intelligent enoughPEACE OUT ☮️Bullyweed Died On 14 June",0
Enaa tasveeran noun apni maa day phudday wich baith kay parrh o kisi randi maa day na jaiz bachay imran kham day lan tay charrhda aaain menoun dass teri maa bhen dsy phuddsy wichoun kerrra mukawaaan dali da bacha,1
Rahul gadhi ke karan ola hi uber madam,0
Nasib Mein Kuch Rishte Adhure Hi Likhe Hote Hai Lekin Unki YaadeinBohot Khubsurat Hoti Hai ❤,0
KanganaTeam Koi kuchh kahe but Mai aapki sukragujar hu aur tahedil se apki sarahna krti hunhi to itne bihar ke ka…,0
Tere baap ka dekh Teri maa ne Kis se Kya tha tu hua h chukla Tera baap,1
Kisi ne mujh se kaha Beautiful likh doMaine likh diya,0
Gulab ke fool ko bhi dekhne ki fursat nahi haiGulab se bhi khubsurat chehra ankhon mein samaya hua hai ❤️,0
WHORE KOI NAHI BOLEGA SHAW KO WO HOE HAI,0
Eak kanjei hi aesay boll sakti hai tum eak namwar randi ho india jakay aapnay jism ki numaiesh karo aur aapna galazat say bhara wajod dafa karo,1
"Everytime i try to type ""who are"" in shortI type whor and that ""who're"" suggestion don't come upAnd then i real…",0
Who all were / are using digilocker? Gaya maal,1
Teri maa ka bada sa bhosda hPar soch Teri bhosde se bhi choti h madarchodoUnki film vo laxmi rkhe ya tambe Te…,1
Shardul Thakur bhi jita detam agr single deta ye gandu bhi jadeja bhi jita leta aate hue 850 chale gye,1
Ajab si hai Teri yeh baatein Na Khushi hai Naahi ghamNa prem hai aur na nafarat thiKaise kahe ki tumhari har ek lavs Dil Ka hota haiAur jo kehte ho Woh Dil ki baat kehte ho BepanahPyaar Shayari beautiful hindipoetry TwitterSpaces twitterpost,0
Rubina ne sahi nanga kiya BB ko aa gaya line par kabhi pehla kisi season aise bola hai nahi BB14,1
Beautiful hamra biyah ka koi chanse hai tumhare saath,0
"Tributes to actor/director/writer of Hindi/Bengali cinema/theater ""Dhurandhar Bhatwdekar"" UtpalDutt ji on birth anniversary With AmolPalekar (Naram Garam)BindiyaGoswami (Gol Maal)AshokKumar AKHangal (Shaukeen)",0
Ye to sanskaro ki kami aurgaltiyo ko badhawa dene ka asar lagta haijitna doshi wo ladki hai…,0
Tere jaisa mangnewalo main se nehi hoon jo mera boss rehgakhud hi khud ka boss hu be bhosdiketere jaisa dusro ki under main kaam karnewala chuthiya nehi hoon,1
Han ye bc kutta bhonkta hua hi sahi hai banki sab gandu hai na ? Lodu,1
Lol virat is promoting Lenovo IQOO which are both Chinese products He is getting more money than MSD,0
Mekko nhi dikhi Mein apne busy hmmKamini no Hi dede apnaCigarette 5 sec k liye de bese bhi nhi le rahi,1
Gud eveng makkaleeeI am Abirami Sundari Kalimuthu❤️I am a freelance writer I have an insta page pratilipi &amp; wattpad in which I post my poetries and writeupsI put those links below in my 1st comment Pls do support share and retweet to reach many people,0
Ek Mohabbat To Kayi Bar Bhi Ho Skti Hai Ek Hi Shaks Kayi Baar Nahi Ho Sakta Jise Puche Tere Bare Me Yahi Khata HaiKhubsurat Hai Wafadar Nahi Ho Skta Hai,0
Sherni itni khubsurat hoti hai pahli bar dekha mene Sachhi You Looking So Much beautiful Saree me aap gajab ki Khubsurat Lagti ho ❤,0
Sasti randi kay bachay muu dikhanay kay qabeel nahi tu apni gashti maa ke kartoto ke waja say bhanay tarey chosay laga laga kay tujhay package karnay kay leya pasay dati han phr tu Twitter pay ata han,1
अच्छे लोगों को अपनी अच्छाई का सबूत देने की जरूरत नहीं पड़ती।नज़र अंदाज़ जितना करोनज़र उन्हीं पे ही पड़ती हैBeautiful ❤️,0
Can u tell me who install the camera therepublic ko kitna chuthiya banaoge bhai,1
Hindu randi ki aulad Teri Sita maata aur Bharat maata ki grand mein Chinese LUND,1
Apni maa ki chut me dekh jake kya pata tujhe gorila mil jaye madarchod be…,1
fake symphaty taker h bhot nautanki sali,1
Ab pata chala target hona kesa lagta h 4 mahino se tum logo ne nanga nach laga rakha tha salo ab tu…,0
Hamare gharo my khane k liye kuch ho ya na ho lekin Ak-47 zaroor hoga beautiful video,0
Kch loog twitter py srf randi rona krny atty hainI'm kch laoog,0
Jo pic ap ny share ki ha in k hisab sy tu ye medicine sasti hui ha Ab ma ap ko…,0
Kitna bhi nanga naach karloComments me log kya keh rahe haiMost of tumhe hi galliya de rahe hai,1
now that everyone is talking about the looking like a punjabi thing omfg yes i get that a lot too bhai this one bitch literally asked me why’d i cut my hair short thAts nOt ReaLLy pUnjAbi oF me okay abhi butter chicken khaake bhangra karti hu to make up for it okay? chup gadhi,0
Beautifulmeine bhi abhi change kia par like hi nahi karta,0
“It’s a phase” “how can you like girls and boys” “do you like girls or boys more” “I don’t understand god m…,0
""" ' ""Woo tumhaari soch gandi hai Isi liye tumhe woo randi lgti hai",1
aur uska dalla suar allah rand ka pilla sade bhosde ka kaise poore mecca ki gu ek baar mai kha jata tha…,1
Ye kaise Punjabi school wale insult bol raha hai? Tu ye sab se offend ho jaata hai kya jo dusro ko b…,0
Sonudiii ye bezzati tune hi karvai he kamini,1
Aaj kaafi beautiful lag re ho mam aap,0
"Forget about another oneBut tweet have one agenda for sure ""BJP bachaao agenda""Btw How it is not about cast…",0
bhodski indian randi kee ulaaad nikal yahan saay kutay kaay bilay apni language theek ker warna hum pakistani wahan saai martay hain jahan tou soch bhe nahi sakta,1
Very beautiful post Subh sandhya Jai shree Krishna,0
Lekin tum solar energy wala feku ji ka dick loolipop ki tarah mu me le ke chuste rahna Waise marketing field me is kala ko packaging bolte hai andar maal kaisa bhi hi wrapping gajab honi chahiye,1
Arre chootad jasi shakal waale pilpile balrampur k rapists Muslim Ha…,1
Mausam to sharaab khud hi bana deta hai,0
Yr america nh hai jhandu or isi EVM se rajsthan Mp punjab me bhi vote hue hai randi rona bnd kro,1
When will rhea bitch arrested bahuth khel kel liya bahuthoko ullu banaya dayan rhea plzzz now arrest tht bitch vishkan…,1
Abe mc teri maa ki jai bc kuch samajh me bhi aata hai tujhe sana ka bhai hai tu,1
Teri maa ka bhosra CN teri bhi maa chudy gi randi ki nasal,1
Greetings from ISKCONHabibpurToday's Special Darshans of Sri Sri Radha Madhav Jagannath Baladev Subhadra Gaura-Nitai and Srila PrabhupadaHare Krishna 1/4/2021New beautiful Darshan Prabhupada125 essenceofvedas thursdayvibes SanatanDharma aprilwish,0
Sonakshi sinha ki akria film bahut khubsurat soch pe write ki gyi hai salute hai writer or all team akira film,0
Hayee isse jyada khubsurat koi hoi nahi sakta MashaAllah,0
hahhahaha titi tu ne trend ha many tu 40 sa oper ka hona hi ne main moti ho jaoungi huh,0
Ptani yar kya chahti hai Flop account hai attention ghr pe vaise ni milti randi rona karegi hi yaha aakr aur kya,1
Bhosdikeeeeharamkhor ke bacheteri maa ka bhosraaa fadaa kya Sid ne Jo yaha ultiyaa kar raha he…,1
Coming up in about 30 mins You don’t wanna miss this one Open letter to Randi Erickson Plus we dive into the E Clause &amp; Neely Bl via,1
मैथी से स्तन बढ़ाने के उपाय और टिप्स | Fenugreek for Breast Enlargement via,0
Madhar chod sentup exam ka date postponed kyo kiya hai re Teri maa ko kutte ne choda hai ka? Beti ch…,1
Laal phool gulaab phool shahrukh bhaiya beautiful AskSRK,1
Chup teri ammi ka bhosda teri ka dekh randi k …,1
Teri ma ki chut namak haram Baht sahi hai Tera bacha tere ko chappal marega kawa sala,1
Even God knws u prayin for chaplusi to save urselfcoz u also knw God won't spare u anymorU killed…,0
Haa aur bhi bolo piche ka ocean bhi beautiful hai,0
BoycottKangana chutiye tu gandi politics khelega or puchta hai problem kya hai? Sali agar teri maa ka…,1
Teri maa ko chod raha tha isiliye reply nai kar saka ab bol re raand ka bachcha,1
OMG this was so unexpected Jab useless gclan kartik se chipkali ke baare mein puchte the tab usne kaha ke he doesn’t care what people think Lekin baat jab sirat ke aaye tab he agreed She has to be Naira,0
murder hoya c na so apa kahnu aeda de bande magar lagna Aa kahnu Maade maade te uh reh gye jinna police ne kuttiya delhi red fort te jinna jail hoyi aah janab te bhaj aaye leader agge khad k larda Daurda thodi,1
Teri ma ke bur me hathi ke lauvda dal k itna pelnge ki gaar me se nikal jayga or teri…,1
*submits work at 5am Boss MOGANASUNDARI WHY ARE YOU NOT ASLEEP AT 5am,0
Kairav bhi dehkliya waaah ab aur Maza aayenge I so wanted him to know about us kamini,0
Jealous souls inki idol ka muhh adhe mardo jaesa hai na isliye beautiful Rashami ki pic laga rakhi hai shehnaaz ki pic lagane layak nahi hoti na samjh nahi ataa aurat hai ya mard,0
Safar Khubsurat hai Manzil se bhi ❣️️Naamkarann AvNeil AdiZa AditiRathore ZainImam,0
Jab koi Indian women saree me hote toh usase jyda beautiful is duniya me kuch v nhi hota,0
I rarely swear on twitter but I feel like I have get this outSaala narendra modi itna bada narcissistic chuthiya hai ki saale ne jeete ji ek stadium ka naam apne naam pe rakh diya hai Aise narcissistic chuthiyo se kya hi gareebo ke prati sympathy ki umeed ki jaa skti hai,1
Beautifulयूँ ही नहीं मिलती राही को मंजिल एक जुनून सा दिल में जगाना होता है पूंछा चिड़िया से… कैसे बना आश्यिाना? बोली- भरनी पड़ती है उड़ान बार-बार तिनका-तिनका उठाना होता है,0
Haramkhor ho tum chutiya kamina madari wo nhi h tum sab ho kutta ho tum sab harami insan ho,1
Kis khusi me kha raha hai teri maa ka halala kar ke gaya hai kya mulaviOla hu uber,1
Madarchod randi tere baap ne bheji thi trail vaccine Chutiya na bana awam ko randi ki nasal,1
RashamiDesai2 beautiful and graceful girls k sath teesri bhains kun dal diMood kharab ho gaya sara,0
woh saik aag ka nahi balke teri maa k p*udday ka hai jo beqabu hota jaa rha,1
Teri maa ki chud Randi ki aulaad,1
Khubsurat ho phir pahe din sab ajate hain bas khubsurat and girls ho,0
DMKs parent body DK is encouraging women to remove mangalsutra but Veeramani's wife and Stalin's wives can wear it ?What a logic sir ji ? Aapna maal sandoop mein daalDoosron ka maal ****,1
jab ek gadhi fly kar sakti h to ye bhi ho hi sakta h,0
teri kaun se bahan ya maa ka balatkar kiya Pak Army ne name bata,1
Ye follow karna kia hota mean ap agy chalo gi aur hm ap ke peachy chly wo,0
Luv you Arnab sab dogale pareshan hai Arnab bahut band bajai hai aapne ye toh wo karte hi …,0
will never get tired to entertain EVERY person involved in the group That's the tweet Sali na kayo hahahaha solid dito,0
Mai aur mera bhai itna gali diye hai uske aaj sab bas yhi bol rhe usko mat bhejo fir bhi usi ko…,0
Koi aise khubsurat logo se space lene ki kaise soch sakega,0
Moti ji ne kiya hai toh kuch soch samajh ke hi kiya hoga Bhakton jashn manao Achche Din aa gaya hai,0
bath apni nazar ki hothe hai baswarna sab human khubsurat hothay hai,0
Jai sri ram Kashmir Thandda ho gaya Bangal KO COOLnahi karogge offsVardo kone kone galigalisali wbp guskhor hai hum ek hi cheez manta hai HM ji SHANTI SHANTISHANTIRAM RAM RAM,1
OnlySidNaazFandomKnows that sidharth recent call list is full of his moti's number,0
Khan ko kaisay char deewari mein samjaya jai? Ap randi rona ka matlab jantay hain?,0
I tried this when I was in 10thMt krnaPeeche ki galiyo m bula k I love you bola tha Maine sali ne meri hone wali sali se pitwaya thaApni didi ko bula di thiMai ro rokar sirf do hi cheeje bol rha tha April fool bna rha tha yaar please ghar m mt btana,0
Actor toh ek hi hai aajkal vesh badal kr chal rahe hai Snow White shayad satyagraha krne k liye kam aayega Kya pata nalla se gad nikle phirse badal hai barish ho rahi hai jaa payenge ki nahi par Ek benefit hai cloud mein buddhu,1
Beta Canada Kumar dekh le kaisie hone waali hai teri haalat nanga karwakew chodenge…,1
Hum itne Khubsurat toh nhi hainLekin haan jise aankh barh ke dekh le Usee uljhan main dal dete hain,0
Chalo bhaee girls now wait for this naik larka to grow up in 25 years tab tak iss ki tarbiyat ho hi Jaye gi,0
Maine bahut kuch bola tu hi copy kar rahi hai woh bhi mere tweets ki gadhi gawar lol,1
Maa app akali kyo gayi Mujhe sath le jati,0
First Ranbir is a known addict deepikas maal chats r public knowledge but bhai delusion ka koi ilaj nahi hai 2 successful is not equal to deserving 3 SSR's family is well educated and smartand am sure his own IQ was more than ranbir aloo and paducokes put together,1
Dia Mirza ने बनारसी साड़ी में अपनी अदाओं से फैंस का दिल धड़कायाDiaMirza Beautiful Bollywood Actress Photos,0
Chutiyo ki kami nhi hai wese bhiyeh toh kamini bola reply krne ko isliyekhair ignore hi krta isko,1
Teri maa ka bsda lodu tuje sab pata hai to kuch karta kyu nh…,1
To boycott karo na hutiyo boycott ka matlab na dekhna ye Dislikes…,0
Bachgaye tum bhai ye 1000 deke add hote fir isse zyada investment karke ha…,0
Chuthiya gobar aalo factory was told by modi n rest of India is mocking him you guys are uneducated pl leave India to save India you guys are too idiotic,1
Moti betrayed his Wife and his Country for how much???Kerala LDF UDF CPM RahulGandhi NarendraModi,1
"Mam""Dekho kitna khubsurat sa tissue nazr aa rha hai""Mam jee hme bs nazr e aa rha hai aapki awaaz nahi aa ri or na hi smjh aa rhi hai Ajeeeeebb",0
Still she could have managed it with lesser margin giving 5 days in a crucial election season that too far a single seat will have negative impact on her prospects PK free ka maal le ke nikal lega absolutely bad strategy to invest super brand &amp; get stuck,1
shekharsuman7 rajiv24x6 Sir as a WarriorsForSSR u have energized the battle of justiceforSushanthSinghRajput …,0
very beautiful गुड़िया बिलकुल राजकुमारी लग रही है,0
my mind is so thickmoti buddhi hai meriNow I understoodToshi jiSeema ki mom hainhave a good dayBritania good day,0
Nahi tu bol raha hai naa sach hai Main udhar hi thaAurr maine hi dekha…,0
Mulla Inka randi rona har jagah hai kafiro ka Rato ko bachha paida karo and din me kafi ban jao ye duniya me ek dabba hai kafiro,1
You are chubby aise hi bolde bc ki moti hai,1
Oye randi k bachy tu hai kidhar Ek baap ka hai tou location send kr Gandu nasal tu mil madarchod,1
Aur Jab Elections Aate Hain Tab Aapke Randi Rone Bhi Shuru Ho Jaate Hain ☺️,0
kion teri ammi ki phuudi nai hai acha tau tau ga…,0
Beautiful Mangal Aarti Darshan of Shri Radha Vrindavan Chandra +91-7066727666 / +91-9284826810damodardas damodardasji harekrishna krishna krishnaconsciousness motivation nagpur radhakrishna spiritual shrimadhusudanbapuji radhagopinath,0
Aaj wo log April fool mana rahe hai jo har din sabko chuthiya banate aa rahe hai ‍♀️‍♀️,0
tujhe bed pe tang ke pehle toh belt se teri mulli gaand ko garam krunga phir teri sukhi Gaand me lun…,1
TELL US ABOUT YOURSELF 1 Parchi2 Single3 Kaafi saare haiii4 29365 Yourube6 D7 School8 Indian9 210 011 Maths chipkali12 201913 Food14 Cool DROP AN EMOJI I'LL SEND YOU THE QUESTIONS ),0
Kuch galat Kiya tumne kisi ke sathZindagi se itna khafa mat hoYe sabko nhi milti haiGaltiyaan sab karte hai koi perfect nhi hota Agar kuch bura hua use bhool Kar aage badho Life is beautiful don't waste it in crying over past,0
Pehle bata teri maa pe kitne pakistani mulle chade the kam se kam 1 dozen toh chade ho…,1
Yeh phone laptop jisse mohobaat thi unse nafrat ho gyi hai khubsurat bhut hai ye lekin dil lagane ke Kabil nhi reopendu reopendelhiuniversity,0
Morning me bhi kuch hota hai ya nahi Bhabhi ya sirf night me hota hai aapko,0
I think govt shd give subsidy for their sutta sasta maal phokte hai,1
Aaj waqayee téeri bataon say maloom ho gaya hai kay tumara poora qabeela hi ghashtiyo par hai chut ki or gand ki kamayee kaho gay to phir sub kuch free to hoga kisi chowk me chudwanay wali kutti randi kay bachy,1
Glt kaha bina make-up wali se ishq to door ki bat hai dosti b nhi hoti ishq unhi se hota hai jo beiteha khubsurat ho or wahi fir ishq me nikamma kr deti hai,1
Full on gyan baji ho rhi hai whtsp status me meri buslim ex gf ki sister dwara maine jb ye meme apne status me chipkaya to wo mujhe block krke bhag gyi।। Gf to gyi hi thi sali v chali gyi,0
Tudgeh kuttiya banna Kar sarkon pe ghaaset ghaseet Lun donga main,1
Are bhadve halale ki paidaish apna to dekh gandu,1
Abay mother-chod tu ghar may ani ki chodwai kar rha hai or yaha online classes hamary chodai kar rahe hai Ma k loray kuch sharam nam ki chez hai tum may ? Wisay sharam agar piso py mlte na to Mai apna gorda bach kar tmhary lye hareed leta Kaminy ma_k_loray,1
Kuch Indians mujhey kehte hain tum hum Indians ko anti Muslim zeher pilaate hoBhai jo zeher phelaa rahe hain main unko…,0
HOLI HAI candidshot candid Holi Holi2021 beautiful rishikjr riship05 trending model,0
Teri maa ki chut mein release karta sayed kyonki theatres toh band they,1
OnlySidNaazFandomKnows SidNaaz have not kissed hugged or met since 39 days 557 weeks 936 hrs &amp; 56160 mins Gadhi missing her Kullu very badly,0
Anything like that will completely destroy Hindu Dharma Hindu Temples will become the labs for 'social justice' experiments by the Hindu socio-political orgsWe have already observed the mainstream Hindu attitude when the Court banned Pashu Bali at Tripur Sundari,0
saala mera maal mereko hi bechta hai,1
Aap har bar RSS ka hi virodh karate he koi aatankvadi sangathanka virodh karate gadhi parivarko nahi suna esha kyu,0
arey 6ka navjot singh ji kya hum apka Pakistan baana de kya,1
JiahKhanJustice This year IPL dubai me haikya hai India or Dubai linkachhe achhe log ka death ho raha haiMumbai…,0
Bhasobhani umkhaba zintokazi Beautiful girls or ladies that SA has but umkhaba,0
U na publicly PELA KARO Arnab Goswami Rand or bhand media ko nanga kar diya ‍♀️,1
ha ha ha r public nanga ho gya bohat badhiya post kiya,0
Parajay sunishchit hai A b evm ka randi rona shuru,1
Looking beautiful Nice smile Keep it up Always pleasant moodमारवाडी का घरा म सीतला सप्तमी का चार पांच दीना पहलो सु चर्चा चालू वेजाव की ठंडो कदे बनावनो एंड कदे कसया☺,0
randi baj jiski lode jesi shakal hai kal raat meine teri maa ko chod diya,1
Ye duniya gol h madam Kabhi Kabhi jindagi me waise insaan bhi mil jaate Jise paake jindagi khubsurat ho jati h,0
Ghar me bhi dhoop lg rha hai,0
Reha Chakravarti school time se hi badi wali gold digger rahi hai army ladko se paise ke liye dosti krti thi koi u…,1
आज के दिन की सबसे सुन्दर पिक्चर so beautiful,0
Episode Twenty-Two A Neo-Maxi Zoomdweebie is officially here “The Breakfast Club” is such a classic wonderful film Watch it now on Peacock TV if you haven’t already Listen to Randi &amp; Lindsey talk about “The Breakfast Club” now via the links below Don’t you forget about it,0
Batlu jee khuda k vaasta hum bachoo k Armaan p 4ka 6ka n lagao,1
ExamsCancelHoga Ye sab kise Randi khane seAye hai kuti k bache,1
Sab gandu jo bol rahe hai nahi dekhenge bsdk sab ke sab aankh me coconut oil daal ke dekhenge mark…,1
yaar randi rona band kro aur parhai kro jaa k,1
Dm ka option tera bapp on kry ga ya teri maa,1
Abe bhosdike pure gaau ke chude huve beejPuri zindagi gulf country me gaand marwate ho aur idhar biwi bachche paida karti he use allah ki den bolte ho randi ki auladbachche kaise paida huve woh check karo pehle madarchodoapni hi bahen chodte ho bhosriko,1
Bhai phadphada to tu raha hai jaise teri maa ki muh me kisi ne lu*d daal diya hoTe…,1
Teri Maa Sara toh Show mai dikhti bhi nhi thiKal ka Episode dekh ke Prove bhi hogaya ki Episode ma…,0
o rahan karo koi chut dila do bangalore me,0
लेटेस्ट वीडियो में अक्षरा सिंह का दिखा बेहद ही खूबसूरत अंदाज फैंस हुए फिदा Entertainment AksharaSingh,0
SSR wale kya hi chuthiya hote hai din bhar rr krte phirte hai,0
Likh sakti hoo likh doo alishu dm Bhi kar sakti hoo number apna tum itni beautiful girl saa baat kar luga ma bhi,0
Shukla ji reply or Morning waise hi good hogyi,0
Aap bhut hi khubsurat lag rnhi hain,0
Maryam ki jaan Leva beemaariyon per Randi rona shuru kernay ki tayyari kerlo 2 kauri k beghairaton,1
Abe gandu paal ghar me teri maa ka rape hua tha kya gandu dalal saale chutiya,1
ShameOnMahaGovtInjustice ka aisa nanga naach zindgi me pehli bar dekha hDidnt trace murderer of ssrSpoiled all…,0
Abe suvvar ye tho janvar se karrahe hain teri maa behan se nahi nasale tum log 8 10 sa…,0
Teri maa Ka yar ha Chor k bachy TM ko nai pta k wo such keh rah ha TM b un k gulam ho,1
Kya pata ab khubsurat logo ko nazar lagte hi rehti hai,0
Ha tu to sach me kamini hi hai yar Par kal jo DM me huwa na usase to,0
Aap 69 m maja lo aur maja aaye ga,1
har boys ki ek kamjori jarur hoti hai wo khubsurat girls par fida jarur ho jate hain chey wo riyal me dekhte hain kisi girls ko ghmte tahlte huye ya kisi khubsurat girls ki pic hi ho par unka man bilkul pak saaf hota hai aur dil se ek hi awaz aati hai kash ye meri hoti,0
शार्दुल ठाकुर और टी नटराजन के बाद इस क्रिकेटर को मिली चमचमाती Thar MohammedSiraj AnandMahindra thar,0
Arminia Azarbaijan war ne sabko nanga krdya he khaskar kattarpantion ki poll kholdi heSaare desh apne fayede ki…,0
Teri Zuban Teri Maa ka pata batati hai k kis kis se lagta k tum ko nikaanla hai is randi ne,1
Tumlog kuttiya ka rape krte ho wo nhi bataoge puri duniya m sabse jaida rape aur murder koi kiya h wo muslim hi h,1
Kab tak yu Jalim pana karti rahogi aap Bhabhi Ji Devaro ka khayal rakhogi toh bade kaam aayenge tumhare woh,0
चंद्रमुखी juigadkari jui marathiactors yellow beautiful bts photoshoot nature marathimulgi marathi marathicelebs fillamwala,0
Wait I can teach you a bit of Hindi- ‘Kamina/Kamini’ means ‘Good boy/girl’ ‘Bhenchod’ means ‘You’re pretty’ and ‘Madarchod’ means ‘Adorable’,1
Meri pasand ka 1 Kalam sunawa dijya Kab-e-Ronaq kab-e-ka Manzer please Sabhi Bhai ki khubsurat awaz m please,0
Tera baap chod key gya ya teri maaTax payers ka sara peisa khA ker apni mmchuAta yanha,1
Zindagi Chahe Kitni Hi Khubsurat Kyun Na HoZindagi Ko Bhi Aakhir Mout Aa jaati Hai,0
Sir mujhey or mere bacho ko Thar bahut pasand ayi mera chota beta 8 sal ka hai woh to jb bhi Thar ko dekhta hai or mujhey kehta hai ki is ko dekh kr mujhey kuch hota hai hum kb le gey mere pass kuch jwab nhi hota But its Beautiful Thar,0
Are nahi hai koi achi ladki ho to batana khubsurat nahi dil ki achi honi chahiye,0
Sach hai Aur kitni khubsurat hoti thi gane,0
Smwhere I read Goh chipkali nhitribal community ka naam hJo qile k around hi rahte thejinhe deewar or khadi chattano pe chadhna ata tha Bada hi confusion h,0
Tu hi hai meri Kamini mere best dost yaha ❤️,1
Arey bitiya teri maa se puch jaake bataegi maulvi aay they halala ke liye tujhe jam jam ka paani deke gaye hai,1
Nawaz sharif ny foj adalya or NAB ko khoob ragra hy or media ny live b dhikaya hy chalo ab apki meha…,0
Greetings from ISKCONHabibpurToday's Special Darshans of Sri Sri Radha Madhav Jagannath Baladev Subhadra Gaura-Nitai and Srila PrabhupadaHare Krishna5/4/2021New beautiful Darshan Acharya Prabhupada125 SanatanDharma April GodMorningMonday mondaythoughts,0
To fir Thik hai Kolkata se dhund dungaKhubsurat si bhabiJo tumhe ghud me ghumay geAWAITING RADHE TRAILER,1
Yar secret msgs mn gaali deny waly teri maa ka bhosda yaar samny ao ab mn bore ho rha teri niki ko wada maarun,1
Tu kya teri maa ki gaand se paida hua hai kya be ganduor tumhara Desh Pakistan h…,1
Kon kona kona phota postKare chhe bhagvan janePan chhe beautiful best,0
"""I miss you because I love you"" ♥",0
Halala ki najayaj auladsali Hindu hokar bhi hinduo ki astha ka khyal Nahi rakhenge chand vote ke liyekhuch to sharam krloHath jod kr vinati hi kr skte h abhikyu ki 2 Mai Didi Gai,1
Yahaa pe to aur gatmi badhegi abhi to summer shuru bhi nahi huaAnd aasam is so beautifulwanna visitsomeday,0
Kuch pre-wedding photoshoots dikh gaye insta pe Ek baat bataao yeh itne badsurat laundo ko itni khubsurat dulhane kaha se mil rahi hai aajkal?,0
ऊपर अम्बर नीचे हरियाली खेतों के बीच खुबसूरत सफरBEAUTIFUL SIGHT,0
It's about your thinking perspectivelogue whity ko chitta boltey heintall ko lambu yaar ghar pay ceiling fans saaf krtey ho im sure everyone heard that one bid b even danced to it jiski biwi moti uska bhi bara naam heiJust brush it off n don't let it get to ur head,0
Heera mandi sy bhaagi Randi naam Rashid raand,1
Aur ankareeb sub kuch khubsurat ho jai gaInShaAllah,0
Wah Beautiful मुम्बई तो मुम्बई है न रुकती है न रोती है मुस्कुराए जाती,0
Fill the above poll to show then their placesadak2 AliaBhatt SanjayDutt MaheshBhatt poojabhatt…,0
Teri Maa ka narko test karwa deTeri maa sach bolengi ki thu mullo ka fate condom ka natija hai,1
Teri maa behen ki chut pe already maar chuka hu Branded mohar,1
Randi rona shuru haarne se pehle hi,1
Aur mujhse bhi jiyada tujhe khubsurat banaya ❤❤,0
Kamini tu hi shadi kar Le ise,0
Sir maine abhi ek tweet dekha Ye dekha ki Rhea Chakraborty ki wakil ne ZEE NEWS ko bhi Rhea ki ek i…,0
Rhea ki bail pe jo bullywood gandu khush ho rahe hai unka khushi ka raaz ye hai hi unka wholesale supplier aa gai…,1
Teri maa ka halala kar ke gya h naa Salman Khan…,1
This is magic of Made in China vaccineFirst Pak's PM tested positive after administration of Chinese vaccine Now Pak's President tested positive after two weeks of getting China-made Sinopahrm vaccine doseThank God you saved us from Chinese Maal,1
What's wrong wid me?? I read it chipkali kabab,0
Y the fuck is in the team yow management vairu yeriyu dhu da through him outside gandu kud…,1
Wo madherchod gandu kedar ke gaar Mai balla gussa do to accha rahega,1
tumhara baap hoga wink randi k bache,1
Meri girlfriend kaa naam farhana he school se chhut kar shidha mere paas chudvane aati he usne bataya ki mera saga bhai aarif bhi muje chodta he tum madar chod kitni jahilo ki kom he apni maa bahen ko to chhodo,1
Tere Paida honey ka sab se bara nuqsaan Teri Maa ko hua harkatain tu karta hai gaali…,1
Shukla kal nanga bhi task kare tu bhi isko support Karo Lekin isse kuch Nahi…,0
Are gauri thi hi itni khubsurat ki uski khubsurti ke aage or kuch dikha hi nahi,0
Abe wo chutiye kuch to sharam kar lete Wo udhar nanga naach kare aur tumhe ye lagta hain ki shehnaaz usko support…,1
Mein yehi jawab dene aya tha ap ne pehle hi dediya Koi in jahilon se pooche k un k ghoroun ki nasal kia hoti thi? Sub se qeemti ghorey rakha kerte they kiyun k yeh un ki shan k hisab se tha Ager insan apne maal per zakat poori deta hai to us ka maal us k liye jaiz he,1
Abhi kuch dino baad EVM ka randi rona fir se suru hone wala hai,0
khubsurat sa ek pal kissa bnjata hai Jane kb kon zindagi ka hissa bnjata hai kuchh log zindagi mai milte hai aise jinse Kbhi na tootnewala rishta bnjata hai ShehnaazGillSHEHNAAZ APKA SWAGAT HAI,0
TO DALAL HY NOON LEAK KA KANJER BAJWA NA TERI B BEHN KO CHODA THA OR BILKUL ACHA KIYA M…,1
List of ppl I used to admire till 2019 and detest now- SonamKapoor RajdeepSardesai JavedAkhtar NaseeruddinShah AnuragKa…,0
TimesNow ImRaina Oh great news Thank God he is speaking out &amp; seeking justice for Sushant like all of usAnd…,0
Bangal main pahla phase se hi Tera maal chhino party ka heart bitting badh gaya hai madam jai sri ram,1
194819651971198419992019 aur kitni baar rape krawaoge Suaro ki kaum pakistan ka…,1
kaa kari dilawa ke haal randi ho gail hamar maal kiss,1
Han to ICC ke vaha ja ke rona hai idhar kyu randi rona kar raha hai,1
ye feminist type- mere ko aurat ho ke bol diya drama chlega…,0
Ye wohi hai jinhone china k saath MOU sign kiya tha with family ‍♂ waah re mc rahul gandu,1
are tum log apne ap ko kya samjhti he sali kuttiya ab khush he tu sali shushant singh rajput chala geya is duniya se marwa diya usko tum logo salo ne or wo jo hijdha he karan johar sala or wo sali bandri alia bhaat kutti,1
वो तो dp में आपकी फ़ोटो देख लिया वरना इसकी रूप देखकर तो नींद ही नहीं आती।शिखा-beautiful,0
Abey gandu It's only Wednesday मैं तो Thursday समझ के चल रहा था,0
Aur jihadi hat jagah pahle khud Ka injustice dikhate HainFir population badhne par minori…,0
"BPCL disinvestment process moving on well to conclude by Sep-end DIPAM "" Forget carona abhi sarkari maal bechna hai top priority par """,0
Khubsurat hothon se khubsurat baate Bs kmaal hai kmaal hai,0
Teri maa aur behen dono randi haikaale gangbang kar randi ki ulti ki aulaad chut maarike,1
So Zara baby is on a mission Zaleel KabeerFixing a Time Table chart for kabeer Zara n chudailLage raho Zaraa…,0
Wo sab to thik hai beautiful lady ye ramu kaha se aa gaya ye to raipur me dekha tha mene kal,0
Koi AC Chala do Yaar JacquelineFernandez bollywood bollywoodactress bollywoodhot beautiful Drive tara makhna,0
N why r u barking on leaders from other NonBjp NonBimaru sts ??Karma hits backPray for ur Moti n TadiparCoz we won't Pray for dem,1
Dikhane ko to Hm ye bhi dikha rhe hai ki tere Jaise Bhai ne Teri bhen Ka rape…,1
"meri jaaat hi sali kamini h ""Mard-jaat """,1
Moonshot to bahut dekh bhi liye Sun shots nahi dekhe the It’s Beautiful,0
Noooooo the lips are real sorry Sali bridesmaidsch,1
ki mkb btc I didn't even unfollow true Indology tu zabardasti unfollow karwaega gandu?,1
Jaldi marjao tum kuttiya yahi dua hai mari,1
Crct ️✊ Jai Shiv Shambhu Yh Bullyweed k saath humare desh k cricketers bhi ese hi ho gye h Inke saath jo rhte h Maal fukhte honge Choti cigarette badi cigarette smjh rhe ho na,1
Aaj to chod chod apne sanskari ban he,1
पैसे के लिए देश में आग लगा देंगे फिर ये randi रोना,1
Udti hui gadhi pe jannat ki sair ufff ye to bada wala feku nikla Modi to fir bhi chota hi hai,1
Kue teri bund duties hai tu wada london da mayor sala mera GANDU GANDUYA GEE,1
miss lollipop please apne maal pe dhyaan do dusro ke maal pe nazar na dhaalo warna riddhu ka 20 version toh dekh hi chuki ho aap❤IshqMeinMarjawan2 RiAnsh,1
ladka kamyab ho or ladki khubsurat ho to pyar 1min mai ho jata hai,0
Nd acche bure ka smz nhi h kyunki Dimag to phephde me h Waise h smart but nasamz banti h kamini ik U like to Live in your shell that u hesitate to sharethings I know and I appreciate you And Very last thing One of the strongest Girl I have ever seenAnd,1
Mirchi kyu lag rahi haiKuttey mai apney baap ko dekh liyaYa 100 200 shaddi hui thi tere baap kiYa pandit nay mari thi ya tere baap nai kutiya ki li thiTumahrey mai 100 200 shaddi toh aam hai kuttiya se bhi kar lete hai,1
Kuch khubsurat yaadien yahan b intezaar krti hay humara,0
Chal gaaandu ki aulaad tu yeh toh maan ta hai ke tujhe KHALISTAN ke naa se dar lagta haiMujhe achha lgaAur dar madarchho*d randi ki aulaaad,1
To chala ja Bangladesh itna hi dard ho raha to tujhe maderchod chutiya salaEk hi ka randi rona rote rahoYe bus Bangladesh hai puri duniya me aisa hoga pr teri itni aukat nhi rahegi ki tu isko rok sakegaAj tumhara din hai kal hamara hoga,1
Guys ye Jo kapda phenke hai ye Maine bhikh diya isko Bechara nanga ghum rha thaThandi aarha Tha toh Maine de Diya…,0
Sale Bhadwe Teri maa ka dudh piya ho to ko hath lagake dikha teri bhen ki chu,1
Hi mamsh sali ka sa tp hahahahhs char labyuu mamsh HappyQUENrantineBDAY,0
Beautiful Jai Shree Ram MAIN BHI SUSHANT,0
Teri maa ka gangrape kia tha Haridwar mein Apni maa se poochiyo mere baare m…,1
wo jo hm me tum me karar tha tumhe yaad ho ke na yaad ho Beautiful Gajal by Gulam ali ❤,0
Abe chutiye vaha teri maa ka rape huya tha kya? Congres ne k…,1
desh ko vyapari hi chalaata hai vyapari nahi hoga to kisaan ka maal kon khareedega kon seedhe kisaan ke khet me jaker apne khane ke liye anaaj and sabji layega aise chutiyo ko neta kon maanta hai,1
Thanks for your beautiful tweet Aap Bangladesh mein rehte ho na aap chashma bhi lagate ho na aur aap Asees Kaur ki fan bhi ho na,0
Rubina supporter talking about voice so funny Woh kuttiya ka awaaz itna ganda hai chi chi,1
Isliye awaaz uthao Kab tak chup baithega hum log Resources ko aise hi apna baap ka maal samajhke rakha hai sab,1
Do chor chori kay maal pay larty howy,1
gandu wo log b mazak ura rhy jo khud kanjar yhi kam krty hein,1
Tum Haqiqat Nahi Ho Hasrat HoJo Mile Khwaab Me Wo Daulat HoKis Liye Dekhte Ho AainaTum To Khud Se Bhi Jayada Khubsurat HoGalat IshqMeinMarjawan2 Shayari,0
Haye BhaiJaan ❤️Beautiful vm motiakhir vm banana sikh gayi tuThank you so much for always being there for me ♥️,0
Teri maa ki chut Legal action se teri kyu fat rahi hai Agar koi crime hai t…,1
Bhadva nikla re tu to chhiiiii chhhiiiiii aa gaya na apni asli haat di…,1
see i dnt abuse his mother nd sister back Bcz ye gandi nali ka keeda haiVaise teri maa meri maa…,1
Ye banda alag hi zone main hai Isne Rahul Gandhi se bhi badhiya maal sungh liya,1
Is kamini zindagi se umeed hi nahi lagani chahiye,0
Sidharth me na ek cheez believe karti hu logo ka soch positive ho na chaiyejo bhi ho fans yea dusre aur koi dimaag dil accha hai toh life bht beautiful hote hme believe karti hu yeh baatkhud acche h toh duniya bhi acche hai❤ love u Sidharth❤,0
Hello We hope you post a cool robot AI or ML vid to help us celebrate NationalRoboticsWeek April 4 - 11 2021,0
Ye kohli gandu fans ka alag he chutiyapa chalte rehta hai bc,1
हमे आप पर गर्व है लाल फूल नीला फूल मनीष भैया beautiful,0
Aee Gandu B &amp; D Kaisa hai be bhadwe,1
कुछ पास आयेंगेकुछ दूर जायेंगेबहुत कम लोग ही हैं जोनिस्वार्थ रिश्ते निभायेंगे।Beautiful life गुड मॉर्निंग,0
teri to ab humlog band bajayenge leave Arnabwe are sufficientbaaki Arnab to jo kar…,1
I told lockdown will come soonBut it's a bit different all 14 police officers are on leave and DCP trimukey is n…,0
Agar chor lootera ho toh bolna aur bina chor hoke bhi ram ka naam tum log aur apne hi chuthiya hinduo ne badnaam kar rahe hai fir bhi hum sehliya na aise hi ye bhi tum sehlo,1
Who the fk r u ultah lapetoongaTeri b ka bhodsraGaand esy bandh jaronga ke samney ayeMaa,1
Up me jo rape hue dalito ke ladki ko jala diya gya fir karne wali ldki ke baap ko mar diya gya berojgaro ko jabardasti jail bheja un par lathicharge kiya logo ki gadhi kamai farji vigyapano me udai education ki halat bilkul gaddhe me ye nhi dikhta tujhe bas mulle hi dik rhe h,1
Up me daily rape horaha h hamari bahno ka wo v ek aurat h jaise teri maa behn to rapiest…,1
TERI MAA KA AIK SACH MUJHY MALOOM HY WO B BOL DO HARRAMI LUN PY CHAR GYA TO OR GAANDO…,1
Chutiyapa kiski baton me hai uske bol bta dete hai ka sanjhe or bhagwa bhagwa…,1
Sir pls help me six month se meri job chut gai he or yaha pr koi job bhi nahi de raha sir me me akela hi…,0
Itni khubsurat aankhein bhi koi baichta hai bhala,0
Beautiful ❤️ bond SidNaaz inka es tarh ruthana or manane mai hi ham pagal ho gayor aaj tak pagal hai,0
Ye Itely ki Randi Ye Money Hindustan se Loota hai And LOOT Kar SwiSS Bank me Dal Diya tha So Gandhi families nahi…,1
Desh ke acche din tho aah gaye hai lekin Congress ke bhure din tho 2014 se hi chalu ho gayi theIshiliye congressi moti chilla raha hai,1
Banadr se sakal ka tu itna he sahe He to mere tweet ka rep…,0
Aap ne sense galat nikala h jo ki apke dinag me hai to…,0
Han barwa tu mera harami bacha hn teri maa ki me ne ghalti se randi khane me gand mar di ti awr unfortunately condom phata huwa ta jis ki waja se tu paida huwa,1
You are very beautiful dear this song is for you ((Chand sa roshan chairah Baalo ka raang sunahara ye cheel si neele ankhe ankho pe chasme ka phera kya tarif karu uski jisne tumhe hai banaya))),0
Khubsurat Soch तुम्हारी भी हमारी भीदिल में मुस्कुराहट तुम्हारी भी हमारी भीGoodFriday,0
Ab tweet kar bhi dena koi farak nai padega Tu jahan marzi ab nai bakshungi mereko prostitute bulaya ab bhugat na police…,1
Apka bhi man hoga bhutani banane ka tbhi koi rang lagaya hoga vaise fale ne banaya ki femaleSo beautiful,0
chomu dhayan se dekha hota wo teri hi maa thi Hay re apni hi…,0
Tu hi Meri duniya jahaan ve JacquelineFernandez bollywood bollywoodactress bollywoodhot beautiful,0
भारत की इन जगहों के प्राकृतिक सौंदर्य को देखकर आप भी रह जाएंगे चकितTourism TouristPlace,0
Kash koi sakhas sirf mera ban jataThoda hi shi par mujhe samjh pata Sankat ke gadhi mai sath nibhata Tanhaiyon se mujhe wo dur le jataThoda rulata aur thoda hasataPar mujhe chor kr wo kv n jata,0
Aap Bhi Giza pyramids jaisi ho purana par aaj bhi khubsurat,0
Kuch is Kadar KhubsuratRishte toot jaaya Karte haiDil bhar jaata hai tohLog ruthjaaya karte hai ✍️,0
Bolly Buzz High Court grants bail to Rhea Chakraborty Deepika Padukone to resume work soon - Times of India…,0
Yeh zamana jaane naKiya kara sakti hainYaar mere ki nazren hain❤Dariyaa dooba sakti hain❤Uska bass chale to❤Sara dariya pee jaaye❤What a beautiful &amp; soulful melodyBaarishKiJaaye,0
Bhai to hum bhi to ignore maarte kyun kyunki dosti ha…,0
Have you read these replies? Girls literally saying “fuck men” and “war and…,1
Bhullar teri abba ka chillar gandu ma chuda lo,1
Zaruri nhi harr ladki sehzaaddi ho Kuch haramzadi bhi hoti hai Meri bestfriend ko hi dekh lo,0
Bhakt nahi mere bhai/behen hai meri zindagi kaa khubsurat hissa hai sab JaiSriRam,0
Phir bhi saste mein chut gaye For this kind of goon behavior stringent punishment required 1 year deb…,0
very beautiful gift loved itSidNaaz Airport se le aana meri sana ko pls or ek bat jab koi girl ho car me to uske saath bethte hai usko alone ya kisi ke bhi saath nahi betne dete hai thik hai,0
Tere upr mujhe pura bharosa h tu kar skti hai par mt kario kamini 1 bar hi bht haimujhe yaad h kaise tune 1500 comments pure kiye the,1
Jo ma teri maa ko laa raha hon us ka kya,1
btw off topic but while im here Giulia you’re my fav youtube channel of all time lol,0
Areee bas bas tabhi izzat nhi h tumhari binaa sir perr ki baat maartee ho tumne…,0
Chipkali is my fav♥️Log aise hi ise phobic rehte Shame on such Peeples,0
kitni besrm ho be lady hoke gaali sun rhi h hmko khud bura lg rha h pr dee rhe h gaali kyu ki teri hrq…,1
itspals1315 arnab5222 They will deeply integrate them after having stong evidence JusticeForSSR justiceforSushanthSinghRajput…,0
ShobhaNaik7 JiahKhanJustice This year IPL dubai me haikya hai India or Dubai linkachhe achhe log ka death ho raha haiMumbai police…,0
Meri rai to apko pata hi hogi maa Par mai Bekar pr vote krne wala thaKyukiAk bhi vote nhi mila…,0
Tum to mossy desriable qomn hain kuttiya tumhe to milte hi rahnge,1
Abe tu toh berojgar hai be chutiye tu kahe ka shan se jiyega paisa hai…,1
Jihadio me bechaini Badh rhi hai Ashutosh 4 randi roney ke sath sabse aage,1
Ahsan iqbal khwaja asif aur ye zubair patwarion ko chuthiya bna rahe hain ya hain chuthiye ye to saf nazr ate hain,1
Tu bhi mast chudwati hai gand utha utha chut me lund leti hai,1
Main a raha hun apni chut khol ke rakh chatungi,1
To bakkri k chodal tu UP ko madeena se compare karra hai?Abbe gandu…,1
Mai yahan gyi hu aur Aisa mana jta h ki yahan pe maa se maangi hui har murad zarur p…,0
Gandu Cricket ke nam pe dhabba tu retire kyo ni hota hai be saale and just think about t…,1
Me twray khilaf nai jisnay tera brainwash kea hay tera baap…,0
Koi bhi mc kutta bhadwa bc harami suwar neech Randi ki aulad kuch bhi bol deta hai koi action nahi liya jata,1
"Im sorry if I sound sensitive but I don't like the use of the phrase ""randi rona""Call me an SJW all you want but that shet does not sit right with me",0
my white bestie knocking on my door to ask if i can come out to play and my paki mum saying “vehli behti rendi hai…,0
Madharchodkabhi tumhara rider time pe aata hairandi ka bachhaSaal roz 10 min wait kar…,0
[MASS VOTING] Day2[ 8AM - 10AM KST]— BREAKTUDO | INT'L GROUP —Day2 of our Daily Mass Vote starts now Let's increa…,0
There are two methods one is grants or aid ( which is free ka maal /donation) other is FPI or FDI or Investment if it is investment it has to be for profit so it is loan,0
Friend nhi teri ammi ka log hai china China ki nazayaj aauladteri maa ko khareed ke…,1
Mai cute sweet beautiful innocent hoon aachi hoon adi kuch nahi karrahi bore horahi hoon app kaise ho,0
(Gdp growth rate students' lives borders tensions covid 19 imprisonment of activists and protestors) &lt;&lt;&lt;&lt;&lt;&lt; Ssr…,0
And you would be satisfied with your cousinsghar ka maal ghar mei hi,1
Ask your another dad modi for proof behnchod ko har chiz mitane ka shauk jo hTeri maa ka bhosda,1
You are Haramkhor chup Harami SSR tere traf se margaya,1
Mujhe macchar nahi dikhe legs are beautiful ❤️,0
Jis desh main 90% log 100 rupai bachane ke liye sasta ghatiya Chinese maal khareedte hain wahan ek hi aadami se bolein ki apni saari Umar ki tapasya ko chor do woh bhi tab jab govt ne laat maar kar bhaga diya ho ? Isi thread main dekh lena kitno ke pass Chinese phone hai,1
how much people have affection to her compare this with sick didi O’ didi by,0
Aaz Teri chut ki chudai ka maza dede,1
Abeee chuu ku bachhiibc tere abbbaa ki grsnddd me ku khujli ho rahi he bcma khudaa te…,1
Dekha hai zindagi ko Kucch itne qareeb seChehre tamaam lagne lage hai ajeeb se -DrZubinaBeautiful SajalAly ♥️,0
Jaise nashe mai tere baap ne teri maa pelli thi aur randy ka bachha pie paida ho Gaya,1
abay kaatna hai tou kaat k nikal k yeh kaan me kia randi ronay suna raha hai apne,1
Dil se ❣️ Dil se khubsurat banno ❣️ chehre ke Li a Snapchat hai,0
Chup madhrchod rndy ka bcha teri maa ka chut maru sale,1
Teri Maa ka dekhta h ky tu tuje pta chl gya ki fatt gya h,1
"BabbbbyyyyyyyyyyyyyyyyyIsko Dekhke Ki*s Ki*s Wali Beijjati Yaad Aa Gayi ""Iska Matlab Aap Mujhe Abhi Kiss Nahin Krenge"" ""Kiss Toh Main Tumhe Saari Duniya Ke Samne Kr Skta Hun""It's So KhubsuratKaYa",0
Bharwy ho tum ghasti randi ke bachy tere apny bachy marein ge corona se kutti ke bachy Pury mulk to dekh kar chal sirf apna na soch,1
Abe teri maca chodu randi ka sale tu gaddar hai,1
ppl who are like “have u even dated a girls? are u sure ure bi?” are so stupid like shut the fuck up hoe goddamn,1
Sahi me bahut khubsurat likha he dil ka nichod,0
Twitter kholo to har koi alag hi randi rona daal k baitha hota h,1
Sach baat hai fans tumse zyada khubsurat hai aur baddimaag hai,0
Teri maa ka kya woh dogle Yeah woh kishan lagta hai muze ya piyush saza ka hawas ka mara,0
Teri shakal bhosrike randi ki aulad jaisi dikh rahi he aur tu bhosrike aukat bhul gayaKagaz dhoondh le nahi to gaand mein garam tel daal ke pakistan bhejenge,1
Chalo jb NLe me gand ghisay gi tou zehni azadi ka istimal krna,1
Ek mohbbat toh kayiBaar bhi ho sakti haiEk hi shaksh kayi bar nh ho skta haiJisse puche tere bare meinYhi khe te hai Khubsurat toh hai wafadar nhi ho skta,0
if police were used then ilks like u will do randi ronau think it will take an hour to clear whole area? but we know AAP n their venomous supporters U can go to any extent to malign the nationur love for paki muslim is greater than the persecuted minorities Ab rehne de,1
Par ab vaha vo rehti nahi hainMaine suna hainvo ja chuki hainKhali pada hai ye shehar❤️Simple yet beautiful 3YearsOfGharSeNikalteHi GharSeNikalteHi,0
Teri Maa Ka Bhosda Tu Kabhi Nhi Sudhrega Bhosdike Tu Kutte Ki Poonch Hai Madarchod Tedha Ka Tedha Hi Rahega,1
Galat padha tune aur gandu to tu hai hi,1
Lol elephant kumar abused ArnabArnab repliedand now they are showing us a old man in a red suit…,1
Hollywood gave world movies likeJokerFantasticActing Bgm Direction Cinematography Screenplay10⭐ to JokerFilm Lol &amp; m…,0
जितने के बाद EVM का Randi रोना शुरू हो जाता है तुम लोगो का,1
Akhiyaan da noor tera Dil da kasoor mera ✨♥️Jogi baanaya tune o saajna &lt;3 O sajnaa mere o sajnaaAgastya Rumi and their Broken But Beautiful storyBrokenButBeautiful3 SidharthShukla AgastyaRao *Agastya can't wait to see you champ,0
Thakre teri maa ki chuth behan ka land police v gand marayegi bc,1
Just an average girl next door who just shifted her focus to Moti Choor Ladoos,1
"My best friend advice is epic I mean said her ""yaar main moti ho rhi hoon main kya karun"" andshe said - tension kyu le rhi h main tera boy friend bahot mota dhundhungi fir tu iske samne moti hi nhi lagegi",1
Abbey maal foonk ke hi to dimag kà Watt lag gaya hai terake ek simple cheez ko bhi samajh nei paa raha hai tu,1
shaguftaoffice waale aur sab to karte hi hai mere saath buraa lekin burkhe waaliyaa bhi nichi nigaaho se dekhte hai jaise in ke paas jawaani kaa maal hai mere paas nahi hai aur is liye teraa aisaa haal haiaisaa mujhe lagaatara nigaaho se kachoke dete hai aur ummar,0
Yuvika mujhe ye video churani haiIts soooo beautifulPANI DI GAL FT JASMIN,0
Beautiful Darshan of Sri Sri Radha Vrindavan Chandra from Vrindavan Chandrodaya Mandir Vrindavan DhamBlessings❤️❤️,0
tu gandu k najayaz aulad hyteri bhagwan ke gand me sande ka oil lagakar ravan b mara thatum log ko na…,1
All news channels went to Hathras and did “Nanga Naach” to gain back the lost credibility and TRP made false stori…,0
Yaar suno Yaar financial crisis chal rahay hai ek tweet ka rate bata do hum bhi kuch k…,0
hame badalne ki zarurat nahi hum to pure pakistan ko palte sara kuch yaha se jata itni khubsurat sadko facilities ya sub karachi ki dain hai gar nahi to khud sunha kar ke deka de jaise karachi karta GDP he nahi rahe samjhe,0
randi ruchi the tamasha addict is still at it lmao agar bhagwan hai toh isko pagalkhane pahunchaye,1
Khubsurat hoti to ab tak shaadi ho chuki hoti yun twitter pe chalaange na maar rahi hoti,0
Didi lund chhota hai to kya kre hm log,1
Par bhai baat BCCI n uske randi rone par kaise aa gayi phir yaha pe??Jo jaisa comment karegawoh waisa reply bhi paaega na bhai,0
Provincial Minister for Social Welfare and Bait ul Maal Punjab Syed Yawar Abbas Bukhari along with Amin Bait ul Maal Punjab Malik Muhammad Azam distributed cheque sewing machines and wheelchairs among poor deserving and special people at Bahawalpur,0
Teri maa ki chut me Shivsena ka lund gaya kya,1
Shaheed k boot ka gobar teri maa ki qabar pr phenkne se behtr koi jaga ne,1
BC Punjab / Delhi me bhi EVM se hi voting hua tha - tab to randi Rona nai hua tha Yes - we will get 400 plus Agar tujhe takleef hai to bhaag ke Canada chala ja aur refugee ban ke govt support le ke baith - jaise tere Khalistani Bhai log 1984 ke baad bhag Gaya tha,0
Guzel ek turkish name hai which means beautiful ❤️toh apne dimaag ke ghode mt daudao,0
anyone got HKMS (teri ma randi ) clip that was hilarious plsssssss senddddd,1
Meethi c vo gaali teri sunne ko tyar hoon mainTujhay gali day nai skta maa teri ka yaar jo hoon main,1
lgta hai har din ka practice hai teri maa ke s…,1
Modi ne kaha hai to kuch soch ke hi kaha hoga,0
Oh really Chal pichy b pari Teri phophi ka beta hy sid…,0
[chori ka maal x3 ] what svt song does my acc sounds like?,0
Aap ki awaz humare dilo pe raaj karti hai Aap ke har new song ke saath humara jo aap ke liye pyaar hai wo aur bhi jyaada bad jaata hai It's so beautiful TujheBhoolnaTohChaaha and your jubinnautiyal voice is just like a magic,0
It said as Kadachagi (ಕಡಚಗಿ) in most of the area of kalaburgi and neighbour districts in Uttara Karnataka region,0
when someone says to metm hu tu pyri lakin thuri se moti huly me*,0
Sanjay singh teri ammi ki chut sale harami tu nali me pada hua suar hai ur kameene Teri okat nhi h…,1
Pata nahi yah randi k bachay mar kiuen nahi jatay,1
My Fab linesMera jeena mera jeena Haaye Zehar ho reya haiMera dil Mujhse rooth gaya hai gair ho gaya haiThanks for this Beautiful song ParasChhabra GalatOutNow,0
Ye hui na baath meri pyari kuttiya,1
Nije der ke beche dileo harvard University te bhorti hobar taka jogar hobe na,0
thank u luv for staying sali lang ng saliiiii there's no harm taking risk,0
She is nt real Sonamkapooryeh parody hai yaaraap kitne innocen…,0
Soo sweet holi beautiful holi Radhe Radhe Har Har Mahadev radheradhe Mahadev HappyHoli2021,0
Its_devendra__ Huge Congratulations to all of youThe Honb'le Supreme Court has given the verdict in favor of a CBI enquiryRejoice…,0
Ha kyuki jin logo ne likes nd comments kiya hai un logo ko aapke स्तन के उभारों को dekh kr राहत पाई है,1
Hahaha Ja be gandu tu kya fight krega tere jaise educated…,1
Beautiful अति मोहनीय सुंदर आपको ढेरों शुभ कामनाएँ ईशिता जी । शुभ रात्रि,0
haha ha beta teri frustration samaj sakta hu vase saari beautiful Muslim girl se toh tu ab baat bhi nhi kar paata hogo in general ladki se baat karne ki aukaat nhi teri so sad ladko ko hi pata,0
Too young but my parents both got offered astra zeneca and declined as this was around the time of the whole blood clot situation so they wanted to stay away from the stuff Not as relevant but when news came out that J&amp;J made a vaccine they both said they didn't want to get it,0
wo aisy karti thirandi rony mere samny karti thi aur titopatiyan kisi aur sath kar rahi ab,0
verb (used with object) whored whor·ingto put to a base or unworthy use (sometimes followed by out)He’s whori…,0
Khubsurat hum sirf khud k liye try karte hai ‍♂️‍♂️‍♂️,0
Abe gandu mai bhi hindu hoo Aur muze mere sawal ka jawab de Jis…,1
Han teri maa behano dono ki hi jarurat hai abhi toGufa me bohat customer haiTu kiyo tention le r…,1
Are laude kale kauwe teri maa ki chuthindu muslim ka post dalna band kr bhadwe Nhi to teri ma…,1
Acha beautiful weather dekh Kar photography ka kera jo hota ha uskye pichye b sithan hota ha,0
Bunny chuthiya tha usko holi vaali raat hi naina se pyaar ho gaya tha Saale ne dil ki sunni hi nai,1
Sir jitne besharm woh utne hi hamlog v hai hamari janta bina maal beche bhukhe marna pasand karegi magar hamare jawano k khooniyo se vyapar nhn karegi lekin ye baat sarkar kab samjhegi?,1
Randi ko aadat ha hr kisi ka hath ma pakarr kar khelny ki,0
छू जाते हो तुम मुझे हर रोज एक नया ख्वाब सा बनकरये दुनिया तो खामखां कहती है कि तुम मेरे करीब नहीं।Good Morning Beautiful Uma ❣️❤️,0
Randi rona to koi seekhe inse koi seekhe,1
Sir maii apko 10 din say tweet kr rha Mere father ka job chut gya tha corona may and we are in very bad condition…,0
Rahul gadhi 7000 dete agar kuch bante india me to unko italy se hi matlab raha bus,0
Nhi tu sachchi me beautiful hai yaar,0
CHUP TERI MAA KA BHOSDA MARU MADARCHOD SASTI RANDI KI AULAD NHI TOH TERI MAA KO N…,1
Teri maa ki chut madrchod Modi ki gand chat bhadwa sala bhencood chutiya Randi ka bacha,1
Yeh RSS wale desh duniya ko kya sandesh dena chahte hai? Kya yeh hi RAMRAJ hai? Kya Inko kisi aurat ne janam diya yah koi GADHI?,1
Bhench*d khud e maar k Khud e randi rona daldoTimergaraMassacre,1
Larkon ka bas nahi chalta warna Larkiyon ki kabar par bhi likh dein Nice kabar Wonderful location Beautiful mitti Ye Kabar mein ap ho?,0
Bosdike Tu SSR Kyu Layya Isme Tera Maa Ki Chut Saale Canadian Ki Paid…,1
FactLarkiya kabhi bhi Khubsurat Or Ameer larko ko bhai nh bolti,0
Wahin tham ke reh gayi haiWahin tham ke reh gayi hai meri raat dhalte dhalteBeautiful rendition,0
विदेश में wow beautiful Bride इंडिया में खाना खा लो पहले बाद में भीड़ हो जाएगा,0
Sahi kaha raha heDalle patrakarsaale chuthiya hi he,1
Bohot acha bezaati ke hi vansh ne iss chipkali ko IshqMeinMarjawan2,0
Bsdk madarchod Wolves And that moroccan was sold for barely 40 millions after several negotiations Maa ki chut En…,1
Jab wahi gaali tumko padti hai toh tum log Victim card lekar hunesha ka Randi Rona rote ho,1
Is new device ka jo design hai mujhe sabse jyada bahut jyada Pasand Aaya bahut hi jyada Khubsurat haiSamsungGalaxyF12,0
Kay mast me mari kuttyi chodu rahi mari sanskari,1
Kedar ko bahar karo ashole sala test khelne aaya hai kisi angle se aaj nahi harta CSK gandu aa kar apna gand marwa liya,1
Great emphasis on how it’s healthcare professions that need to do the work to change the opinions of vaccine-hesitant individualsToo many times I hear “educated” people trashing those scared of the vaccine Misinformation is the culprit here - not those who fall victim to it,0
Attention seekers for a reasonDon't worry its 100times better than you're bullywood movies And you're braindead gandu,1
Tu ne arabion ko bhen paish krni ha saley madarchod atankwadi teri maa ki choot…,1
alas I missed here too being eldest at my side no bhabhi and being youngest in sasuraal no saliSala bad luckich kharab hai,0
Randi rona mat krtera Baap INDIA ne main player ko IPL ke liya bula liya hjeet lena seriesek baap apne bete pak ko harte hua nhi dek sakta,1
Gandu upr dekh le phle tune kya bola h gawar Yahi sb dekh k lgta h bjp k…,1
Ye jisne bhi send kiya hai its so beautiful ❤️❤️❤️❤️❤️❤️❤️❤️RahulVaidya RKVians,0
“धुप छाँव बुनते साथ कभी भूल भुलिया में मिल जो जाते रस्ते तेरे मेरे सभी ख्वाहिशें नयी” such beautiful lyrics Pagglait,0
Advance sorry Be SHARAM di Bund te uck ugiya te ago on kenda chalo chaan te hovay gi,0
takllef tu hogi awr randio ku randi he bola ha awr ju male ghatia aurat march ku support karty ha tu sahafi say ghalti huwy ha unku kanjar nahi likhabaqi ye akhbar ji ka nahimalomat drust kareunka koye awr ha,1
You know what they always imagined stuff to degrade Shehnaaz lekin unka ladka khud nanga ho raha h NTV p Karma Shehn…,1
tere husband ka bhi yahi haal h kya?,0
Bnda tot k jur gya lkn is larki k randi rony abhi b wese hi han,1
ye kaunsa ghonchu hai4k follower pe iss gandu ko blue tick kaise mil gayi,1
sheetal82463546 CBI slaps and beaten Sidharth Pithani and Deepesh Sawant ArrestSSRKilllers justiceforSushanthSinghRajput,0
Nust k admissions phir se aa rahay hain or phir se mera randi rona start honay ja raha hay,1
Emoji to bss cute dikh rhi haitum cute bhi aur beautiful bhi dikh rhiBae❤️,0
Khubsurat logon ka bhi sahi hai jab dil chaha snap leli,0
Historical Tomb Jhal Magsi Balochistan The majestic Moti Gohram tomb locally known as the Taj Mahal of Balochistan Moti Gohram Tomb is located in the east side of Pachh Jhal Magsi Balochistan This indicates the civilization of about 500 years ago or moreExploreBalochistan,0
Addy boy giving intro to the most wanted crew of Ruksar subhan Allahchudail is with crew obviously we kno…,0
teri gand or chut ka khayal rakhti ha na congessbadbu a rahi ha yaha tak,1
Main toh GodiMedia ko dalaal aur bhadwe samajh raha thha lekin kal asliyat pata chali akhirkar yeh chuthiya_hi_haisame_on_dalaalisame_on_up_cm,1
Rip self RespectAj mene apni Mama se narazgi Ka izhaar krty hue kaha k mama AJ mein Khana nai khau gimama repl…,0
AchaTu apni maa ki Sunghta kiyo hai100 200 logo milti hai teri maa behan kiya khushbu ayegi Ka chapu hai tu bhi,1
Bhen ka lUnd sunleTm log alag aur Hum log alag haiAlag they aur rahngeMaa chod dunga agli br teri,1
Itely ki Randi hai Sali Antekvadi hai Sale Desdhrohi hai Lootere No 1 See is Randi ki Loot,1
bahot khubsurat aur dil ki bahot achi ur bahot achhi adakaraa hau Saba Qamar,0
Randi ke bhadwe mera surname jaha se bhi aye Tera kya hai 10 kuton ki aulaad Randi ka beta hai na tu…,1
Chutiya h sali excitement se hi maregi,1
hemmu25 shekharsuman7 Why are the police notbeing questioned by CBI Hindi chini bhai bhai ???The real truth it seems is already…,0
Abey jhaant k pille ye teri maa k yaar ka account h kya bsdk jo tu yha apne dhang se a…,1
Beautiful Mangal Aarti Darshan of Shri Radha Vrindavan Chandra +91-7066727666 / +91-9284826810damodardas damodardasji harekrishna krishna krishnaconsciousness motivation nagpur radhakrishna spiritual shrimadhusudanbapuji radhagopinath radhamurlidhar,0
Yaar inn logo ka kuch nahi hona uss gadhi neh shuru kiya tha first time Salman ka naam leke aur yeh blind people shuru ho gayethey r no way his actual fansho hi nahi saktaBot saale,1
Beautiful Sushant JusticeForSushantSinghRajputJustice4DishaSalian MAI BHI SUSHANTAUR MainMAIN BHI SUSHANT,0
Par jab manzil mil jaye aur khubsurat ho jaygi,0
Teri mom mera rakhel hai aaja harami tu bhi leeitjaa haramkhor lazaheen upper caste hindu kuttiya,1
Wb transmission bht khubsurat jaa rahi hai Allah Apko iska ajar ata farmaye ✨ Aur is transmission ko Apni bargah mai qabool farmaye Ameen,0
Fresh maal hun Abhi first time dunga paper hony next month main 2nd year k us k baad,0
I’m not *He shakes his head* Not /you/ Sometimes I get these slips of the old you that come out /that/ scares me But the woman who took me to Sundari Palace and made me an aay’han room and taught me how to use mandalorian vambraces? No She’s my sister I’m looking at her,0
❤️❤️ I love you to Kamini ❤️❤️,0
Well said Kamini ji Pujya Sant Shri Asharamji Bapu says that Don't use chemical Colour only use Organic colour in holiवैदिक_होली,0
Randi rony mere sath aur titopatiyan kisi aur k sath wah )),1
"""Vishal come here Give me a hug"" - this scene was so heart-breaking Sadak2 AliaBhatt AdityaRoyKapur",0
Mene to kbhi kuchh tweet nhi kiya phle abhi lgii hu krne thoda bhutFollower ka m…,0
Kahbees Insan Teri Maa Ya Behn hoti ghar mn Ya to halal Maa ka Halal son hota to ye Tweet kabi na karta Par Haram ki Olad jo…,1
Abe gandu it sell wale Dharam sab ka aik hota hai andbhakt…,1
Iske liye hi toh hum hai na,0
IndiaTodayTRPchor chor should do a programme on why they paid people to increase TRP dalle …,0
FiveYearsofArré We've turned five so here's a throwback to some of our best essays and videosI grew up amid the sounds of thumris and whiskey in the kothas My earliest memory is of my mother fighting a drunken man who was calling her a “randi”,0
Teri maa ki chut sale Tuje kya malum farmer ki life ke bare bhen ke lode…,1
2 April ata nahi aur GG ka randi rona shuru ho jata haiWorldCup2011,1
Ho gya bhaiya ek baba ka dhaba hi nhi lakho dhabe aise honge sare india meall need supportSabko nanga…,0
kitna bara chor hai tu dislike ka button hideactivate kar diya dale tere maa baap biwi bachhe bhi teri tarah haramzade honge,1
Tu khud mana hy 200rs mai apni grand chudwati hy apni hawas ko pura krne ke liye Teri maa aur ter…,1
Aare neha ji aap kon sa anamika ji se kam khubsurat ho aaap hamari tensan le lo hum aap ki tensan le lete hakyon kisi shadi wale pareshaan karna My,0
मोर यूं ही नहीं है हमारा राष्ट्रीय पक्षी खूबसूरती देखनी है तो देखें यह शानदार VIDEO peacock ViralVideo,0
Teri maa bhi sochti hogi ki kis HARAMI KUTTE KO paida kiya maine HARAMK…,1
Ok maine kulfi khilaya usko zbrdti ek do teen fir ham uski purse wahi chorke agaye usme paise they adhar card pan card atm card sab usme he tha Becahri bhot beautiful bag tha,0
This is what happens when they compare edible foreign sex products with asli desi herbal maal,0
LSC 2022 ka maal hai i don't think it'll release this year,0
Raat bhar padhai karte karte subah ke time aankh lagg gayi,0
TERI MAA KI GAND CHODU HARAMI KE NAJAYAZ AULAD TERI BEHEN KI C…,1
Teri maa Ka bhosdi Mather chod Twitter account gaya maa chudane Teri bah…,1
गदराई हुई तो ऐक मात्र तेरी अम्मी हि हे जो तेरे बीचतर पे आके तुझे दे सकती हे क्यू कि पूरे हिन्दू मोहल्ले मे वही सबको दिन रात आगे पीछे देती हे तो तुझे कैसे नही देगी 100_200तू भी दे देना,0
India ki chhod india ke bahar na RSS hai nahi Deepak Chaurasia aur nahi Arnab fir bhi tum katvo ki vajah se hii har jagah randi Rona hai bsdiwalo,1
Dear NCB u doing so wellu should visit kumbh mela nd engineering colleges u will get more maal from there AjazKhan,1
सांझ की दुल्हन बदन चुराएचुपके से आए मेरे खयालों के आंगन मेंBeautiful photograph,0
Court ka failsla nai aaya hai jo aap nanga naach kar rahe hai Aap bhi koi doodh ke dhule nai ho…,1
Baba sahab ne to dusre desho ka savidhaan chura ke aarakshan bhi 10 saal k liye di…,0
Saaali kuttiyaa aaja mai krta hu tere chu*t ki aag nikalta hu ran*di aali madharchoo**d,1
मेरा चांद का टुकड़ा JacquelineFernandez bollywood bollywoodactress bollywoodhot beautiful,0
Zindagi ko jiski bs do pyaar ke bol ki zarurat hoti hJo kisi bhi haal mein ho kr bhi khubsurat hoti hNazar Nazar ka khel h yaaronWarna Maa ke kadmo mein toh Duniya bhar ki shauhrat hoti h,0
imNanaPatekar Bappa Give this pure soul justice ❤️ ganpati bappa morya ArrestPithani justiceforSushanthSinghRajput,0
yaqen kr aab tuj py tars ata hhaiab tujy pechan gaay hain hum tu ik 2 no insan hai jo wakt any py…,0
Abe chutiye jake koi aur kam karle Pura din bramhin bramhin ka randi rona karna hi tumhara kam hai kya,1
Sab Shi hai but ek important chiz chut gyi Sare ladke Uske crush hai ❤️❤️❤️,0
One Industry where there is no nepotism??cheppindi DHFMS answer nenu tarvata chebtaSarkaruVaariPaata…,0
Randi uth jao bonkany ka howa hi,1
Hum tou jaayen gay ghar waalo parr Teray ghar waalo ko pata chalay k tou kia randi rona krrhe hai,1
Kyu teri maa ka bhosda udaya tha in logo ne,1
every white girls instagram post on december 31st 2020 “this year was so tough but i’m so happy i had such amazing s…,0
चित्रा जी को तो Most beautiful Anchor of Indian Media का enbaAward मिलना चाहिए था ।ई का दे दिया बे अर्ली मोर्निंग ।,0
Ma ki chut teri Nitin Menon bkl sale bhadve jaat ke narak me sade tu kutte ke bache,1
Bhaijaan randi rona karte raho2024 me bhi ayega to Modi hiAur haan WB me bhi ;),1
Chup kar kutta ka bacha kargil may teri maa ka yar na Pakistan Forces ka saath ghadari ke the,1
Mujhe pata hai sana without makeup bhut beautiful hai uska face original hai,0
Sirf bari bari batien karny say kuch nahi hota amal bhi kren aur dil bara kren apny andar bardasht paida kren phir dheken zindagi kitni asan or khubsurat hai ♥️,0
Why was sandip singh in contact with zarina wahab ??? justiceforSushanthSinghRajput ArrestRheaNow ArrestPithani…,1
Chalo ab awam ko direct galiyaa dene me aasani ho Jae gi,0
Randi ke bache Baat sun humne pakistan ko banaya hai Islam ke naam pe Idar Islami nizam ayega jamooriat secularism nahi Samjhe Randi ki aulad,1
Tu suar ki Gand ka Baal Tujh jese chakai ko sahi samjha hu Mei bhosadike…,1
Jo aurat ko randi kah raha hai aap usy salami pesh kar rahe ho Sharam to tum ko aani chaheye,1
Ye randi da putar ha sala fazol ma apni hasiyat barhana chahta ha khota khel k niazi ki chat chat kr,1
apka hi cp kiya h ye Bhot sweet ho aap merko salman sir ka dialogue bhi likh k diya hai beautiful toh bhot hi ho sm kiya tha pr dekha nhi apne khair aap sachi bhot sweet ho humble nature h apka humesha aise hi rhiye Khush rahiye ❤️,0
I don't know what this ₹ trying prove by showing pictures with tilak? We are not like you defend rapist on religious basis Woumen are not maal-e-ganimat for us So try something new,1
Republic ne sabko nanga kr diya h bhai sab h ye,0
Waisey to merit ka randi rona rotey ho magar yahan ap ko merit ki parwah nahi? Punjab ki awam se haq lekar naraz balochon aur pashteenyon ko khush karein jo bad mein inhi universities mein Pakistan ke khilaf rallies nikaltey hain Aisey haramkhoron ko seats nahi danda dena chahye,1
Abehh gadhi??? She is not happy?? She wants to annoy me???,0
❤️ THE POWER OF TWO DIVINE &amp; BEAUTIFUL WORDS ❤️ RADHE RADHE Aaiye Aur Prem Se Kahiye RADHE RADHE ✨ RadhaKrishn✨,0
Teri maa pakdi gayi thi Karan johar ka chuste hue usee puch mujhe toh yahi keh ra…,1
Tu brand new h issliye tere Aane se phle b ek khubsurat duniya thi,0
Abe teri maa bhi bhut royi uska ladka gandu nikal gyaaAbe kis kis ne bajaai h teri,1
And then randi rona ki kyu koi movie dekne nhi aataChutiye log nhi sudrenge,1
Randi Rawalpindi mein 85 ki mil rahi Hai,1
(2/n)Did they stood for Tripur Sundari devotees when the court banned important ritual of Pashu Bali at the Temple? No not even a word of support There are scores of such cases,0
For Pfizer I was tired and had a sore arm on the first round (2 days) on the second shot everything hurt in my joints I got a cough I couldn’t stay away longer than 4 hours at a time and my stomach was very unhappy (4 days),0
"""Kuch rishte dur se hi khubsurat hote hain''",0
Achaa huaa sidnaaz se bahar aagai main hyee Ab usse nafart karne ke liye ye roj dekhti hu or roj mera hate badhta…,0
Bahut bahut bahut bahutttttt beautiful lag rahi ho,0
Haye ye aur itihas wali ada pasand aayi dikhti bhi khubsurat waisi majak masti fb karo na karo hum bhi majak hi kar rahe the ❤,0
kya bhonk raha hy kolkata k randi khany ki nasal,1
Tum hi ek galti ho syntax toh choti moti chiz hai ),1
स्वदेशी मोनालिसा का नज़र बदलेगा या नही जानना चाहता हूँ । As usual beautiful StayBlessedPS just asking,0
Chand dekh raha tha pata nhi kis ka tha par bahut khubsurat dekh raha tha,0
Kya be tihari fan Har baar gandu ki harah aa jate ho,1
In logo ke to baap salman 6ka hi hai na to wo jo bolega wahi kregeBoycottKapilSharmaShow,1
Raste ka maal hai saste me hi hoga,0
Ek to shadi nahi ho rahi hai aur jinki ho rahi hai wo bhi itni khubsurat cheez ko Nikkah likh rahe eww sounds like that racist N word smh Bahot museebat hai smh,0
MAI BHI GADHI HOON YOU CAN TAKE MY TWEETS SERIOUSLY,0
Muslim ki toh maa ka halala hua pada h 2014 se baat kar…,1
idnani_nandini Drug Catel behind RheaChakroborty Consumption &amp; dealing from DubaiED zooms in Drug links from her WA chats Believe…,0
मेरी धड़कन।। ।।।।।।।।।heart quotes love instagram poetry life lovequotes instagood feelings motivation follow quoteoftheday shayari inspiration india photography heartbroken quote cute motivationalquotes beautiful writersofinstagram,0
Good morning beautiful hair तेरे रूखसार पर बिखरी जुल्फों की घटामैं क्या कहूँ ऐ चाँद हाय तेरी हर अदायूँ मिलकर सनम तुमसे बातें करने को जी चाहता हैतेरी जुल्फों के साए में सोने को जी चाहता है❤️,0
I am disagree you s p sharma Apko kya lagta he rahul gandu ko koi ek rupya b…,1
my cute devil freind you are very such a kamini and marjani But I love you because you are very sweet and helpful a little psycho and mad but I love you ❤️♥️♥️♥️♥️♥️,0
Khud ki bhn ki rate bata rhs h Hahahahaitni sstimko na Chahiye tu hi rkh Teri bhn ko,1
Acha 5000 kya 500000 bhi marr jata koi tensioin nahi bas wioh randi gayw,1
Teri maa chodwati hogi durga puja m mullo se isliye tu bapp ka lund leke chilla rha h,1
Acha girls itni khubsurat hoti hai ka boys ka tharki pan jaag jata hai na chahtay huway bhidont target boysek baat bolun aaj kall zyada ladkiya thaak rahi h boys ko ched bhi zyada wohi rahi hboys dartay h kyu ki she team ghum rahi h har jagah,0
Rhea Chakraborty himmat hai to Arnab Goswami se krwao interview ShameOnAajTak,0
"Mai bi asy hi bhata rhi k har rang hi khubsurat hai""""""",0
Tu padhai kar be gandu 23 din me exam hai CA Final ka Meri tension mat le Mere saath mat aa May 2021 me,1
Sunnath tareekha sab se 1 Ashal ( easy)2 Akmal( complete)3 Ajmal ( beautiful)haiIsi liye woh sab tareekhon se Afzal hai,0
haan kamini khud hi banati hoon and sabko khilati hoon Aaja tu bhi,1
Gandu teri aik bhi tweet asi nhi jis me gali na ho unko to choro tmhe kya hwa,0
Tu sala sahi log ka photo lagai eak Gaddar no 1 jo pre poll alliance ko thukra aur Antonio…,0
SS do aur control ur tone frustration mein kuch bhi n gadhi kaunse number pe trend hua tha tumhara so called planning ghatbandhan trend??RubinaDilaik AbhinavShukla RubiNav,1
apka bhi aisa hi maal hai kia,0
Aji land mera bc khush hi suchi bna k khud ka hi naam likh lene se koi prabhav sali nhi bnta,1
Chal bhai mere ko try bhi mat kar tu Bhai try bhi mat…,0
Fake messenger you mean ?? Karma is getting to you Kaliyug ke raakshas in many ways Aur kitna…,0
Tere ko yaad hai na m jab maine teri maa ki b■■r me se bamboo daal kar uski…,1
Tere jaise kai robinhood aaye hain beta jo twitter par hain hi isiliye ki bas kahin se koi tip mil jaye tum gujrati log bas baap ka maal udane aa jaate ho yahan manu bhai ki tarah pehle 5 saal market mein tik ke dikha fir baat krna,1
Yah to tadka se khubsurat lag rahi hai,0
Dusro ka naam badalne se pehle apne asli baap ka naam pata karwalo Pata Nahi kitne ashramo mai gayi Teri maa,1
Sahi to bol raha he randio ko randi ni to aur kua bole baji,1
Randi ki paidaish teri maa ka halala maine hi kiya puch lo apni ammi se,1
Punnu to aisa khush ho rahi hain jaise Rhea koi freedomfighter hoactually iska g sukh gaya tha ncb…,1
Maybe some funny edits from frenemies? Like everytine they stare at eachother or when they parody eachother or Trish says something silly and Ethan is in disbelief,0
Aise rahogi to pata nhi kitne uncut lund se chudogi kuttiya banke pura din,1
That is false we live here for 30 000 years and 7 000 years ago we domesticated camels here and still we eat and drink camel milk and meat Proud of my ancestor Samaale that where The name soomaali came from mening Soo= goMaal= MilkIt means go and milkWe own camels,0
Shree ko thori sarkado me apki chuchiya pikr ajj ka din suruwat krna chahata hu,1
"If ""mummy mujhe chipkali se drr lgta hai"" Had a face",0
Isne sab bolke dekh liya lekin koi bhav hi nahi de raha hai ab To ab isne brahamashtra nikala hai ki Suicide kar lega Kar le bhai pura desh tere sath hai Waise bhi paiso ki kami to tere gharwalo ko hogi nahi waise bhi bahut maal banaya hai tune ye protest me,1
askSRK has a different fanbase such a beautiful answers which reflect d journey a srk went through So much positivity towards life loved Kismat sali kitti cheez hoti hain,0
Chup be shanti apni sthan bisesh pe rakh teri maa ka rwanda,1
Ed jaisi bikau ghatiya ko ye adhikar nahi ki wo criminal matters me…,0
Jab haraam ki rozi Pakistan me hi mayassar hai tu tuj kaisi Randi baher Q jaigi,1
Usme samajhne wala kya hai???? Tom Shelby aur Greta toh hain,0
Ab pti b awam ko chuthiya bnaye gi wohi nawaz sharif waley stunt,0
जय श्री राधे जय श्री कृष्णा❤️ beautiful सुपर स्मार्ट बेहतरीन खुबसूरत,0
rate 1 to 10 gaano kahirap magpatulog ng bata,0
Yeh bahut khubsurat nazar Aarahi he yeh rahe tabahi ki aur ja rahi he,0
Afsos hua ap ka account bi shaheed hu gya Chalo koi ni is bhany ap follow back tu diya kro gi ab,0
Ha tuti thi kuch pal ke liye Ab ek ek tukra uthaugi Ab tu bhi dekhMein kya khubsurat kissa banaugi,0
Mehandi is beautiful lekin uski smell aati hai Isilye mein jab bhi lagvati hu toh naak band rakhti hu,0
Are tajmahal ko thodi pata hai k vo kitna khubsurat haiWaise hi apko bhi na pata‍♂️‍♂️,0
Both ncp and sena in alliance with Congress in maha but both parties supporting tmc in Bengal where congress is also contesting papu chuthiya,1
Swamy39 republic TimesNow SiddharthPithani I think Pithani has false security and unaware of how serious this m…,0
BC yeh Islamic Republic of Pakistan hai yaha aisi gandi cheezain Ban he hoti or Porn b BAN he hai…,1
chlo koi na aise hi aate raha kro tlpe khubsurat ladkiya to dekhne ko milti,0
Sarmad lagta hai teri maa ka halala karna pade ga bahut din ho gaye teri maa Tarap rahi ho gi mera L lene ke liye,1
Beautiful Linesयादें होती हैंकुछ खट्टी कुछ मीठी कुछ चुलबुली नमकीन सीप्रेमिका की अठखेलियां सीजीवन में रंग भरतीआंखें में सपने जगातीकठिन पलों मेंजीने की राह दिखाती।यादें होती हैनवजात की मुस्कानअकेलेपन की साथीयादें बस यादें होती हैं।,0
Slut shame kya kiya dikha mujheusne kuch edit ki Jo ha real ha photo ha na edit to dekh us Masum sana fan ne ki ha,1
अगर कोई लड़की virgin नही हैअपने बॉयफ्रेंड के साथ फिजिकल रिलेशनशिपमें है तोRandi hai,1
Khubsurat hai saara jahaanDekhne wale ki nazar chahiye,0
Sonam Kapoor sends truckloads of love to ‘gorgeous’ Anushka Sharma and Virat Kohli as they announce pregnancy -…,0
ISI ke randi se Saab darte hain,1
ख्वावों में आऊं कैसे मैं तैरना नही जानती मैं अक्सर डूब जाती हूँ तेरी आँखों के गहराई में Beautiful_eyes,0
Ladki kitni khubsurat kyu naa ho make-up toh karti hai hai,0
sahi kaha mard ki takat waha se pata chalti,0
Modi chasing a certain architect lady while he was CM of Gujarat and his lieutenant shah tapping her calls n sending police personnel to spy on her Where is she by the way? Ye usse bhi Sengar na jaise apne victim k father ko marr diya thakya wohi toh nahi huwa uske saath bhi?,0
Odisha state totally unsafe for wildlifesstate govt totally incapable infact failed to protect wildlifesi feel happy for same times felt bad for mahavir who died(can say killed) due to negeligency of forest officials,1
Sun be randi k bache pahale apne baap ka pata la…,1
1month hone ko hain avi tak koi investigation ni ho rha h kyu ki o apke beti ni hain yeh duniya hi Kamini hain kutto ki tarah famous logo ki help or trend kr dete aj chote sahar chote gao ki ladki hain isliye aj koi help ni kar raha sbko apne jaise samjhoge to desh k bhala hoga,1
Funny read about the RNCJr’s twitchy xenophobic rantGuilfoyle’s demonic rant“Only tRump can save you from angry bla…,0
ye Teri behen hogi jisko Abdul ka ling pasand hai convert h…,1
Good Morning Cute Abhi ❤️❤️hv a beautiful day ❣️Mera naam ishq mera kaam ishq yahi naam hai,0
Bebu ko kush dekh kai ham bhi bahut kush hai ✨Lots of love our Beautiful ❤️ ShehnaazGiII Shehnaazians Sidnaaz SidNaazians,0
*Not a word of praise from Bollywood for Manikarnika*MAAL girl depressika targeted her movie JHK through her Depresi0n NGO*some journalists went against her during JHK promotions*silence of Bollywood for ThalaiviTrailerList is so long,1
Bas isii tarah 4ka ajaye 6ka ajaye aur Run ban jaye bina nuksaan k,0
Khubsurat Lamhy Mir Hassan mir bhai or Mohammad bhai k sath ❤ Kazmibro via,0
यूपी पंचायत चुनाव जौनपुर में बदलाव के लिए चुनाव लड़ रही है ये 'खूबसूरत अभिनेत्री' क्या देंगे आप साथ publicnews_tv,0
Hanubrat Tera jawab nahin kab de kahan de hisaab nahin kyonki pahla phase se hi Tera maal chhino party ka heart bitting badh gaya hai sir jai sri ram,1
Aur smile bhi phoolon ki dekhoHoli ki sabse khubsurat muskan,0
Bc khushi me naach rahi thi par tu fir bhi kamini hi hai,1
Kal jab news reporter nay aurat March waliyon ko randi likha to kuch logon ko bohat takleef hoi thi Ab wo kahan hain Ab koi problem nahi hai,1
Jo meri id ka naam hai churail wo teri maa ka naam hai samjha,1
Meko BiggBoss dekhna he but meri family nahi dekhne degi isame thoda gandu gandhu harkte bhi he o nikal do…,0
acche log hamesha apne aap me hi behad khubsurat hote he,0
mabilis matapos bakit ganito bakit ganyan Di ko lang masabi na di naman ako yaya ng bata Teacher ako Teac…,0
Pani se teri chut ki aag nahi bujheglund ke pani ki barish karuga i,1
Uff ohIndia mostly exported vaccine prepared by AstraZeneca and OxfordLots of countries are eager to return them also Bekar hai bolkeLe lena rejected maal,1
He is a fool &amp; is doing randi rona about US &amp; how India is running ahead bcoz of help from Western powersAnd then is hyping up our fault-linesOn a different note againThat said I can never understand why countries like Vietnam/Pakistan/BDesh/SriLanka &amp; others punch below,1
Teri maa ka log hoon mein chuttd se muh k,1
Kudrat ki banayi har cheej khubsurat h,0
Still Some Losers so called Journos r peddling the Depression theories for both I mean come on gimme a break Kuch Naya Maal Lao Yeh Deepika sala basi maal kab tak bechenge‍♀️‍♀️Interrogate Vaze 4 Sushant,1
Sir please help us mera papa driver hai lockdown mai papa ka kaam chut gaya hai unki Tabiyat BHI KHARAB haiMer…,0
Hum toh aapko dekhkar hi khus jo jate hain Purani Simona bhi itni hi khubsurat hai jitni nai,0
Harami gunja haramkhor to thaa hee abb damagh be chal gia hay,1
Abhi aisa koi hindu bolta to bhosdu apni maa ka randi rona karte desh ki durgati pe 2 ghante gaand phadta lekin mulle ne bola to wo chup chap apni gaand phadwa raha hai,1
क्या आपको भी मेले में घूमना पसंद है??UttarPradesh Lucknow beautiful लखनऊ travel foodlove funloving life,0
Chutiye shaheen bagh ek road ko block krke Bnaya tha ramlila maidan already ek sta…,0
I'll take this Y and bin itYeh mere desh ki dharti ooooooooYeh mere desh ki dharti sona ugle ugle hire moti Mere desh ki dhartiOoooooooAhhhhhhh ahhahhhOooooooAhhhhhhh ahjj ahhahahYou get Aa,0
Bahut khubsurat hoti hai yaadon ki duniya,0
✋Traitors tractors won't work so rotten langadi gadhi it's a absolute win for BJP Bengal mai kamal hi khilega bolloh jai Shri Ram,1
sab milgeyi but 11th july nahi mila tu kunwari hi rahegi kamini,0
Same like teri maa ka yaar niazi right BajwaSaabJawabTuDenaParayGa,1
NewProfliePic श्वेता मैम आप जिन लम्हों में हंसते हों वो लम्हे कभी ख़त्म ना हो मैम जब आप प्यारी सी मुस्कान के साथ हंसते हों मुझे बहुत ही खुशी मिलती है my Dear shweta mam Myinspration Mybestmam Attitude Smile Beautiful Newsanchor love u mam♥️,0
Bhai ki Entry ki wajah se Cinema me honi chahiye Lekin Aayush Maha Panoti he Chuthiya Sala,1
Tum saath ho to ek alag sukoon hota hMera ye aadha dil muqammal dikhai deta haiIntekhab kr liya h is dil ne tumhe safar-e-zindagi k liyeTumhare saath hme hamara mustaqbil khubsurat dikhayi deta hai,0
Teri maa ka kala bhos toh isse bhi bada he Hena tu ne toh dekh hi hoga Tumhare toh maa behen bakri ek hi h sab,1
Sadak2 AliaBhatt SanjayDutt &amp; AdityaRoyKapur starrer film becomes the worst-rated,1
Di aap positive ho lekin sab sidhearts ko mat bolo ye log slut shaming karte hai sabki,0
Nepal also want fair changes just like other countries freefire is racist Nepal should also get chances for itRandi KO ban gareenaRacistGarenaFreeFireIndia,0
Barbad karne wali cheejeKitni khubsurat hoti hai haina,0
Bhai Tere Ghar Mein Bhanda fod Hua hoga yah post Maine isliye Dali Hai K…,1
Han na urdu bhi khan ati ab haloween ka acha matlab is rat ko jin bhoot khubsurat tyar hotay hein party krtay is ka matlab hai kay ap haloween night main sb say achay jin ki trha lagay gain is say zyda acha matlab mjhy kuch samjh nahi aya,0
teri pan ke phudde pe tel lagane wali randi ke bache ye jo ratio tum kerte ho na she has 10k followers on ig haha tumhe to koi mo bhi nai lagata lmfao,1
Kio is ne teri maa ka phooda mara hy,1
kuch din ruk ja pappu ki gaan marenge nanga kar ke chaurahe pe,1
Jisne glt kam kiya wahi bjgt hai scha moti ka bhgt hi aapsi fut paunde ne te bai tu v hdd a yra kine paise den da laara laya vese ganje jhe ne Desh_Ka_Gaddar_RSS,1
O kisi Ghasti MAA ki BachiRandi ki auladAwara Kutti ki bachi,1
beautiful mam kal arnab sir debate par toh aaye but holi tak wish nahi kiya he is very naughty aap unhe humari taraf se dantna okay,0
Agar ek baap ka aulad hai to proof kar ye video india ka hai nhi to samjh jaunga teri maa ke baare me chewtiye,1
Mujhe kuch fark nahi padta kounsi Actress Hit hai ya flop hai beautiful hai ya ugli hai jo Akshaykumar ki ijjat karti hai use mai like karunga BAT KHATAM Akshaykumar is Everything for me❤❤,0
Beautiful feeling Khoobsurat honthon seChhulo tum pani to vo bhi jam ban jaye,0
Bas ab AliaBhatt ka career khatam karo Bahut hua iska badmashi,1
Jb islam k against chalo gi tao aise hi hashar hoga Yahoodi nizam ko apna ke siwa…,0
वफादारी किसी पार्टी विशेष के लिए नही अपने धर्म और संस्कृति के लिए है इसलिए भैया आप लगे रहिये। भगवा फूल पीला फूल अजीत भैया beautiful,0
Katayi cringe waale tiktokiya gaane psnd aarhe hain aaj kal Kya din dikha gya tu corona teri maa ka,0
ar matlab tumhari hasi sunkar khud ko rok nhi payapagalo ki tarah has rahi thi tum isilya kahapar smile bohot beautiful hai,0
na mai pari namaazte na mai jaam sharaab da pitakhushi na Gham koi vi na aayana hasyaa na royaAj da din vi aenwei langya- Munir NiaziBeautiful Poet and Beautiful Poetry Punjabi poetry Pakistan,0
ISILIYE TOH MEME KWEEN KAHA KYUNKI MERA MAAL AAPSE HI AATA HAI,0
Apne Hyderabad jake owasi se bol den Teri maa ka rashoda,1
Teri maa ki choot me democracy ka danda dena ho ga harami nasal,1
Teri bhen ki aur Teri maa ki tanzeem 126 Din kis ne ki chal Kisi awara k…,1
Aap tabhi khubsurat the oar ab bhi hashin ho,0
they’re like ok because it’s from an old game i play and i’m like yes? i know?? what the fuck? i don’t know if…,0
I m not looking in this wayAgar kisan dilli me aagjani kar skta hai tod fod kar skta hi to vo apne saman ke dam khud tai kar skta hai inka sangthan to ban hi gya hai ab ye apna maal tb tk kisi ko na beche jb tk inka sahi dam na mile supply &amp; demand ka relation jante hi,0
Achanak Se Zindagi Itni Tez Chalne Lagi Hai Ki Jab Jab Piche Mud Kar Dekh Raha Hun Lagta Hai Apni Kahaani Ki Kisi Khubsurat Pehlu Ko Piche Kisi Mod Par Bhul Aaya Hun Iss Aas Me Ki Kabhi Usne Tez Chalna Sikha To Mujh Tak Pahuch Hi Jayega,0
Har baar jb mai yeh photo dekhti huHumesha lagta hai ki kyu mai inn mese ek nahi humuze bhi ek baar isitarah aapka haat pakadna thaThis picture is a beautiful incomplete dreamJo kbhi pura nahi hoga (6YearsOfSSRAsByomkesh,0
Vohat jald vohat jaldPolice ki ek aur press conference hogi ek a…,0
Beautiful bola haaye aaj sukoon ki neend aayegi mujhe,0
Someonetumhari maa ki chutMesabki maa ki chut hi hoti haitumhari maa ki lund hai ky,1
In chutiyoon koo kuch kaam dandhaa nahi hein kyaa administration ka hamesha Central govt ko kosney mein lagey rehteyMyanmar ke logo ko bagayethoo Vasudaiva Kutumbikam ka yaad dilarey tey kuch chutiyeAb vaccine diyethoo Randi ronaa rorey,1
Haramkhor kuttte to Bharat Maa ka beta hai but tu kis Harami ki aulad hai,1
Beautiful BIGG BOSS MUJHE SIDNAAZ KI YAAD ARI HAI,0
Pushpa Leaked Pic kavalante DM ki randi,1
EVM ka randi rona shuru? Saale jab EC bulaya tha tab kya marwa rahe they? Jab pehle EVM se elecion hhote the tab kya soye the?,1
Aisi sanskari ko bistar per ragad ragad pelne me maza aata hai,0
Apko dekh kar bas pyar ata hain man mein aur kuch nahiitna khubsurat koi kaise ho sakta hain,0
Kyon be saale tera najaayez baap Bollywoodwaale log tujhe paida kiya hai kya jo tu uski dalaali kar ra…,1
Sak toh koi nhi bss sak ye h ki tu teri maa ka tika hua toh h nhi hota toh aisa bol…,1
oye chutiya kon is haramkhor ka fan hai sala ek no ka harami hai ye kamina mil jaye to sale ko nanga kr ghoomu,1
Do you say batsman cheated when he switch hit Ja kabaddi khelo bhai tumlog aur ye randi rona bandh karo ‍♂️,1
Tab to fir vo kamini Kangana bhi Sushant ke case mein rajneeti hi kar rhi thiAur to aur iski ek bhi film bata do jisne 200 crore ka collection bhi paar kiya hoSushant case mein jis Salman Khan pe ye ilzaam laga rhi thi uski hi picture Bajrangi Bhaijaan ne 900 crore par kiya tha,1
Leena di calling him MAAL and we call him Paapi kya horella hain sab? hein? zara gaur farmaiyee only you are the sane one among us who doesn't name him,1
व्हाइट लहंगे में HINA KHAN की खूबसूरती देख मर मिटे फैन्स बोले हाय ये अदा मार डालेंगी HinaKhan lehanga,0
gol maal (old) chupke chupke choti si baat ek ruka hua faisla jaane bhi do yaaro marathi Ashi hi banawabanwi,0
chehra dekhna aapnisuvvar se bhi karaab hogai TeriTeri maa ki toh agaimaa ka duud piya ho toh ban…,1
K tum itni moti kaise ho gyiP aye Tumne mujhe moti kahaAnd his laugh afterwards was something i missed alot And i loved how she smiled widely seeing him laugh ❤DheerajDhoopar ShraddhaAryaTKL PKL PreeRan KundaliBhagya,0
Kabhi kaanton bhari dagar hai to kabhi khubsurat sa khwaab haiJitni bhi padh lo utni hi kam hai zindigi to wo dilchasp kitaab hai,0
arnabofficial7 WeAreAllInThisTogether bas ye difference hai Rhea ji dar ke maare dekh rhi hain hum sach jaan ne…,0
Tere chodi bhan nu apne ghore kolo lava randi ma da bacha bhan chod tere ma gashti he bhan chod us ko dho dali ma da gandi bacha bhan chod,1
"Agree or not ""channa mereya"" was code word for ""I miss you moti""In bb14 house OnlySidNaazFandomKnows",0
Bencho Abram ka toilet cleaner ka duty bhi nahi milega tujhe teri MKB BTW iski Maa Iski Bahn,1
Blocked by this bigot hindol sengupta huduism ka champion banta hai yeh 6ka,1
Kya gaand h Kya chuchiya h Ekdum mast hot n sexy Milf,1
Csk Supporter ??Socho Rcb walo ka kya hota har saal Isiliye mai Sirf Virat aur abd ka innings…,0
मन का मेल साफ होने पर ही जीवन सुन्दर बन सकता है- सुकनमुनि महाराज,0
Bande ne bhar rakha hai with such beautiful lines Ek baar mil jaaye,0
vroooommmmm pinn pinnn woshhhhhhh shhhhhhh TREASURE_BEAUTIFULTREASURE StanWorld,0
Aa gaye na apne katua wali aukat par naam bhi katua kaam bhi katua lauda ka sonagachi teri maa to khaldhaar layak hai be,1
Teri Man ki chut Modi bahan ke loade kutte madrachod,1
abhanarayan divsXanky_ Boycott bollywoodif sushant will not get justice boycott entire bollywoodjusticeforSushanthSinghRajput,0
Teri maa ka bhosda chine Kutte bille khane vali qaum,1
Sir your aajtak has to pay 1lakh rs fine for false reporting what about thatHawam mein Sab nanga hei…,0
I thot 6ka hai thn I read the name lol,0
Its beautifulKaash mujhe bhi likhna aataMujhe bas chori karna aata haiSSR Justice Is Certain,0
Haan woi na apni dafa inko koi khaas dil lag jatay wese randi rona band nai krte,1
Tere maa ki chut kangana tere baap swami chimnanandkuldeep sengar k bare me bol,1
Shayad miss understanding hogaye it’s ok señorita I mean raj bade bade tweeter accounts mein aise choti moti baaten hoti rehti hain❤️,0
Abe itni garmi mein bijli kyun chala jata hai bijli do tabhi BJP ko vote milega,0
Uff ap bhi naA beautiful baby boy of around my AbRam's age now yeh sundar sa Babu mere Babu ke Papa hai yakeen nahin hota dekh keWaise AbRam bahut khush ho jayega sunn kar shayad maan bhi le ke ap uske favorite Dinosaur se mile hoI think These photos are of the same day,0
Abtak dono bhi Meri spelling sudhar rahi thi n ab pata Chala khud dono chuthiya hai aur muze sikhane chali hai,1
Dekha nhi to kya hua ji Aap to ho hi bahut haseen Aur Khubsurat,0
Aap bhi kuch kam khubsurat nahi h kanchan maam,0
Aap ki ankho me ku6 mehke hue se razz heaap se bhi khubsurat aap ke andaz he,0
BahawalpurChairman Public Accounts Committee Punjab Provincial Minister for Social Welfare and Bait ul Maal Punjab Syed Yawar Abbas Bukhari distributed school bags books relief checks and toys to special and VIP children The event was organized by Helping Hands NGO,0
Deeply saddened by the demise of actor Shashikala ji She played pivotal roles in many movies like Aarti Khubsurat Anupama Aai Milan Ki Bella Kabhi Khushi Kabhi Gham Mujhse Shaadi Karogi &amp; Baazigar She had acted in more than 100 films both as a heroine and as a villain,0
What does MBWE certification for blackbusinessowners look like in the new Post coivd19 world?minorityowned mwbes Tony Cameron Roxanne Nancy John Tim Terrell Imani Eric David Sharon David Taryn Lee Randi…,0
KUTTA KAAN LAY GAYA JUB BUN JAEY TO BAAT KARNA BAQI RANDI RONA HAI,1
Tu peda ho gaya is me teri maa ko kya fayda hai ?Tu unhi me se hai jo sadi karne ke…,0
Haramkhor kuttte to Bharat Maa ka beta hai but tu kis Harami ki aulad hai,1
randi ki paidaish tu aur teri party jaat mein hi batengein logon ko teri maan bai…,1
Kuch bharosa nahi meri sister beautiful hai koi pagla piche lag gaya to kar bhi sakta hai Lekin interview to mai hi lunga,0
So beautiful Jai shree ramjai shree krishna,0
Still its so pretty Its beautiful Kbhi kbhi kuch adhuri chije v bht kuch de jati hai,0
Ek baat bata do bro sambidhan to ek he fir kyun tum log apne dharm ka prachar prasar Karne ka chut he…,0
sahi bol raha hateri peen ko yahny ki tayari ha randi k bachytujhy pata ha ye hath kandy noon leg…,1
BeautifulAap ki khubsurati ka raz kya hai?,0
Wese is se Munasib koi lafz ho hi nh saktaRandi ko Randi na likhen to pakiza likhen?,0
Acha lgta h tumhara naam mere naam ke sathJaise khubsurat subh judi ho kisi haseen sham ke sath,0
बॉलीवुड एक्ट्रेस सारा अली ने कराया बेहद खूबसूरत फोटोशूट देखें Viral Photos saraalikhan photoshoot,0
Sahi hai Mast sundar beautiful cool hot Jhakaas,0
Gyan pelne se pahle dekhlo apna karnamerandi rona band karo aisa jokes hum hindu hamesha jhelte hai tum bhi jhelo,0
Oye sun modi se tumhe problem hai to sidhe modi ko hi bol apna randi rona mujhe mat suna samjhe,1
Madam Tanch maal wale aisi baat na kare to hi behtar kyo M i right Mr,0
देहरादून न्यूज़ आई मुख्यमंत्री तीरथ सिंह रावत ने वर्चुअल प्रेस वार्ता करते हुए कहा कि दिव्य सुंदर स्वच्छ और सुरक्षित कुम्भ का आयोजन कराने के लिए राज्य सरकार पूरी तरह से संकल्पबद्ध है। भारत सरकार कीगाईडलाईन का पूरा पालन किया जाएगा साथ ही इस बात की भी,0
Kya nukkad paida kiya h tere ma ne sala chut h k…,1
Sufer khubsurat hai manzil se bhi ),0
bacha bacha jaanta hain ipl pura fixing league hain ab to band karo ipl warna inko sharam nahi fixing karneme…,1
Tere baap ka naam deepak kalal hy bhosdichod Teri randi maa ne bola mere ko jb mera bistar garam kr rhi thi,1
baaz aja moti gand goes to uni at the age of 16 but still has the IQ of a sandwich,1
Aapki aankhon mein kuch mehke hue se khwaab hain Aap se bhi khubsurat aapke andaz hain,0
Abe jaiswal teri ma bhut badi randi hai tbhi tu har jagah ja ke h…,1
People here just double your frustration specially meri kuch kamini moots,0
Hukomat nay ecl say is bhagori ka naam nahi nikala tu kuttiya phir bhonk nay lag gai,1
Why u have started this 'Randi Rona' so soon?PYI 'Randi Rona' is Punjabi phrase Google the meaning if u don't know,1
NCB ne arrest kiya to maal ke Chakkar me hi hoga,1
Are gadhi aunty usme vote hota hi nahi hai,1
Aisi bhi koi beautiful nahi ki sab pagal ho rahe,0
Jaise kuttiya haddi dekhke lalcha jaate h waise hi yeh aatmaye bhi promo dekhke lalcha gyebhai yeh baat batao na Bon ne mana kab ki thi ki usko Barristerbabu nhi bannawo to sirf arc k saath Banna chahti hYeh promo to khud apne apme mazak lagti h mujhe Andhbhakti,0
cancelboardexam2021 corona dekhi hai kitni faail rahi hai,0
So currently I’m talking to my friend who just had a breakupbosdike kitna rendi roona krta h raat ko,0
Shor ko hone doWhore (bardancer) ko rone doAb waise samay to badlaw ka haiPar hindu so raha hai use sone domondaythoughts HinduEcosystem bardancer,0
Han beYahan insan ko b thoda complement milna chahaiyeI knew that ye aayega and Esa kuch bolegaMere hisab toh yahan sab kuch beautiful hee,0
main to ye soch rhi hon ky ye aik tradition hai jo mery walid ky birth city DIKHAN min follow ki jati hai wahan jota chupai nhi hoti balky 2 nafal shukrany ky dulhan ky dupata main parhy jaty hain i think its more beautiful then dodh pilai and juta chupai,0
Vaise hamara trend raat ko bhi trend hua tha or subha bhi top pe trend ho raha tha and also our queen JasminBhasin was also trending on the top gadhi PaniDiGal,0
Teri bahan ko chodu Teri nani ki rasili chut me gode ka land dalu Ga…,1
Cbi shud interrogate in mediawe need transparency in matterSupreme Court decided cbi in public interestwe want c…,0
Teri maa ki chooth bhrdweAb tu or teri randi ka hashar dekh,1
Ok just like Deepika said for maal,1
Kabhi bhi chehre khubsurat nhi hote Bss Unki yaade khubsurat hoti h ✨,0
Sirji mera ek number to sirf mere bhai ke pass hain phir bhi Saari dunya se dhamki aati hain bol ke peecha cho…,0
Ek toh old memories aate hai toh waise hi jaan chali jaati hai its beautiful dear,0
I heard that you are anathmaa baap ka pata karle pehle pata chala baap Dubai me gaand ghis raha h…,1
"Aprilfoolday2021Happy april fool day ""un logo ko bhi Jo aj tk mera chuthiya katt-te aae hai ya apna katwate aae hai""",1
Kub jama kar chod rahi te mari sanskari mal,1
Rashami beautiful hai isliye uski pic lagayi hai shehnaaz ki shakal me hi manhoosiyat hai kya lagayenge,0
Khilte Huye Gulab Acche Lagte HaiKhubsurat Chehro Par Hijaab AccheLagte Hai❤️its_shayrah Beshaq hijab,0
magar ye fareeha ki aawaz bahot beautiful hai,0
Khatna pe to bol diya ek baat bata upar wala tujhe nanga paida kiya to nanga kyu nhi rahta kapda kyu pehn…,1
Meine bhi yahi bula Allah ne har larki ya larka sabku khubsurat banaya hai sab apni jhaga khubsurat hai,0
Bilkul Sahi But jase fake chutiye atheist wk TRF to…,0
Fir Randi Rona Mat Rona Ke Musalman Jihadi Hote Hai,1
Allah se maango Wahi sab kuchh karne wala hai beautiful buddy,0
Ghar me kuttiya rkhne sy b ni aty?,0
Aree pele jaogi tm kvi Bihar ana randi k paidaish,1
tum log jab pakde jaate ho toh randi rona karne lagte ho musalman hu isliye fasaya gga,1
Kedar Jadhav the undisputed Gandu of the Day The most consistent player in CSK Keep it up and the strike rate do…,1
You are sooo beautiful but yaar ye attitude mat dikhya kr samjh aai,0
हमारी बहनिया लाखों में एक आपकी रियल पिक हजारों फेक चेहरो पर भारी है my beautiful sister,0
Kyu teri maa behn mere bare me sochti hai kya suar ka potty khane wale,1
Khwaish to thi ki har channel ke anchor ko waise hin nanga nachaya jaye jaise we doosron ko nachate hai…,1
Tu v ghasti haiaur teri party v randi hainikalkhoti k bachi,1
Randii ki olaadHalala ki nazaiss oladdTeri maa ka bhosdasuvar,1
Teri maa ka bh**da itni hi achhi lag rahi h na apni maa ko hindu k saath pregnant dikha na lodu,1
Teri maa ka aashiq he safdar aur pmln teri ghatya sooch ki tarha ghatya saary kutty ke billy aur c…,1
Kyuki teri maa ka bosdanai khul raha hai sale congress ke dalle antibjpantihindu,1
or to ama maal smjh kr kabza kr liau bs ni chal rha tha tara ka sth hi la jao,1
Sonam kapoor are you watching daily news? sonamkapoor looking what a girlfriend can do Don’t blame the girlfriend…,0
Lakh Di Lanat tere te kanjra or is kanjar pe bi Yeh Islam ka hero ni Teri maa ka yaar hai or paise ka,1
Ek bar aur sabit hua Srk in stadium Dhobi oops Dhoni coming out at 4 had a word with watty and rest…,0
Ja fir chaina border par le lad jakar sala chuchiya,0
Muskurana har ladke ki adaa haiJo usse pyar samjhi vo gadhi hai --,0
Teri maa ka naam randibai hai naa jo 10 rupai me gand deti hai,1
Abey kamini samjh na bey Poop wala potty hi chahiye tha merekoBhukka bcHula hulaHBD SHAGUN PANDEY,1
Thum chuthiya tha chuthiya hain chuthiya rahega Rajdeep That fact is established,1
Multitalanted hai ma'am aap to agar aap IAS hoti fir bhi aap kisi na kisi field me bahut aage hoti AUR is berojgaari me achhi khasi income BHI hoti Beautiful,0
KYA MATLAB AJEEB PAGAL BHENCHOD MENE GHAR JANA HAI UK MEIN ITNE CASES HAI AUR TUM LOG PAKISTAN KO RED LIST MEIN DAL RAHE HO YE KYA CHUTIYAPAN HAI UK KO RED LIST MEIN HONA CHAHIYE RANDI K BACHAY CHIPAIR NA MARUNNN MADARCHOD KI AULAD FLIGHTS KHOL DO BHARWAE MENE WAPIS JANA,1
Ye snapchat or beauty plus to hamare jaiso ke liye haiKhubsurat log to aadhar card me bhi sundar dikhte hai,0
ek hain humari pattar didi aur doosre yeh pattar bhaisaab chipkali traits not going anywherego take rest stone bhaisaab please,1
Tere bhai ke lie h ye grmi devr g,1
Kyun Deepesh Or Neeraj CBI inquiry ke bhakt dono ek dus re se lad pade??SushantTruthNow SSRCulpritsBehindBar…,0
Yeh haiYeh inke andhbhakts haiAur yahan covid ki pawri ho rahi hai,0
homemade achar is best than ready made which has too much salt but I still say fresh made are best for health tomatoes charcoaled on gad stove and peeled off add salt hing clintro 4-5 clove of garlic red chilly pepper a pinch of schezwan pepper and whisk it in a grindervoila,0
CHALO AIK KAAM ACHCHA HOGAYA NS NE KEH DIA HAMARA JHAGRA IK SE NAHEE HAI TO AB TO TAMAM N LEAGUE IK K KHILAF KOI…,0
Sach me Dubey ho ki Rahul gandu type ke brahaman lagta hai halala brand ho,1
Aap ka randi Rona har election ke baad milta hai,1
Aap behad jyada khubsurat dikh rahi hai Kala tika laga lijiye kisi ki najar lag jayegi,0
It was such a pleasure to speak with ABC News alongside Randi Weingarten and Alok Patel about the impact COVID-19 has had on American education in light of The Biden Administration's School Reopening Summit,0
Yarr to vo teri item ka teri maa ko to bas pelne ke liye rakha hai,1
Climate summit mein jake bhi kashmir kashmir ka randi rona karoge tum log isliye nai bulaya tumko,1
Teri maa ka mujhe nai pata kis kis se yawati hai lekin tu danial chowdry ke chupa lagata zaroor hai is liye us jesi zuban hai,1
Beautiful Song Dum hai aapke Darshu Mein kuch bhi kaho banda kya gaane gatha hai,0
कितना सुंदर नजारा था छठ पूजा पर दिल्ली मे केजरीवाल जी ने कितना सुंदर सजाया था यमुना घाटों को मक्खन समान ji thanks for making Delhi such beautiful,0
Breaking Aamir Khan ne Desh ki Karodo Janta ki Bhavnao ko Thenga Dikhaya via YouTube y…,1
Bshut hi khubsurat lines likhi ho kash hame sayri likhni aati to esi andaz me hm bhi reply kar pate,0
Ni bilkul bhi ni q k har khubsurat insan hmesha single Hy hota hai koi k har koi sochta is Ka zarur koi scene ho ga,0
Waah Randi bane ki training Mujhe chahiye I also want to learn,1
Sushant Singh Rajput case CBI to conduct 'psychological autopsy' in Sushant Singh case SSR's fans please support…,0
Kuch log apne tweet ko khud hi RETWEET Karne ke baad Chalo ab like and comment badhane ka nanga naach ho ga ab,0
Sabhi Pakiza BahenoMene Compitition rakha hai pakiza photo de sakti hai Photo Pr Janata Vote Kregi Final mai Jo jeeta wo best_muslim_pakiza_randi_21 Award Diya jayega 1 Comment raat 12 baje se agli raat 12 baje tak honge 2 Ek I'd se ek comments3 Jiyada Comments wala Win,1
o rahan karo koi chut dila do bangalore me,0
Teri maa ka puda ma Bomb laga k oud doga tum loge ki maa bi kanjari aur tere…,1
Teri maa ka toh ek sath 10 ka experience ha sabse badi gashti ha kothe ki wo bh…,1
Abe behn ke lavde Brahmins priveledge se baat start hui thi tera ye randi rone ki baat nhi ki thi,1
Nanga kr diya Bollywood walo ko ek Arnab ne BoycottLaxmiBomb BoycottBollywood BoycottBi…,0
Holi Special कोरोना काल में इन हस्तियों ने जमकर खेली होली वायरल हुईं तस्वीरेंHoliCelebration Holi2021,0
Khubsurat ki Shukriya aapka share karne ke liye,0
Arrayy wahbeautiful Ye tu meri ammii bhi boltii hain mujhy,0
Abe chutiye ye sab bakchodi insta par hi faila yaha aise randi rone mat macha,1
PostponeJEEAndNEET Plz support nd help ur to raise voice u have that potential like u did in…,0
Na he shakl hai is chudail aurat mein aur na he sahi galat faisla krne ki akal bs sleeping with everyo…,1
but i used to call my sister katta katto bhens motithat was real body shaming P,1
shekharsuman7 They will act as per lawThey'll nt arrest 2 please usAll d imp evidences r finishedpsychological…,0
Friend - Bhai Ye dono Egg Shop Aass pass me Hai Fir bhi Ye 7rs Ka Ek Egg deta hai Aur Ye 5rs ka Aisa kyu ?Me - Mujhe Pta hai KyuFriend - Kyu ?Me - Kyuki Uski Murgi Randi hai,0
Sir please help us Mere maa to dusare k Ghar me kam karti hai but Abi Lockdown k karan Unk…,0
Rahul gandu 70 sal सत्ता me rhkr kya kiya,1
waah waah kya khubsurat kahi hai aapne,0
karne par meri hi personal property ko mere liye hi seal kar diyaa aur khud use kar rahe hai aur ultaa mujhe jurmanaa /punishment /maar dhaad/gaali galoch/dhamki wageraa de rahe hai aur meraa maal khud hazam kar rahe daraa dhamkaa kar aur chilaa pukaar kar ke aur khud ko,0
Somebody ask the didi to stop snorting on maal pls Anyway keep streaming and let's reach our own set target SharadMalhotra,0
Life is Very Beautiful✍तमाम उम्र बस यह बात याद रखिए कि इश्क और इबादत में नियत साफ रखिए Jai Guru Dav✍️SJMPBज़माने मै गुरु सुमरन भला यंहा कौन करता है योग तो सबको मिलता है फकीरी कौन करता है,0
kanjjero ka randi ronachalu ha ha ha rote raho rite raho rudali rudali,1
"When Rajpal Yadav said ""Meri ek Shanka hai"" and Akshay Kumar replied ""Haan toh jaake bajao na""Peeps took it seriously aur ab har baat pe Randi Rona karte",0
Khuda ka azab nazil ho ye mulk ko kya ho gya har jaga Rape or bc hum agar rapist ko mar dain tu Humain saza mile…,0
सुरमयी शाम का आना होता है शाम ए दीदार में नया तराना होता है गुनगुना लिया करता हूँ वक्त बेवक्त मैं क्यूंकि तुम्हें कुछ यूं यादों में बुलाना होता है हर शाम का मेरी बस यही फसाना होता है ❤ beautiful night❤,0
Teri maa ko lay kar bhagay gaa woPindi ka hai,0
"Reminds me of the time I was in a bus with a friend in delhi which had a female conductor I said ' randi' to him In Telugu it means""come here"" In Hindi of course it is derogatory to women I really got the chills when she gave me an angry look",0
bhai primary ke bacche bhi school aa rahe ye randi rona kahin aur karo,1
Chup randi kasai mard h hmm tmko jaise Mann kragh waise thoke gye tu kasai kh sik…,1
Ye 2019 ka data uski chootad me daal jiski sarkaar thi aajkal bihar me hai,0
Last year this time I was having some greasy breakfast with strongbow kutlwa monate maal coz I wasn't at that demonic place called work,0
Teri maa ka chamcha hai tu tho bhakt hi hai hum ram ke,0
Aaja mei Tuje donation deta hu fir Teri maa behen ko gaali deta huab…,1
First time Bo ever told me she loved me as her brother was at Sundari *Kix’s gaze is distant* It broke her She lost so much there I can see why Ore tells you to stay away,0
Happy HoliAnd like colorful light through these glasses you will shinePicture taken in Moti Mahal of Jodhpur Meharangarh Fort in Rajasthan HappyHoli,0
Waise fotu toh badi beautiful haibass isse zyada tareef na ho payegi,0
bhag teri maa ki choot bandar modi ji ban gaya jii ke bache teri behan ka yaar h…,1
Thane Hm Jis hotel me thehre the Uski khidaki se ye beautiful nazara he ik baat aur Rat ko nikal sakte ho Par log ghurte rehte jyada Jb ki Gujrat tarif Karungi to vighnsantoshi ko Khair Chalo Srinagar Vaha bhi mai raat ko exp,0
Hi aap itne beautiful ho ki mere ghar ke pas vala bhikari aapki tareef kar raha tha,0
Randi walee apni maa ko randi bol jo ki dahi m RANDI hai kyuki tujh j…,1
This song its beautiful ye song sunkar bhot jada achcha lagta hai lagta hai bas sunte rahe,0
Teri Ammi ko Bedroom main Dekta hu Roz Tere Ammi ko main Pyaar se Zee…,1
Teri behen chodu madarchod mereko ek din ka data agle mahine aad karke de Teri maa randi,1
kyo re udit teri amma ka bhosadha dekh teri bahin ka chodu teri maa ka bhosadha ye kya h teri…,1
Chup madarchod teri maa ko Pakistan me chodu bsdk Pakistan Pakistan bahut kar raha hai teri maa ka,1
Insta par dekha hai Payal rastogi kuttiya bhokk raha hai,0
Harchiiibee ko l*de pe rakh ke Blow job dete ha Yaha mu se daluunga udharr Teri MAA ki ch**t phatkeee Bahar nik…,1
Randi ke bache article parh phele bharwe teri gaand khol dunga,1
"Ok Chalo lekin mery Sath ""The Dark night"" Wala scene to nai Karo gi?",0
Teri pedaysh men b army Ka hath Hyni yaqeen to apni maa se poch lo,1
Jab Tak aise krne walo ks do hath do pair na kaat de aur jb Tak aise logo ko bich sadak pe nanga krke na…,1
Kutty ki ulad nawaz ka nawaz ka land chose nawaz ki randi ulad nawaz ne pakistan ko sell kar da randi ager imran nhi hota pakistan gay,1
So you voted for Congress and blame BJP for no development LOL SHIT Kaun sa maal fukthe ho? ANd they call us bhakts,1
Gand ka ilaj ho sakta hai lekin gandu pakistaniyo ka nahi muhammad ali jinnah,1
Ab tph iska bhi trailor aa raha hai Broken But Beautiful 3 ka trailer kab aayega,0
Khubsurat ye jamane yaad Ayenge☺️Chah kr bhi hum tumheNa bhool payenge❤️,0
Abe tu kitna bhi Randi Rona KR le but modi India ka pm hai aur 2024 me bhi phir dubara pm banega Aur tu aur ye khalistani tote reh jaouge,1
Or kuch khubsurat nasihatien bhe agy ki Zindagi k lye,0
Randi baat sahi hai khan saab ki,1
Kamlesh tiwari ki bhi gand me bohot chul thi uski gand bhi fadi thi humne baad me randi rona mat karna madarchod,1
Uski aankhe hai nasheeli jinme khone ko jee karta haiMashallah ishq ek khubsurat ehsaas hai♥️,0
Isme yeh jo kaanri kuttiya hai yeh daayan hai nawaz shareef khas ker maryam ki,1
Jany dy Rahim jahil ha ye randi nsal ،,1
Hey SSarians why we are not trendingwhere is your joshdont low your voiceSandeep Singh is about to departu…,0
Apna beta jese b ho lakin bahoo inhain khubsurat he cahiya,0
Chal be ganduApne Dhoni papa ko kahi aur jake defend kar,1
Dinesh Gandu she is not sita maa durgee hai wo bhai she killed t…,1
Teri maa ka bhosda Nepal India Ka part randi ke aulaad madarjaat Ghar me this ke Teri m…,1
Yeee Aunty ki halath tho dekho thabhi tho aur aur sarey…,0
aliaa08 bhosdi wali हरामजादी teri maa ka bhosda teri Teri maa ki chut mai lawda dalunga Bhosari wali maa chud ja…,1
Ertugrul bhai k bhe mazy hain haleema bhe khubsurat aur ye bheErtuğrulGazi,0
Too much show off with just 10kg of weight lifting lavde ke ball chutiya can't even take singles in…,1
Khubsurat se bhriconfidence se bhribold ledies kbosseshwar jo kerta hai hmesha achhe k lea he kerta hai us achhe ko pehchanne ki koshis kro or age or bhi acha kregaAp to ap pure bhart me suprem confidence vision se jani jati hai apne eest dev wh mom dad ki sewa me rho sab ok,0
ok dun scare me wese b we dont have cockroaches chipkali pta ni kaha se agaye,0
Lekin rahe ge fir v chuthiya hiazadi me koi jogdaan in lvdo kalvde ki shaan,1
Beghairti to wo the k TV chanel pr live baith k talk show mein dupata boobs pr tha to tum ne side p…,0
Randi kay bachy Talat Kab ban rha hi Ambassador Haha,1
Telangana accent lo edhi ki gedhi adhi ki gadhi antha ki gantha vadutham aa accent lo e song ela untundo ane thought tho vesa Nothing more I'm straighter than the pole your mom dances on,0
Meko lagta hai tere behan ki chut me kuch jyada hi khujli ho rahiii haiii vo saant meko hi karni padegiii saala sasti randi ki aulaad bc,1
Ameer aadmi ko khubsurat biwi mile ye zaruri nahi,0
baby virgin ka tu phudda pharna parta hay jhatkay se dard aur khon tu achi baat hy matlab ke wo randi nai hay Beewi ki seal tu fingering ke bhi baghair hi khulti hy suhag raat ki bedsheet pr tu bleeding honi chaiye na,1
Army walo ko tum de nai payeAb yahan randi rona karre ho,1
So SIYA will be next taking the path of kandan And gradually learning the art of flipping in future Kamini will be soon SIYA 20,0
oopar aik khubsurat larki ki tasweer thi-,0
Abe lavde ke Baal kaun sa road badhiya hai kal hi khadde ki wajah se bike se gir Gaya Roz puliy…,1
Zari bhi khubsurat hoti toh chehra chupati nhi hotiPakka nakti ho tum,1
Ye Dekh suar ki uladh Teri do kaudi ki fauj ka kutta mara hua he vese baloch tum logon k…,1
बड़ी ही सिद्द्त और बड़े ही आराम से बनाया हैं ईश्वर ने इस मूरत क़ोचन्द्रमा के समान मुख पर लालिमा दी है सूर्य जैसा तेज प्रदान किया हैंइनके अवतार से वशीभूत होकर नर्क मे भी कोहराम मचा हुआ है कैसा आकर्षित मनमोहित और beautiful प्राणी इस धरा पर उतारा हैंकोई जलेगा नहीं सुंदरता से,0
I hate fitgirl for real Tere repacks kabhi nai chalte saali kutti,1
Randi KE aulad KE itni aulat salle aukat me reh Randi KE aulad tera baap gandu Teri Maa Randi Teri bh…,1
Greetings from ISKCONHabibpurToday's Special Darshans of Sri Sri Radha Madhav Jagannath Baladev Subhadra Gaura-Nitai and Srila PrabhupadaHare Krishna3/4/2021New beautiful Darshan Acharya Prabhupada125 essenceofvedas SanatanDharma April SaturdayMorning,0
Beautiful reply ManishJoke karte karte yeh log jole ho gaye hain Modi ko jitna girane ki koshish karoge yeh utna ubharega Aasman pe thukoge to thuk muh par girega Baki Joke continue rakhiye,0
Mane kon bhabucha tume hi sundari au kahi nahanti nijaku jiye sundara mane kari garba kare bhabi niya see jaha logai pariba,0
She is a third grade women have seen it back then when on live session calling someone randi ka baccha just becoz he called in between a live online session,1
Kiso ko paanaPhir khona phir uski yaad me Randi RonaAgar yahi ishq h toh gaand maraye aisa ishq,1
Tum beautiful nahi dekhne wale ki nazar achhii hai ye bola,0
Bahut bahut badhai aur subhkamnayenMashallah bahut khubsurat jodi hai dono kisalamat raho khus raho❤,0
Kya bolu yaarI'm humbledIt's a huge compliment She is sooo beautiful Main hoon toh nahi itni khubsurat but tumne itni pyaar bhari nazron se mujhe dekha ki main itni khubsurat lagi tumhe isse khubsurat baat aur kuchh nahi ho sakta Thank youBig hug n love,0
Bolo piche ka ocen ka panni bhi beautiful hai ☺,0
Teri maa gyi thii re mcke pillee mahan to ramlal tha uski b…,1
Beta tum to koshish hi na kro tum se ab kuch na hopayega jaao Italy nani k ghar aur maal phukoo,1
Ho chaandni jab tak raat deta hai har koi saath tum magar andhero mein na chodna mera haathSuch a beautiful song,0
kyu bola itna bhains sana ko aap logo ne hi start kiya tha girls sari hi beautiful hoti hai or koi nahi bhi ho to yese kyun bolta hai sirf aap log ab bichari dusri girl target hogi 2 years se sana ko jeene nahi diya or aaj itna buralag raha hai,0
black day for democracy my foot dimag hai gadhi kahi ki democracy samajh me aata hai,1
Congress wale sirf selected laashon par hi rajniti karte hain Dusron ko nanga karne mein sabse aage a…,1
Bhaee dil sy khubsurat hoty hain faisalabadi,0
Tu aur teri puri nasal awara haramkhor kutay hain Behan k loray Afghani refugee tu ne khud b…,1
sardesairajdeep yashoazad Kitne main becha apna imaan mr Khaajdeep?You do whatever you want to do but we as a c…,0
Fazal_sayyed_ TheRoyalRaajput GAUAHAR_KHAN Tumhari gaand me katta gushau lekin trigger nahi dabau toh bhi yeh argument valid rahega na?,1
शादी के करीब डेढ़ महीने बाद दीया मिर्जा ने किया प्रेगनेंसी का ऐलान बेबी फ्लॉन्ट में शेयर की खूबसूरत तस्वीर,0
TERI MAA KO LETA LETA KA CHODNGA BADA MAJA AYEGA,1
Aur tu England m baith k Randi rona ro rahi h pakistan aaa k kuch kr logo k liye,1
Hathras me insaf ke jagah power ka Nanga nach kyu?,0
Bc katwaya nahi Teri mama ki bund mai phass Gaya hai jaa kar dekh randi kuttay 1k subs ho gaye ego dekh lore Kay bache lun pat charney ka Itna shock hai aa abb charao tujhe,1
Mir jaffer teri maa ka phuda Teri bapp ki qabar par ja kar koi dramay karay tu kia karay ga harami,1
Ley sulle magane yake thika koba magane shata hodithini nen boss gandu shade maga nen ammaun addre…,0
aur unki maa menkagandhi ko ghar se bahar nikal diya jab beta 5saal ka ho ye naari ka…,0
Tho dafa ho hai hi tu kamini,1
Yeh general Teri maa ka khasm hai kutti k bachay???aj ye fauj hatt jaye tu Modi Teri gand Mara ga akr aur in sb pashteenu ki,1
Mekup artist to sab ko milte hai bs logon ki soch hi itni gandi hai inse a…,0
हर नज़र में मुमकिन नहीं है बेगुनाह होनाकोशिश की जाए की खुद की नज़र में बेदाग़ रहे ❤️Osm beautiful Looks,0
"Muhabbat ka doosra khubsurat naam ""Nikkah"" hai",0
Apko hr jagah Madhushala hi Nazar aati hWaise Subah Shaam do bund Aankho me daalne se Khubsurat ho jati h,0
Ladki khubsurat ho aur ladka kamyab ho to pyar 2 min mein hojata hai,0
Lavde mene padha haitu padh k aa uska historyfarak bas itna hai ki tune whatsap k msgs pa…,0
Don't worry Gobar gaychap bhaktinNothing is gonna happen to our Maha leadersThey wl Go But only after Sending ur Tadipar n Moti The Anpadh Chaiwala Into the Clouds,1
"Apparently this sonagachi r maal is a ""Moitra""- Brahmin herself our bad This Bahiragoto who knows nothing about Bengal's culture has hardly anything to do with ""Bangaliyana"" is insulting Brahmins The same nachania who hires people from delhi to campaign for her What a sut",0
Teri to bahen ki chut madarchod randi ki aulad,1
Jai Shri Ram mam This is beautiful Nakli kisaano ki band bajne wali hai ab,0
Nahi ye aise hi aag me ghee daalti he ye ek no ki kamini hai,1
Wase tum Kon hopehlay apni pehchan to bataojab ye randian nara laga rahi then le rahein gay azadi Islam se Allah se rasool seour har kaam behayai ka Kati hainyar in ke hoty hain smoking sherab sab kuch to is ke bad bi Randi ko Randi na kaha jay,1
So beautiful sir ji mujhe aap se milna hai sir,0
Sir please help me bhelupur thane me pkda gya phrod he jo government nokri ke bhane 250000 hmse…,0
Bus Aaj se sab randi rona band,1
Tu sach me Maha Gadhi hi hai TV DAPPER DUDE SID SHUKLASidharthaShukla,1
With 1 seat in 2019 against 300+ of Modiji Kejriwal is an alternative to Modi Chachao wale chachaItna sasta maal kidhar se phook rahe ho Agreed Kejriwal is an alternative to Joe Biden as well US democrats are scared as well after this announcement,1
To evn बैन कर दे ना randi रोना खत्म बीजेपी का भी और opponents का भी kyu नहीं करती,1
Stage par chaa gaya awesome mausam jab IdolAshish ne diya dhamakedaar performance humari beautiful RekhaJi ke evergreen gaano pe Dekhiye IndianIdol2020 Sat-Sun raat 930 baje Sony TV par HimeshReshammiya,0
आज ने एक बड़ी बात कही जब वो पिए हुये थे बोले यार saqib लॉयल्टी कुछ नही होती यार People need beautiful faces That’s it यार बंदा ने दिल की बात कह दी,0
Teri maa aur behen toh kaam karti hai porn hub pe usse hi toh tere jaise gawar ka ghar chalta hai,1
Uske Baap ka he jata h kyu ki teri Maa ko ch D nhi paa rha tha b…,1
Jab sanjay raut haramkhor bla tha tab to itna randi rona nhi kr rhi thi,1
Agar rhea Chakraborty se fursat mil jaye to tho…,0
Sir lockdown me mera kaam chut gya hai Sir mera do bachche hai Sir 5 mahine se bekar hai Sir 5 aad…,0
Tu harami hi h ya haramkhor Jab aag bhadkani ho to hi tatti khane nikalta h,1
Bilkul samaj gaya Suvar ki tara avo Kaam kuch math karo Subsidy mein jiyo Pukar ka kha ke suvar ki tara breeding karo Aur bhik maango Phir randi rona roo Aur pukat ka mil jayega Itne mein suvar ke pille aur breed karenge Baad isse kahte hai CHRONOLOGY,1
Congress ke banaye hue bridge par Lalu Yadav Ji ki train bahot hi khubsurat nazaara hai lekin fir bhi pata nhi india ke log aap logo ko kyun jita diye (,0
Tera baap bhosdi ka Teri maa bhosdi ki,1
Kyun Bhai Wahan Nanga Naach Ho Rha H Kya Jo Shram kre jb tmhe yhan beth kr chutiyapanti krne me shram…,1
Shaalo democracy me jeetey ho secular military ke chatra chaya me rhte ho isi moti chamri ho gayi ek mayanmari hote tab samajh me ata millitary dictatorship ke raaj me rhne s3 jeena haraam kaise hota hai waisa hi jaisa Pakistan me hota hai,1
Bahut acche shoaib bhai Khubsurat Lagta Hai Lekin,0
Jab harne ki stiti aa jaye Evm randi rona suru kar do,1
Bhaiya aap phone ko nanga chod dete ho ya kapda pehna Kar use karte ho,1
Abey gadhi aankheinh ya button Atleast kuch toh logical bol Shakal h nhi akal bhi Nhi h kya Hence proved you’re Aloo fan Troll kya hoti h that Aloo knows very well,1
Koi choti moti hoti toh blackmail hi karti aise saamne nahi ghumti she is definitely upto something big and I have a feeling yeh KS ka hi naam bigaadne aayi haisab bawaal karke KS pe blame daaldegi and yes even I want this Qayamat thing to end soon MaddamSir,1
Most beautiful gift वादा निभाना आनंद महिंद्रा सर से सिख सकते है,0
Ladhki khubsurat to hazar mile jaegi B's humhe uski talash h Jo khe tumh hoto SB h Varna SB Nash h,0
हर वक्त ये निगाहें किसे तलाशती हैशायद कभी तो यह सफर पूरा होगाBeautiful smile ☺ beautiful pose अति सुन्दर,0
Why most of the song rappers are selling drugs in their songs? Maal Fukna Are Bhai drug peddler ho kya?,1
Ye hai is ghtiya aurat Ki aukat dusron ko bolane se pahle khud Apne girebaan mein Jhank Kar dekh Le,1
Jani me Hamesha Hasta hi rehta hoonChahai mood theek ho ya na hoBaat krne ka dil kre ya na kreKoshish krta hoon Hasntai hoowai baat kru sb seAnd U have a beautiful heart bhai❤️❤️❤️Ap sb ka khayal rakhtai ho sbko khush rakhtai ho❤️hamesha Aesai hi raho or khush raho,0
Chehre me kya rakhha he? Khubsurat chehra dekh kr bat karoge esa Badsurat hu me to is liye chehra chupa rakha he Aur aap bina samze majak uda diy jesw ki kabutar wo bhi bina dana pani pilaye,0
Pucha pata laga ki tere baap asal me teri maa ko lekar aya tha Kyunki mere kutte ko talab lagi thi u…,1
tumhari ami hai randi ke bachay indian chutiya chup kar,1
He is leader of our farmer protest tu soch smj ke boll kuttiya,1
Kya aap bhi beautiful dikhne ka ek hi goal yeh no hota hai,0
True and beautiful- Jai shri siya ram Jai shri radhe Krishna Jai bholenath Jai Maa Parvati,0
Agree Tajmahal se jayada beautiful temples h Kailash temple at elora Still we r promoting taj mahal Tajmahal ko banaya gaya 14 biwi k liye mtlb ise mohabat ki nishani batate ho abe hawas keh do sala 14 sadiya admi tha ya setan,1
Most of my family got Moderna only complaint was a sore arm I scheduled my app to get the Moderna today as well My state opened to 16+ today,0
doston agar aapane abhi tak gana Nahin suna hai to jaldi jao jakar enjoy karo bahut achcha gana hai aur Jodi bhi bahut beautiful haiTahaAndAlaya,0
Mohtarma thoda adab aur lihaz me baat kijiye Yeh jo whore sabd ka istemal kiya hai Woh galat hai Maan lijiye,0
You know randi rona but not phadda,0
I definately confirmed u a great chtiya who vomiting fakeeeeee gandu newsYeh bhi KRK ganu Aaj Tak channel ka product hai,1
My lunch red pumpkin salad aloo fry palak rice roti aor mutton gravy all prepared by me,0
Navratri rapist manate h? Mene kiska rape kiya tera ya teri maa ka ?,0
Sherni itni khubsurat hoti hai pahli bar dekha mene Sachhi You Looking So Much beautiful Saree me aap gajab ki Khubsurat Lagti ho ❤,0
Idhr bhi idhr bhi aur chaand bhi bahaut khubsurat hai,0
Teri ma ka bhosda aur sidnaaz fd ki mkc bhadwi apni maa ko tag kar shehnaaz ko nahi…,1
I luvvv pizza except chipkali Tikka flavor,0
Ek dusre p ilzaam lgane k bina tumlogo ko koi aur kaam Nhi hai tum sb ek jaise ho apne fayde k liye k…,0
Is she out of her drug habit ?Has she stoped asking for maal ?,1
crazy how some girls be like “i just want something real” “i want loyality” “i want the same energy i put out” but be behi…,0
Fir baat ghuma rha h tu Abe aab baat ghumai na teri behen ki chut par…,1
Janay day bhai Kyun itna Randi rona,1
"Kisi ko compliment karna ho toh beautiful bhi bola jaa sakta hai Never understood why people use ""maal"" or ""sexy""",1
Dhadkano mei dhadakte hozehan mein har lamha rahte hokahin bhi jaunsath mere chalte hotoot-ne lagun kabhi totum sambhal lete hobahon ke saharon semujhe jindagi dete hoisse jyada khubsurat aur kya mahobat hogi jo pas na hokar bhikhuda ki tarah sath chalte ho❤,0
Jake scientists ka kulfa kar sb btaenge tujhe lund kese g…,0
Accha Madarchod ab sun teri Bhen Randi Tera Baap uska Dalla or tu Phate Condom ka na…,1
Haa itni beautiful haiHaayye hayeeMujhe gotta aa gya,0
Damage karny waly and karwany walay kon loag hain? Ye hakoomti mulazim hi hain na jo sarkari maal ko nuksaan pohncha daity hain Lekin kion k in ki siasi bhartian ki gaye hain to in say koi hisab na lay ga,1
Sabhi pakistani shia bhaiyon se kehna chahta hu kab tak ese hi dushman ko apne uppar hawi krte rhoge apni jaan maal ki hifazat ke liye hatiyar uthao Shiagenocide,1
Teri maa ki chootTeri maa ka bhosdaTeri maa randi Tu chakka Tere 1 lakh suar…,1
No wonder he left BJP Itna phokat ka maal nahi de raha tha Modi,1
O teri dekhta hu tuje m bhi be tu kya kr sakta h thik h ayega call chwtiye tuje mt…,0
Kokila Ben ki sadi chuttu kis zamane me ji rahi hai beghatiya sochh…,1
People think I am a cutu until they meet my momThen my thunder vanishesHEAR ME OUT I WOULD HAVE MARRIED HER IF I WAS THERE TOO DAD GOT A JACKPOTTAlso she follows me here for now xDKya sundari hai meri maa though oooof,0
"I SAID MY FREN WHY SHE DOIN RANDI RONA SHE SAID BESTIE NO CALL IT ""RANTING""",1
Hindustan may bane kanoon ki yehi problem hai paise wale esko randi jaise nachate hai gareeb admi adhikariyon ke pet hi nahi bhar pa raha haineta dalali har rahe hai,1
tuje kya pasand hai vo bata vahi bana lunga,0
MAA BEHENO BETIYON PARBURI NAZAR RAKHNE WALEZARA EK PAL KO YE SOCH LEKI TUJHE BHI KISI MAA NE PAIDA KARA HAITERI KAL…,0
Gand fat rakhi h sare channels ki ye sab news walo ko b nanga kar…,1
Wooden chipkali wala scene When prachi hugs RanbirBLISSFUL 2 YEARS OF PRANBIR,0
Gashti k bache teri maa k yaar ka beyan ho ga per tariq jamil sb ka nai,1
Godi media ke chamcho ko nanga Karke aur chamchiyo Ka muh Kala Kar gandhe par baitha Kar jooton ki m…,1
Not a fantastic moviebekar bekar bekar dari hui sehmi hui aisi nhi thi kargil girlboycott all bollywood moviesb…,1
Kyu burai kya hai kis ka bura huaa hai isse kisne is bajah kis ki jaan liiFir tum apni hawai kitab dekh lo jahan dekho randi rone,1
Ye khubsurat log etna busy kyu rehte hai ???Achha aap sab socho mai thodi busy hoo aaj,0
Wah Bahut dilkash ghazal haiنDil ke jazbat ki khubsurat tasveer kashi,0
i am not defending state (for me this state is kachra amd tyranny)did they contacted the state ? I think there is baitul maal something like that ? or you are expecting state to find them without telling the state ?,0
Bol re raand ka bachcha teri maa ki chut madarchod gaand mara liye suar se behen chod,1
your faux feminismis the exact reasonwhy I can't trust any of yousaying that you carejust to see me barei'm n…,0
Chipkali faraz this is the message you’re giving to the Jahil nation you bloody Jahil if he was positive he shouldn’t have called up for meeting bloody liars,1
HEATED TEMPLATES;)ANYWAY BOYCOTT BOLLYWOOD DRUGGIES INSANE GUTTERBRAINS DUMP PITSSARE OOLTE KAAM☣PHOOKTE RAHOMAAL,1
Hayyye Mukhiji and mukhyaani so beautiful ❤️ EijazKhan,0
Bazz Se Ye Expect Nahi Kiya Tha Aur Ye Gandu DK Ek Possion Pe Batting Nahi Kar Raha Kabhi No 3 Kabhi Mi…,1
Lanat Khana khargosh k bachy Dr sahib ko q galian deta ha Teri maa ny tujy haraa…,1
guyzzz khubsurat ladkiyan shadiyon mein milti hn isliye zyada se zyada shadiyan attend krein,0
Kisi din tere ko bhusri ke haath lag gaya toh nanga kar gaddae par ghumaye gae muh kala kar ke sorry muh to terap…,1
She hi kya kr rahe ho?Me DinnerShe Dinner me kya?Me Aloo ke parotheShe aloo ke parothe are too heavy main sirf ik khati hunMe ok*In reality*Kamini ne char parathe kha kr bhi dakar nahi mari,0
When Arijit Singh said safar khubsurat hai manzil se bhi NEETPG aspirants dint feel that,0
Rekha ji ❤️u Aapse bhi khubsurat aapke andaj hai Aap jab bhi kisi channel pe aati hai mai miss nahi karti huAaj Indian idol mei aapko dekh kar man gad gad ho gaya Aap jo logo ka dil apni baato or andajo se dil jit leti hai,0
Wah chudail Jinke wajah se din rat thus raha hai unko terrorist,1
Gashtooof ki bachi yai bat pahlay maryam gashti say or teri maaa kay yar nawazo bhagoray say kahni thi maa ko lan teri ko bhonkti hay bitch whore,1
Chuthiya didn't have balls to accept my challenge the narrative is being changed and see he will give BJP victory in exit poll bsdk,1
Sid humari kisi bhi bat ka bura nhi manta haihumare SidNaaz ke Tweets Sid ke Face pe pakka bahot badi Smile lati haiWo ap sabke cute sweet beautiful tweets ko enjy krte hai❤ap aise -ve math socho hum SidNaazians ko demotivate krne k liye hi haters negativity spread krte hai,0
श्रीमान सभी की सैलरी आ बढ़ जाती हैं लेकिन जो सड़क पर झाड़ू लगाने वाला है स्कूलों में साफ सफाई करने वाला है अस्पतालों में साफ सफाई करने वाला है उसकी तनख्वाह जल्दी नहीं बढ़ती ऐसा क्यों है चंडीगढ़ में City beautiful कहा जाता है पर यहां पर जो जमीनी स्तर पर कर्मचारी काम करते हैं,0
Kisi k acc ka poll dekha nhi bs circulate krne lgte ho and voting chalu Wo toh velle h isliye ye polls ka kaam shuru kia tum…,0
Abbey Thodi der natak kar leta toh kya jata Kamini ro hi deti bass,1
Chehra toh waqt ka hisab hota hagar niyati sahi rahetab wohi insaan khubsurat hai for eternity,0
Sahi keh raha hai suvar ka khandaan hai tera Tu na kutta hai na insaan Latak toh teri dadi ki gayi ha…,1
Kutto kai sath jo itni Narmi barat rahi hai yai zaalim aurat tumko issai bhi khubsurat tareekai sai paalti hai issai bhi zyada aur Zulm kerkai,1
"Khuda ki banahi har cheez khubsurat hai chay jis bi rang mai ho""""""",0
Khubsurat Hona Achaa HyPar Achaa Hona Bohat Khubsurat Hy❤,0
BeautifulTareef ke lie alfaz nahinAp ki bohat khubsurat tehreeren parhi heYen un ke sar ka taj heHeratzada ankh”insan” ke hathon “un”ki pasand napasand ke mutabeq apni tarash kharash ka safar dekhti hoiTesha apne hath men lene izafi Purana bojh utarne ki hasrat,0
YouTube pe dekho aur torrent se maal utha lo,0
Release kabhi bhi ho yeh jhatusalman farmhose me nepotism ko leke nanga nach he karega BollywoodDrugGang,1
Tu khubsurat abhi bhi hai lekin tujh mein ab wo noor nahi missed oldyou,1
"Meri hny wali sas apni beti ko kehti ho gii "" kamini susral ja ky kiya kary gi"" aunti ap is ko bhej do ma is ko kuch karny hi ni dun gaw❤️❤️",0
किसी और की copy बनने से कई गुना बेहतर है कि खुद का best_version बनोootd outfitoftheday lookoftheday TFLers fashion fashiongram style love beautiful currentlywearing lookbook wiwt whatiwore whatiworetoday ootdshare outfit clothes wiw mylook fashionista,0
Space main b apne randi rono se baz nae atay log,0
Tumne gandu hi rehna hai or public ne jo rhea sushant rhea sushant ke rahi hai Farmers ka muda v chal…,1
Faltu issues pr hi randi rona kro,1
rd_preeti We cud nvr get enough of him D more we learn abt him d more we are amazed ❤️SSR plz cm bkSushantTruthNow SushantWasKil…,0
HumsaFaR KhubsUrat nAhi kadaR karnE walA HonA chaYie,0
Sabse jyada beautiful sabse jyada pyari sabse jyada intelligent sabse jyada sweet sabse jyada cute sabse jyada saf Dil ki ladki sabse jyada mashoom tere MAA baap bhi proud fhil karte hai ke ye MERI beti Hai Bhagwan ko tere Jaise aur logo ko bhej te to achha hota,0
Just asked someone why are they happy??? Gadhi hun mai toh,0
Bhakhari ke chhatti aulaad yahi aukaat hai teri Jis uncle ki photo share kar raha hai use kal hi nan…,1
someone just called me chipkali ka paseena as an insuly and i almost passed out laughing,0
Tum jaise log unhi chizon ka bahiskaar karnge jisse Teri MAA beti surakshit…,0
Khandani randi NRO nahi milegaMadina riasat hoti tu tujh jesi kanjari ka sir neezay pr hota,1
For a change Rano Aunty and MsChipkali were funny that timeKasamHoli,0
Beautifulआप जब जायेंगे तो क्या देकर जाएंगे ? सैकड़ो चेहरों औऱ ज़ेहन सबको छोड़ जाएंगे।,0
BeautifulTareef ke lie alfaz nahinAp ki bohat khubsurat tehreeren parhi heYen un ke sar ka taj heHeratzada ankh”insan” ke hathon “un”ki pasand napasand ke mutabeq apni tarash kharash ka safar dekhti hoiTesha apne hath men lene izafi Purana bojh utarne ki hasrat,0
Teri maa rhea ka against itna proof mila tabhi itni conspiracy huyi hai,0
Ukhaad ne ke baad Randi Rona royaga lindu khatre me hai karke,1
Me bhedbhaav nai krta Dark ho ya fair Sab beautiful hai,0
Teri maa aur behen dono randi haikaale gangbang kar randi ki ulti ki aulaad chut maarike,1
Na na discount ke baad toh already actual price se upar rehti hai fees Jiska maal nahi bikta wo % of seats left update karta rehta hai,0
raffel par randi rona kab se shuru hai ???,1
Boht ho gai bakwas ab or nai bhard me Jay is ki kamar or bard me Jay ye sub dar…,0
Queen Table Talk with Dakota live at 6PM You don’t want to miss it QUESTtoSUCCESS PVElections,0
Aurt bewah tb ho g jb husband fot ho jaye ga to Qbr mein hony se sali se shadi possible ni ha,1
Abey Chutiya Hai Kiya Namuna Is PIC Se Madina K Riyasat Se Kiya Talluq Koi Randi Randi Baazi Kare Wo B Imran Khan Chutiya,1
Ajeeb randi ronay hanesha lage hotay jab twitter kholo,1
Wese b tu apni ek baap ka nh hai pta nh kitno ne teri maa ko pela hoga,1
Sab maal June 14 ke pehle khatam kar diya SSR neHe got justice that day itself,1
Teri maa ka phooda phat a shoro ho gaya soor k bachy,1
Abe randi khane ki paidaish sale bhadwe Ata…,1
sabse best hai guysThe Big Bull Title Track,0
Aaj Garyat loli ki bahan ki Chut me Rajsthan walo ne pur…,1
Abe madarrchod Khud ki sakal Dekh Tere se Jada khubsurat hai hum nhi yakin hai to puch Bahen se phone laga ya number du Teri bahen ka number bhi hai mere pass Teri bahen ka du ka kya roz chuddwati hai hmse address bata de hm Tere ghar ka or naam bata de Teri bahen ka kya hai,1
Mai online aaunga anu ek baar kya 100000 bar bola hu ki tum duniya me sabse jyada samndar cute sweet beautiful innocent ho Anaya ❤️❤️But mere se thoda km ho,0
Saayad mai kuch jyada beautiful hu isliye unko doubt h,0
M** chod do Uss randi Ki aulad randi Ki padhaish mulle ki,1
Iske pass to iska saaman bhi kata hua milega maal ka to phir kya hi kehna,1
NationalJumlaDay GlobalFekuDay FekuDiwas Moti After every fake promise to people,1
Shrif gand he dekha wo ge ya chut bhi dekha wo ge,0
That's all 220 million Pakistanis have achieved in 70 years of existenceAnd will be sharing for another 79 yearsKeep enjoying Waise off the topic I'mRAND Khan Niazi or Pinki Peerni ka COVID-19 theek hua ya India se vaccine bhejun Chinese maal to nakli nikla,0
Saloni aunty bahut gussa aata hai app logon pe jab aisa koi serious issue ka majak banane ka kaushish ho…,0
Tere jaisi tuchhi randi type ladkiyo jinda jalana chahiye teri manusmriti ke hisab se,1
Abe gandu ki aulaad kutte tuje kya laga 100 crore rs leke apna jihaad pura kroge pakde gye sab ke sab,1
ek chut ki sindoor ki keemat tum kya jaano vansh babu? VanshLovesRiddhima,0
23 in 173's Batch unme se 5 moti or 5-6 ugly,1
Q nahi hoga khara apki e bra ki dor or apki mast chuchiya dekhati ho to q na ho hamari land khara or kh…,1
If I\we failed this year it's not my\our fault How can I\we learn when no one discuss to us Hindi kona alam kong…,0
Tenet Sonam Kapoor Enjoys Watching The Christopher Nolan Directorial In London Taapsee Pannu ReactsTenet…,0
Kabhi usse Noor Noor kehta huKabhi usse Whore whore kehta hu,1
Karan johar toh chakka hai mitha Karan aliaa gandhi h aur sare chutiye h ye bacche aur boycottkaranjohar,1
Nhi mne istemal nhi Kiya lekin Teri Baji jab le rhi thi tab mne MMS bna liya tha mst leti hai yr,1
Jo bolte hai bolne Do meri sisterVo aapni sister maa or Beti ko ghar me randi kahe kar hi bulate hogeOr bhar party me bhi bolte hoge ki Dheko sbhi mere Ghar ki Randiya aa gayiJaha jate hoge vaha bolte hoge Maa bahen beti mere ghar ki randi hai,1
there was not any pakistani or muslim involved phir bhi behnchod feku failed votebke bhikhari saale chuthiya modi,1
Bada Mehnti Insaan Hai Bechare Ko Mann Ka Maal Nai Mil Raha Jaha Jaha Jata Hai Buri Tarah Peetai Hoti Hai Ajit Naam Main Hi Jhol Hai,1
Aur teri behn ki chut ka baal kaun h Aur teri raand amma ka,1
bhoshdike teri ma ki chut jeisi team deta heYe player to khela hi nahiMother fucker,1
Teri bhasha se Tu Pakka rahul Gandhi ka chamcha lagta ha…,0
Kamini Phir fp kaise chalega saru ko kaise dekhugi Airtel wle kuch jada hi kha re Kamine,1
jaise tumhare waha to sbne ukhad k bohja band rakha hai Abe averag bowl…,0
Abe rndi ke AUald sale Teri maa ke gaad ke ched mein apana lauda daal ke teri rndi Bhosdiwali maa…,1
Sir please help us mera papa private driver hai lockdown mai kaam chut gaya hai Mera papa ke upar bhot…,0
Teri maa gashti kanjri tumhy apny baap ka pata nahi kon ha khrami dalal,1
Hiii guys yup I know its late already pero I want to promote our activity sa exhibit namin which is Mysteries in HUMSS World sali kayo mga bhieee by pair naman siya and may prizes po,0
School college k to saathi mile ni inkeis ladai ko b ni milengesb shaheed ho gye hongeor ye ladai inhone hi jitaai hogiKaunsa maal phoonkta ye chor,0
Teri maa ka yaar bhalu Saale 6akk3 ki Shakal ke bhosriwaale 1 baap ka hai to unblock kr,1
You are gone now Neither Ganpati Bappa nor his Pappa can save you and your bollywood mafia gang…,1
Astaghfirullah Ap ka rishta krwaty hun mn jo ap ko ye piyari lag rahi h rokain app…,0
Agar lockdown firse huaKuch log banayenge DalgonaRelationship wale karenge Babu-ShonaAur singles ka to chal hi raha haiRandi-rona,1
Aye Randi ke bachhe teri maa ka chodu Randi ke bachhe teri maa duniya ki sbse bari Randi h har koi teri m…,1
i_Drohi mamtabhishek ishkarnBHANDARI republic Swamy39 AmitShah These ceiling fan hangings all involved female models The formula…,0
Active voice i love u Passive voice you loved by meCrush voice Kuch khti hi kamini ignore karti ha,0
Nets pe batting nai de rahe hai kya Bhai Jo match Mai hag raha hai wo bhi death overs Mai tere se Ach…,0
Our accuse sabit nhi huwe toh kya aap nanga nachoge Apne India today ke studio mebolo ??,0
Yar ye is dunya ka maal hain hi ni Period,0
Maa k bad Oppo camera wo Cheez hai Jo apko khubsurat samjhta hai,0
"Small bits but very important information AKA ""Choti Choti Magar Moti Baten""",0
so I took a 6cm wide(diameter)and 18cm long bottle up my assit was amazing ☺️ and woh saala gand se bahar ni nikal ra itna tight meri gand ne usko suddenly pakda when mera maal gira,0
Nautanki kaminiBohat bari vali jhalliLast but not the leasta lovable human❤,1
Hamid Mir Teri maa kee choot may pooray Endia Ka lora,1
Bhen ke lode tere maa ki chut fadi madarchod hum khud kissan hai smja bhen k lode tuze lode ka nhi pta kissani k bare,1
Is jesi vahiyat patrakar ko pitai karke isne bahot achha kam kiya he Ye gha…,0
Kon hai ba boycott_kangna karna wala sun la jab tak sushant ko insaf nhi milega tab ta…,0
Meno koi shak ni tu harami he bhan tere nu lun mara bhan choda tu ksi randi ke bache ho,1
Yahi log hain jo Amantullah ko kuch ni keh rhe lekin Desh ke gaddaro ko goli marne ki baat kehne pr Randi Rona ro rhe the ke haaey Voilence ki bat kar di haey Desh ke Gaddar kya Desh ke nagrik nahi h Haey Goli marne ki baat kaise keh skta hai koi,1
Han main tere se bolne hi wali thi Kamini ki tu mere ko follow but waise hi kal kar liya tune,0
"Hm your parents be like ""ek kuttiya toh paal hi rahe hai""",0
Vinit74424753 salman_lover27 BeingSalmanKhan We stand together as a nation for CBI Enquiry Demanding an unbiased investigation is o…,0
Itihas gawah hai har boycott wali movie/series ko free me promotion mil jata haiAur fir wo hit ho jate hai…,0
Wahhhh Ache se nanga krne ka time agya hai,0
Agar tum jesi Aurato nei ke liye awaz uthayi hothi aur apny ghattya reporter ke muzammat ke hothi tou ajj koyi bhi tum jesi Aurato ko Randi na kehta balky FAHASHA AURAT kehta,1
Arey yaar teri Maa ki chut mein kutte ka Lund bhosad gb road ke nalle suvar,1
Spotted मुंबई में खूबसूरत अंदाज में स्पॉट हुईं हिना खान सड़क पर रूक कर पैपराजी को दिए खूब पोजHinaKhan Bollywood,0
He should retire from IPL too Gandu Kohli ho rha jab zaroorat hoti chalta nhi,1
Saly randi ki olad tujy awam nay kuty ki moat marna ha yad rakhna Bus ik wari awam day hath aa,1
Teri maa ki chodo randi ka auladMadharchod gaand maarwa k mann ni bhara j…,1
Like first mulakat mein iss ladki ko pyar hogaya aisa kya jaddu fhunka iss zero ne aur Ishani kamini ko uske hi type ke log pasand atte hain‍♀️ IshqMeinMarjawan2,1
Haa mai teri maa ki dead body par suar ki tatti laga kar aata huAur main us par m…,1
Matches dekh kitne khela hai bhaiEk bat bata kholi always 2n…,0
Aur haa jake mara kisi mulle se saaali randi tumhare jaisi ladkiyan hi love jhihad ko bh…,1
Pahle bahen ke baat kisne uthai mc Tune utahi to fir teri maa kaise bachegi…,1
"My Mom Sing a veryyyyyy Beautiful Bhajna on this Incidence ""kali Deh me kude Krishna ji Kanho aiso Naag nathaave re Gokul raa Kaakad pe Kanho Dhenu Charaave re"" ❤️❤️",0
श्रद्धा ने सोशल मीडिया पर शेयर की खूबसूरत तस्वीर देखकर आप भी हो जाएंगे दीवाने cgnews,0
Sabse pahle tumhari awaaz bahut Sundar aur meetha hai aur Rahi baat shayari ki shayari bhi bahut Sundar hai tumhari awaaz aur shayari ke bandhan mein ek khubsurat Andaaz bahar aaya ❤️❤️,0
Madam ji jaisa beautiful aap hai waisa beautiful soch bhi lijiye toh duniya Kitna sundar hai Jaise kooch doctor farzi aur ghatiya hote hai toh aap ilaaj karana nhi chor dete har field kharap log hai aapke chahide gaj Putra akhilesh ke party samajwady party mei bhi,0
Tere bhan nu yava tu ho he randi ke bache tum sub log kutti ke bache ho bhan nu lun mara tavdi nu,1
फिर वही दिल की गुज़ारिश फिर वही उनका ग़ुरूरफिर वही उनकी शरारत फिर वही मेरा कुसूर Hello Beautiful Reet Morning ❤️❤️,0
yr us gadhi ko bola id bna usko aw hi nhi rhi thi phr khud boli bad m khelty,1
Sidharth itna accha hai par uske fand ko toh har time slut shaming karni hai,1
Maybe the chipkali wanted to be your friend️️ Every think about that? No You only think about yourself puru,0
Que is why you guyz stopped the whole day's Nanga Naach after knowing that FIR doesnt ve Republic…,0
Sushant Rajput Probe Rhea Chakraborty Questioned For 8 Hours By CBI - NDTV,0
nhi be lawde sabki kismat teri tarah hoti saale buddhe 10 baap ka aulaad teri maa ka bharosa,1
mein hu iska bhukla ka baap uss kuttiya ko we add karta hu acc private kyu kar liya nikal gayi hawa teri,1
Asal prakriti prem isne kar rahe jo paudhe per se banjar jameen ko ghane jungle bana diyeSirf banaya nehi itne saare prajati ke pakshiyon ki ghar ye jungle Aur v jeev jantuon ki pran raksha ke liye itna khubsurat ghane jungle bana liyeInke srishti hi asal puraskaar inke,0
Islam ko Manne wale log kahbi chori nahi karsakta Jo dil ka bohut khubsurat ho ❤️,0
Kuch khab suhane toot gaye Kuch Apne Hamse ruth gayeKuch zakham lage the chehre peKuch andar se ham toot gayeKu…,0
Aiman name Wali Larkia khubsurat or innocent hoti hai,0
Life is Very Beautiful आपके_मतलब_की_बात_है_बहुत_ध्यान_से_सुने प्यार सच्चा हो तो कभी फीका नही पड़ता ना वक्त के साथ ना हालात के साथ और ना ही उम्र के साथ,0
Introducing you the great scientist Moti Chor Laddu with his Gutter gas theory GlobalFekuDayAprilFoolsDay,1
Sali maine too check hi nhi kiya 1follower fake account banake gand mara rahi bhag bc,1
Aapse inspire hoke I started playing cod Ab chut nhi rha ‍♀,0
SOS KOLKATA er hall list ta plz publish karoKal dekhte jbokotha asche jante hbe,0
Insaan ke shareer ka sabsekhubsurat hissa uska dil hotahai aur agar yeh saaf nahi ho tochamakta chehra bhi kisi kaam kanahi hotaHazrat Ali (RA),0
So shameful from a shameless woman once again If you want to blame it on the Gov then they had pannah gahs to go to Langer khanas for food Bait ul maal and so many more Stop this disgusting blame game PMLNSLAVES,1
Fauji k boot or kanchi ki chut kitni bhi ragad lo kabhi ne fatate my nepali slut,1
Maal blow your mind y be the one mis favs,0
Tu ny apnyy maa ki chut ketny bar Mary hi number Dy Dy madr…,1
Lalik Khan LorayQusoor Teri Gashti Maa ka haJiss ka Phudda merwa merwa k Full KH…,1
Awam sy chudwain platlets pury ho jyen gy Randi da bacha ronda dr banan nu,1
Beautiful message from SrimadBhagbat GeetaJay Shree Krishna,0
ye uski marzi chinchi kisi ke peyo ki nhi na hi kisi mard ki jageer ha wo paisy de kr jaha ma…,0
ye teri maa apni rate batayi mere kocoz usko kamana padta hy tere jaise nalle ladke ko khilane ke…,1
Sahi baat 2 ghante mein hi india today nanga ho gaya,1
Aankhen Khulte Hi Aap Dono Ki Yaad Aa JaanaDin Ki Pheli Khushi Bhi Badi Kamaal Ki Hoti HeiGood Morning My LifelinesHave A Very Beautiful DayLove You Both So Much,0
Tera baap v yehi kapdta pahenta hoga aur teri amma v Iska matlab ki tu ek dangai maa…,1
150 rs for cooking oil800+ rs for gas cylinderAlmost 100rs per ltr petrolBut this idiot still believes everybody is saving 38K annuallypta nai konsa maal phoonk rkha hai,1
Jab rab ne saansein Bakshi to ek naimat wo thiJis pal zindagi se rubaru ho maine janam liya ek naimat wo bhi thiJab yeh ehsaas hua kisi roz ki mai aurat hun toh ek naimat wo bhi thi kyunki tab rab ne mujhe ek khubsurat si taaqat di thiek bahut zaruri zimmedari di thi++,0
Aby gandu mera account b dead hochuka hai log mujhe ulta unfollow kar rahy hain,0
Achha aisa ho sakta hai kya khubsurat bhi aur samjdar bhi,0
Isi k shakl ka same ek nanga aadmi tha Usi ka photo main me comment kar diya tha iske tweet par,0
Tere baap chaudhry sher ali ne jis faislabad ki kothe per nachne wali tawaif ke sath shaadi ki thi tu…,1
Is harami ki nayi pitcher aane wali hai batayenge kaisi watt lagaya jaata hai haramkhor saala Kahin sa…,1
Are Twitter par Khubsurat ladkiyan Bhi single Hain ? Agar Hain tu Tag karo,0
Randi ki nasal jab Amar zaleel harami bhonk rha tha tab to kha tha harami k bachy,1
Thank you mam 4 proving me right Gadhi TC &amp; don't be hypocrite librandu,1
Choti Moti conversations ko kabhi seriously na le They are just meant for Time pass,0
Ye crigy d grade shayri tumbhi karne lagehey ishwar ye launda to sahi tha pata nahi kis chudail…,0
So so so beautiful jodi Kash ekk movie Aa jata Bhaijaan ❤️ nd Kajal ka Aag lag jata theatre Me We love u Bhaijaan ❤️ maam,0
Mere father ka job chut gya tha corona may and we are in very bad condition Plz help sirPlease provide any part o…,0
Arnab ne bahuton ko nanga kiya hai phir kuch to hona hi tha uske saath Now Rhea is out of Jail Dr…,1
Allah kare tujhe dasstt lagjaye bhosrike teri gaand ke surakh ke andar phinsi phoray nikal ayen tera lun katt ke girjaye randi ke bachay,1
tum pehle bhi itni khubsurat thi ya waqt ne kiya koi haseen sitam? ❤,0
Khubsurat Chehre bhi buddhe ho Jaate HainTakatwar Jism bhi 1 Din Dhal jata hai Audaa aur padd Bhi Ek Din khatam ho jata hai lekin ek Achaa Insan Hamesha achaa hi rahata hai,0
Ytube lo full video songs odulura gandu nayalaem cheskuntav ra avi dachipettukuni,0
Lado saalotum logo(republic or Mumbai police) ne public ko nachaya ab public tm log ka nanga naach dekhegi,0
YEH 8500 KE JAHAJ TTO TERI MAA KE HUKAM PAR KIYE GAYEBYTHAT FATHER ANTONYNSPEECHLESS MMS,1
Is sali ko band k rakho is k bap ne mre hindu bhai ko mara hai kasmir me iska bap hi to tha wo jis ne mre hindu bhaiyo ko mara tb home minister,1
Dekho sonam kapoor Don’t blame girlfriend Aab kya huwa? Bollywood RheaChakrobarty sonamkapoor…,0
and you sis/bro near you *puri chudail dikh rhi hai*,1
New video by OTV Tigress Sundari Translocation From Odisha To MP | Experts Review,0
Isme itni gandagi hai ki ek aurat ko slut shame krna pad gya par nyi kro tum ye sab krke sayad Kuch mil jaye tum logon ko good,1
Tujhe lag raha he tujhe koi nahi dega ladki tu khubsurat he mil jayegi tujhe,0
Gungunate parindo Ki awaje hoHath me chai ka kup or yaddo me koi khass ho us khubsurat Subha Ki pahli yadd app ho❤️❤️Good morning guys have a nice day❤️RubinaDilaik,0
Bas abhi kaafi h subah khubsurat ho jati h koi bhakt bajaane ko mil jaaye,0
Naa bcTersae bhi ghatiya koi chiz hai toh vo Teri chuthiya memeOr ye soch kitti badhi baat haiTERSAE BHI GHATIYA OMG,1
How is me asking people what their experience was like “a misleading tweet” at all? Wtf ‍♀️,0
Teri maa ka mujra tha Niazi k sath is liye itna hajoom hai,1
islamic kuttiya ur pimps killed an 85 yrs old mahila and raped a 24 yrs old mahilau will find the same fate gutter dirt,1
delhi rajasthan punjab pe randi rona roye the,1
bhenchod chutiya kuttiya kamina &amp; manhoose janwar,1
bsdk JSR bolke protests karna paap ho gaya kya?? tmhari ammi ko jab jihadi ola hu uber bol ke bomb s…,1
Raaste khubsurat hain tumhare sath Manzil ki filhal baat nahi karte❤,0
Tum khubsurat hi itni ho k tumhe koi bhi ghoor k dekh le,0
gandu wahan ja kar koi bhi mil sakta hai wahan uski dead body raat ko bin…,0
भारत के 10 खूबसूरत आईलैंड जिनके बारे में यकीनन नहीं जानते होंगे आपTravel Tourism Lifestyle,0
Ghatna dukhad hai lekin Inka randi rona BJP ruled states me hi chalta haiNa to inhe Maharashtra diktat hai aur na hi WB kerala rajasthan ya Chattisgarh diktat hai aur to aur inheritance Punjab ka Drugs bhi nahi diktat hai,1
Khubsurat to wo Aurat hoti h jiske under haya hoWarna chehre haseen to tawaifon ke bhi hote h,0
Happy holi motiHappy holi kullu long distance callmai aisa hi wish kia hoga naha mai delusional huSidNaaz,0
6ka hai Varshney nooooo Sorry they still are one of usPLZ send them to ma…,0
Hina Khan अपने ग्लैमरस फोटो से सोशल मीडिया पर कब्जा कर रही है देखेंHinaKhan Maldives enjoy hot beautiful Bollywood Actress BigBoss,0
Teri Maa Ka bhosda laude fake I'd Kya banata he,1
I know hota mere moodki band bajati tum to phir dono to phir kuttiya ho,1
Teri maa ka Narko test karwa leTeri maa sach bolengiKit…,1
Bhosdiwale tera to pura khandan k sath Teri Congress party ki Maa ka bhosda chal MC,1
chahe mera account suspend ho jay but nehra chutiyon ko itna gali dunga bhosdike ne pura ipl ka mza kirkra kar diya…,1
Ye v karte he kya mujhe v bht pasand he Beautiful he,0
abey ham tum bhi ladki hain vaise hoti to kamini hi hain,0
IdolArunita ne humari evergreen RekhaJi ko apni surili awaaz se nawaza Inki beautiful performance ke hum sab mastaane ho gaye Dekhiye IndianIdol2020 Sat-Sun raat 930 baje Sony par⁣ HimeshReshammiya,0
KARARA JAWAB MILAGASOON BOYCOTT ALL MOVIES FROM ALL jokers mafiabollywood PLATFORMS…,0
Adopt kar le itni mirchi lagri toBc Muftkhor bas randi rona macha rakha rheta hai isne aur kuch nai,1
Are bhaiwa itne bhi innocent mat banoYe ipl haiSab kuch pahle se fix hota haiYe cricket nahiCdicke…,0
Tum randi royo ab mamta ne jo kichar faila rakhi hai ussi me se kamal khilega,1
Jhumko ke saath aur bhi khubsurat lag rhi hai aap,0
If You Get In Relationship And Stop Talking To Me To Breakup Karne Ke Bad Mere Pas Randi Rona Karne KoMat Aana BahhennChowd,1
You’re quoting from your loss as an insult to someone else And then acting (sounding) like a 4 year old in your second paragraph All you need to add is na-na na-na boo boo and you have completed your sentence You are publicly acting like a child and sound proud,0
Aa gya maza Modi ko blame karke?? Gajab Gandu ho Bhai,1
Sawarne Ki Kahan Use Fursat Hoti HaiMaa Fir Bhi Bohat Khubsurat Hoti Hai❣️,0
Greetings from ISKCONHabibpurToday's Special Darshans of Sri Sri Radha Madhav Jagannath Baladev Subhadra Gaura-Nitai and Srila PrabhupadaHare Krishna6/4/2021New beautiful Darshan Acharya Prabhupada125 SanatanDharma April GodMorningTuesday tuesdayvibe,0
Abe Chup Boss DKTeri Maa ki cute MC ka pilla DheerahMaa khod Dunga teri Saale Graandu Tere idol ko kuch bol…,1
ArreThank you beautiful ❤️Ab pareshani koi nai wo waqat guzar gae Han parhai k lehaaz say bohat pareshan hunDua karein k ho jai or jahan janna chahta hun jaldi jaldi challa jao,0
MERI jubaan pahele hi Kisi chudail ne kichliya hai P 100DAYS TO SALMANs BDAY,0
Chip toh bhaiya adhaar card mein hai Modiji ko pata hai kitni baar tu randi khaane jata hai hafte mein,1
Jab bhi kisi khubsurat ladki ka naam aata hai tum yah kyon sochati Ho mujhe hi kah rahe hain,0
Abe halala ki paidaish gadhe swami ka tatti khane wale tu aur tera dusra baap dwami dono rahul pappu ka muut piyo aur yaha aake hugte raho dono chutiye ho tum dono ko samajh nahi aaega jao dono randi rona karte raho chudiya todo halalaiyo,1
Kuch b krlotumhari pol to kholega hi Arnabek ek ko nanga kregau…,1
Are randi tera baap mandir me bhik kyu kha raha he logo kihum to bhagwan ko dan dete hekha tum bhosdiwale lete ho,1
Meri life konsi barbad hDass garde 2 lag raha huMeri teri se jada set hye sb personal baatei…,0
बहुत पहले की है ए तस्वीरBut beautiful,0
bc bsdka hai ye Rate bata de apna,1
Very good dipak yehi hota rehna chahiyye ab aaya maza Ashutosh teri bhi poll khul ga…,0
Samarthak to bhot mil jate pr Tu itna kala h k dikha hi ni kisiko aur upar pahuch k b apne pichhdepan ka randi rona hi krte iske alwa tm chutiyo ko kuch ata hi ni,1
Chipkali cock roaches aur machar Meray room mn aa hi nai saktay Ali se dartay hn sab,0
Dog water player champs k liye grind kar yahan randi Rona na laga,1
SidNaaz और AgMi में से सबसे ज्यादा पॉपुलर टैग कौन-सा हैOnlySidNaazFandomKnows via Hindustan,0
Jasmin Bhasin का नया गाना Pani Di Gal रिलीज दिखा जैस्मिन का खूबसूरत पंजाबी लुकJasminBhasin Newsong PaniDiGal Bigboss Bollywood actress Beautiful,1
Are randi agar hindu ko carona hoga to koun jimedar hoga teri maa ka chut maro,1
Pani se teri chut ki aag nahi bujheglund ke pani ki barish karuga i,1
No mile toh mujhe bhi denaI SO WANNA GET HIGH ON THE MAAL THEY SMOKE WHILE WRITING MAN,0
Tera baap bi paltu kutta Hoga Teri maa ka agar abhinav hai toTere jese log hi pati patni ko neecha dikhate hai,1
In 2 kaudi ke logo ki aukat bas itani hi hai1 aurat ko tane mare uska office giraye use badnam kareAu…,1
Aadhe se jyada log Kerala mai phokat baithe hain par ghamand pure brahmand ka hai ki bhai we are Gods gift to MankindI mean kaunsa maal phoonkte hai yeh log43yrs of their rule n Kerala is become famous for rectumgoldscam solarscam saritanair sex scams,1
On the QUEST to Success it’s important to take a break to focus on your mental &amp; physical health Join me &amp; Bodied by B Rachel as we Sweat to Success April 1st 5PM Those who join the live &amp; leave a comment will be entered in a raffleQUESTtoSuccessPVElections,0
Sabar karo aisy k sabar ki ek khubsurat misaal kaim hojaye,0
Chalo ye 2 din tu acha Entertainment hogeya or ab jis team ko main Support kar raha wo tu Kal Khelay gi apna 1st Match,0
"Rishabh pant be like - purso tak sali dm main "" baby you are greatest player ever"" bol rii thi",0
Halloween theme ACNH itu remake dari city folk dan hasilnya bagusJadi ga sabar nunggu themenya christmas eve / toy day’s eve,0
Its beautiful showSangeet ki shaam hogi the lengendary Rekha ji ke naamUnki iconic movies aur timeless gaano ka silsila hoga shuru aaj raat 930 baje dekhna naa bhule RekhaOnIndialIdol,0
Nahi Randi ki pillay Tu late Nahi hova apni taashreef lekar aabhi usko pharta hon main,1
LCUH Associate Professor of French Dr Randi Polk has been named one of 2021 QEP Critical Reading Teachers by EKU's Quality Enhancement Program Congratulations Dr Polk,0
Besharam kaun hai dikh raha hai Aur kya tere pichwade me hole nahi hai? Ho bhi sakta hai ha dikh raha hai muh se hi hagti hai ab wapas aayegi yahi wala dialogue use karke mujhe bolne ke liye Khud ka kuch toh hai nahi gadhi gawar beizzati ki misal,1
Dono Pappu k chamche hain India today aur yeh budhau commissioner Ab itna republic ne nanga karke dhoy…,1
Nahi Teri maa ka wait kar rahi hai,0
Matlab beautiful hai nhi sirf dikhti hai,0
सूनो कहो कहा सूनाकुछ हूआ क्या?अभी तो नहींBeautiful,0
Ha aur kuch aata kaha te log ko ye randi rona chor de ab,1
Abe dekh le pehle kisne spread kiya Sidhearts ne hi spread kiya hai ye Gadhi kahi ki Aur Naagin to chubi hai na,1
Tum Lakh Khubsurat Sahi•••••Emaan Nahi Tou Kuch Bhi Nahi••••♥️♥️♥️♥️FolloForFolloBack aesthetic tag_freinds FolloMe,0
Aap bahut khubsurat likhti hai Annu ji,0
PLS I USED TO PRAY MERI WINDOW KE SATH WALI SEAT NA HO BEC UDHER CHIPKALI HOTI THI MF I GOT THE WINDOW SEAT FOR 3 YEARS STRAIGHT,0
Beautiful कुछ ना कुछ तो है इस उदासी का सबबअब मान भी जाओ कि हम यादआते हैं,0
zipflying at makwanpur gadhi view resort with nirdip via,0
hi madam sali ka na samin hahahah,0
Who made that script ? It's even worse than gadhi suara aunty's veere di wedding,1
Veer movie ka Bohat beautiful song hai Mil jaaaa kahin samay se paraaay Samay se paraaaay mil ka kahin Tu bhi ankhiyon se kabhi meri ankhiyon ki sun,0
¥ K Thapar Do you have an image problem?Moti ji I don’t knowKaran Are you prejudiced towards minority?Moti ji I cannot say anything on thisKaran What about Gujrat roit?Moti ji Karan Thapar What is the secret of your energy ?Moti ji I will answer,1
Khubsurat hoti hai wo larkiyan jo apne Rab ki Raza ke liya parda karti hai❤,0
Tera career toh saalo pele khtm hogaya tha bhosdiwale tu uss time bhi team m hagta tha aaj bhi aoni c…,1
Uffff kya maal hai saaali ki chut kitni chikni hogi uffff mera to loda khda ho gya,1
Beautiful words ma'amपर यहाँ तो लफ्जों मे थोड़ी नही ट्रक भर भर के शरारत भरी पडी हे,0
Asad Khan to hi he randi ka bacha bhehan chood,1
Har ek ladki ko yahi sunna padta hai chahiye woh bandilakdi ki tarah sukhdi hi kyu na ho family ko moti hi lagti hai,1
Chehra itna khubsurat ki kuch kaha hi na jaaye ek baar joh tu muskurade ki chaand bhi Sharma jaaye,0
Poudelsagar518 Mass wants to justice But ImRaina pls come forward in IPL thus season and dedicate some of the best knock to him…,0
Chal madharchod teri maa ka halal hone ke baad uski dead body mast tel me fry kar ke…,1
mai chuthiya lagunga agar ye plane maine sindghade ke chilke se hijack kar liya toh,0
Ghatna dukhad hai lekin Inka randi rona BJP ruled states me hi chalta haiNa to inhe Maharashtra diktat hai aur na hi WB kerala rajasthan ya Chattisgarh diktat hai aur to aur inheritance Punjab ka Drugs bhi nahi diktat hai,1
Randi ghashti aj to Pakistan k awam taklif mai hai mingai hai ye sab tere us kutte bap ki barkath hai kabi 1din porane kapre ya chapal Dale hai to itna gharib awam ki fikar hai ghashti kahi ki,1
Ohhh why do u cara who im kissing? Omg u are such a dickhead can u let me live the weekend Kiss girls fuck boysss,0
Aap Blue mey kuch Zyada hi beautiful Lagte hi Pranitha ji,0
CBI grills Rhea Chakraborty Showik Shruti Modi in Sushant Singh Rajput case,0
“aapke bina hum bohot akele ho gaye Alia zindagi ke rang dikhaye nahin dete berang se lagte hai” “tumhaare bina main bohot akeli ho gayi hoon tumhaare bina duniya ke rang dikhaye nahin dete Sarangdhar” —MOST BEAUTIFUL PARALLEL SCENE EVER Story9MonthsKi,0
Muskurahat Tab Zyada khubsurat hoti hai Jab muskurane ki Wajah sath hoti hai ❤goodmorning RahulVaidya,0
Pappu to pehle hi nanga ho chuka hai Hathras mein Ab yeh kapde pehne ya janeu pehn…,1
मुहब्बत की इन्तिहां न पूछियेइस प्यार की वजह न पूछियेहर सांस मे समाये रहते होकहां बसे हो तुम जगह न पूछिये।Good Morning Beautiful Uma,0
Why on earth are we dignifying a professional randi rona rudali with treacherous tendencies? Let him stew in his own stupidity Or lecture Kamla Harris on how to tackle HER refugee problem,1
Abe gadhi jasmean toh izzat hi nhi h ayi thi ki siddharth jasmean ko bachayega bb14 me remember hina said to Jasmean ki sid Tereko hi bachayega but do ur hardwork and lol he selected nikki u crack head RubinaDilaik,1
Ha ab tu padhayegi tab padhenge hum chuthiya ki muze lagta hai k Tere maa baap ne kuch jyada hi padha Diya tuze isliye tere dimag pe asar ho gya kitaabe mat phad Dena itni padhyi k baad pagal chuthiya dekha na log show fixed hai bolte hai Maine winner fix bol Diya to jali kutto k,1
Safar khubsurat hai manzil se bhi but karan is baar aapko is safar ko paar kar ke manzil tak pahochna hai ♥️ stay strong my love,0
Sonia Keliye Morning Main Bole TheYahan Sonia And Sonam ki Connection Nahi Tum leke Aarahe Ho Shehnaaz Ko bolte Ho So beautiful Tum Beautiful Nahi Ho matlabUnhone Praise Ki Sirf Sonam ki mirchi kyun lagi,1
Aaj gaanv valon ke liye khubsurat si pic nhi laye,0
इस क्रिकेटर की बहन है हद से ज्यादा सुंदर खूबसूरती में देती है बॉलीवुड एक्ट्रेस को मात PHOTO देख आप पागल हो जाएंगे…,0
Jab Kisi ko Allah Zaleel Aur Ruswa Uske hi Logo ke Saamne kar deto koi kya hi kar sakta haiIsliye Dosro ko Apna Samjhounke Maal ko Nahi,0
not me but my mum she got PfizerAll she had was a sore arm and felt as if she was about to get the flu for 2-3 days (tired achy) She felt better straight away after those first couple days,0
behenchod icc dont ban that abusive bastrd kohli for abusing opposition players and icc need to get a fixed camera on chuthiya's face and get a interpretor when he abuses get that on record ban chuthiya kholi,1
आप का ऐतिहासिक ज्ञान मूर्खतापूर्ण है यदि तथ्यों के आधार पर भी देख लेते भारत मे ईस्ट इंडिया कंपनी के अधिकारो द्वारा 1800 से 1840 ई तक किये सर्वेक्षण के अनुसार प्रत्येक गांव मे गुरुकुल के लिये 2 से 3 पुरुष चिकित्सक और 300 से 350 महिला चिकित्सक होती थी।( The Beautiful Tree Book),0
SOMEONE ~ yaar tere behen kitni cute hai ME~ kuttiya cute hoti hain,1
Zindagi ka harr ek pal kitna khubsurat bana dete hai kuch log ✨,0
Wow Uncle kya mast maal hai Uncle Aap ka yeh penis muze bahot hi jyada pasand hai sir I liked the your penis Uncle My WhatsApp number 9974819685 Send me to massage u,0
Manchester me aaya bhoot Dan James ki maa ki chutThat being said dont sell him keep him as a squad player but str…,1
Bhosdi ke ssr case meinmumbai ke cooper hospital ki report pe bharosa…,0
"Roses are red Ghost ko hindi me kehte hain bhootEx ka aaya ""Hii i miss you""I replied ""Dhat teri maa ki chut""",1
Sahi kaha warna konsa khuda ye bolta h maal-e-ganimat mien aurate loot lo unhe laundiya bna loIn pakistaniyo ke purvajo pe jinhone zulm kiya aaj ye unhinko glorify krte h aur waisa hi zulm apni minorities pe karte hain inhe sharan ani chahiye apne insan hone par,1
Gadhi ko toh Abdul service kar hi raha hoga,0
Yeah ek Bhais hai Aur moti hi achhi lagti hai Lots of Grass from Sidhearts,1
Chuthiya har baat mei islam kyon bich mei lata he ?,0
tuk tuk ye rahul chuthiya selfish inning khel ke gaya it was rishabh who played excellently,1
You don't have a beautiful heart though You're illiterate masochist stupid to a different level and love being insulted And your neighbours and family may be not giving damn about you that's why you come over here and say shit Now the reply will be late Gadhi gawar,1
Aja Randi ki tarah chudte he Aaj to teri chut ko chod chod ke highway bana dunga b…,1
Tera or Teri MAA Ka to sada ke liye ho chuka hai,0
Nobody wants talented actors in bollywood nepotism must endwe miss you sushant SushanthSinghRajput JusticeForSushantS…,0
In mmc kamino ko nanga karke public ke samne chhod dena chahiye insaf jaldi ho jayega,1
Abe gadhi 1 to Teri shakal suar jaisi h uspe v ye bekar sa makeup krke aur bhaddi lagti ho aur Teri mimicry to bahut hi bekar h sach m Aur ye dekh ko tu uska 001 percent v nahi h,1
Jab kashmir se hinduo ko bhagaya tha tab ye humanity ka randi rona kisi ko yaad nhi aaya,1
Ho sake to mera ek kaam karo khubsurat si pyari si ek rishta mere liye doondo,0
❤️Jaise koi kinara deta ho saharaMujhe woh Mila kisi mod pe❤️~~•••~~'Kitni choti hai Bondita par kitni asani se samjha Diya ki woh sahi thi aur nein galat'Bondita is the only embankment that makes you flow smooth AnirudhThose beautiful stares and talksBarristerBabu,0
Fir jab dhokha de to love jihad ka rona start kar denaBhakt sari galti muslimo par thop denge,1
Every single human being on this is important &amp; beautiful so the girls are में आजतक एक ऐसी लड़की नहि देखि जो सुन्दर ना हो सिर्फ एक लड़की एक ही समय में अनेक परिवारको सबार देती हैं % true fact और में कभी तुमलोगों के साथ प्रतियोगिता नहीं कर सकता छोटा हूँ,0
Sister sandra main nah ki tere chut aur bhi namkeen hogi hogi tere y friend bhi kya Mast lag rahi…,1
Jeet ka pahiya sid bhaiya Laal phool neela phool sid bhaiya beautiful,0
Well I have fucked ur Ass &amp; u mine U r Gandu also We both did Vers inbox mein pic beji hein Chck it,1
kisssi kutti maaa diaye bachye oss da 300 kanal da ghar apni zatti kamaye hui mehnat ka hai kisssi choor ya dakko ki tarra usny awam ka pessa nhi lottta gashtiyeteri phudddi di shave kr k utay kutty choora randi maa ki bachye,1
"Add to that the brazenness with which a huge chunk of land was ceded to China in 1962 &amp; later justified by Nehr-Who as the land being absolutely barren with ""not even a blade of grass growing on it"" Baap ka maal tha kya??",0
Kuch bengali se baat kiya kaar phirMain bhe guwahati gaya tha ak baar beautiful place ha❤,0
Bhawanipur chhod Kar nandigram bhagi Allah Jane Kya hoga aage maula jaane Kya hoga aage kyonki bangal main pahla phase se hi Tera maal chhino party ka heart bitting badh gaya hai sir jai sri ram,1
Tu bhi iska heesa h haramkhor Oh not haramkhor u said Harami,0
Allah ki maa ki chut Allah ki maa ki chut Allah ki maa ki chut Allah ki maa ki chut…,1
Maa ka rishta dede charity mein randi ki bache,1
Teri maa ka bhosda BKL ab gali apne pichwade mein daal le,1
Meri didi bhi aisi hi sanskari he Shayad muslim sanskari ko nanga karna pasand karte he,1
Haan uska candidate beautiful hai Ab toh khoobsurati par phisal ke hi vote de doonga Chaahe kaam kare ya na kare,0
Piya ooooo piya Na Lage Mera Jiya Jiya Jaane Kahan hai Le Chala Mai Janu Na so beautiful girl,0
Kya ye kisi ke saath hua hai jab usko koi mast beautiful ladki dikhi ho Aur mann me bola ho yaar isse mast nahi dekhi aajtak Then after some time He- Oh fcuk bc I was wrong ye to usse bhi mast hai,0
Randi k pille Teri maa ka bhosda bhi khol rha hai arnab bhoktaswami usme ghus jana,1
कुछ समय पहले मुझे ट्विटर की मस्त beautiful dp देखकर मोहब्बत❤️ हुई थी।बाद में पता चला जिसे मैं 27-28 का समझ रहा वो 50 साल की Aunty निकली।ये वाला भी खोटा निकलादिल_टूट_गया_है,0
Ladkiya Jab kabhi sad song story me lagati haiLog Kya hua madam?Ladke Jab kabhi sad song story me lagate haiLog Iska to randi rona roz ka hai,1
nanga naach karne wale Republic ke liyeIndia Today ka naam hai,1
Exactly she's just a psycho knowing that they both love eo immensely n they r happy with eo y don't she leave them alone n find herself someone like her chipkala for chipkali,1
Are u a fool??How Could u compare disha with someone She a celeb should be compared with a celeb How do ChubiHorlicks feels if i compare some gadhi like u with rudina??THINK U FOOLISH GURL HEARTS OF NEPAL RKV,1
France ka minister Teri maa k kaan me bolke gya tha Kya Madarchod,1
rajaji chahte hain byaahe to randi magar form me ghar na palteaam nagriko ki tarah,1
Hmmmm baby lekin apne dosto ki gadhi safed malai to apko tasty lagti ha naisliye use tum hi Chatkar saf kiya karo dophar me mai apni thighs se tumhe lick kraungi,1
Tum khubsurat ho tumhari baat alag hai,0
Aare buddhe jokar sharam kar le thoda jo sach ka sath nahi dete jo Nashedi ganjedi criminal ko shobha n…,1
shwetasinghkirt Really beautiful tributeur r real starWe will definitely winU r always alive in our Hea…,0
BiggBoss13’s Rashami Desai tweets a clarification after she gets trolled for supporting Alia Bhatt Sanjay Dutt and Aditya…,0
sab idhar hi puche ga apne hisab se kisi khubsurat ladki jo mujr janti ho usse puch le,0
Kyu arnab ne teri maa ka ya bahan ka rape kiya he,1
Hamari shehnaz hai bahut beautiful vaise bhi aur Dil dimag se bhi,0
Beautiful songnext stanza lyricsShiva shiva onnu parayaamathalleMaha maya thante prakruthikalMaha maya neekkeettarrulenam naadhaThiruvaikkam vazhum shiva shambhoShiva shambho shambho shiva shambho,0
Ibtisam bhai meri aap k jaisi awaaz hoti main randi rona bhi gaa k sunata,1
Ek khubsurat dil ka koi muqabla hai hi nahi,0
the money they’re talking to sharad pawar ji will get is in tune to 500 crore and all major ministry to NCP except CM The business man who set the meeting at his home has promised immediate 1 lakh crore investment in Maharastra too,0
"जहाँ 100 झूठे मिल जाएँ वहां एक "" सच्च सच्चमुच में हार जाता है । beautiful_life",0
Jis ki tareef har mard kare wo aurat kabhi khubsurat nahi ho sakti,1
Kachhe Tune apni aukaat to apni tweets mein dikhahi di hai Tu hi bata Sundari ko kya bolein? 5u to sirf gandagi ke baare mein general baat bol raha hai Main to tere 'guru'ki biwi ki kartoot bata raha hoon Bata sundari ko kya bolein?,1
"So i am thinking to buy a new phone and nothing is better than a free one As people say in my country ""Muft ka maal pehle""",0
U are doing what virgins and impotents do when they can’t have sexJust like your bosses Moti and Cheap Vin diesel,1
Ladki nahi mili Toh Abhi kuttiya dhoond rahe hai,0
Imran ne kapron per bhi tax laga to nanga ghoom loonga magar vote imran ko doonga,0
This is so irritating i can't see her with our vanshu in any single scene alsochipkali kahin ki,1
zehr mila ke do is randi ke bachay ko,1
Chalo try karun gi kisi din btw thank you ❤️,0
Positive-Cute BeautifulGood humorStrong mentalityNegative -Kabhi kabhi over the top ho jaati haiDhoni ko dhobi bolke cool samajhti hai,0
pyaar meri zindagi ay whore mery kol ki ay,0
gandu please dont play in csk team bhai remove jadhav from team csk thanksjadhav,1
Lol kachha The first fabrication here was ur first tweet and then your pukeworthy 'we left of our own will' What else is fabrication? That your Nanak was bo4n and died in Pak? That Ranjeet ruled in Pak? That Tegh Govind Har Govind were mercenaries of Mughal? That Sundari was+,0
Ji ha doston bahut acchi battery Hai camera bhi achcha hai aur design to bahut jyada Khubsurat haiSamsungGalaxyF12,0
Han jo flower shaped hy wo amrati hy jo thori moti hy wo grato hai,1
Lambi Judai' par IdolSawai ki khoobsurat performance ko dekh kar Rekha ji ki aankhein bhar aayi Dekhiye yeh beautiful moment MallikaEIshqRekha IndianIdol2020 mein aaj raat 930 baje sirf Sony par,0
nanga muslim heroine ka photo vejo kya dekhne?? Aur 90% indian m…,1
Teri maa bhi yahi bol rahi thi mujhe Ja ke check kar le apni maa ka jhopda dekh kya…,1
oye apni lugai ko samjhale Theeke Fake people Jaya chudail hai Jo gundo ka saath deti hai Shame on you,1
Khud dikhane bolti hai phir correct karne ke liye dusra tweet karti hai aur gadhi mujhe gawar bolti hai wapas aa gayi beizzat hone arshi khan ki behan ho kya? Harkatein wais hi lag rahi hain kuch farak nahi padh raha beizzati ka,1
Abe gandu nikal IT cell valo ke pass lekar jaunga 2 paise m bik jayega,1
"Mazhab bhe badal dein ge imran ke chaatnay ke liye Panchodon bas mazhab bhe tumhara Saray gunnah maaf bhe tumharay Par women getting k*lled for showing 1 strand of hair is a randi and ""iske ghalti thee islam ke khilaaf gaye slut""Allah ghark kare tum sab ko im so fucking tired",1
Bahut khubsurat rishta haiTere aur modi ke bich meJyda tu modi ki tatti chatata nhiAur Kam tujhe wo chatne deta nhi,0
Khubsurat photo vision समय को भी पकड़ा जा सकता है वशरते तुम्हारा यथार्थ ज्ञान- समय के सापेक्ष खड़ा हो,0
CBI inquiry for sushant sir ab koi nhi bachega ✌✌GlobalPrayersForSSR GlobalPrayers4SSR…,0
Lottts of love to the beautiful cast ❤️❤️ | Raghubir Yadav | Sheeba Chaddha| | | Jameel Khan | Natasha Rastogi | Bhupesh Pandya | Chetan Sharma | | ❤️❤️,0
Teri maa ka status update dera hai kya Vikas bsdiwale?,0
Ye jo green pitch ka randi rona ro rhe hai na humare bhi pacers inki nani yaad dila dengeJab Bumrah Shami Umesh Ishant Siraj Hardik jab ball ko swing krayenge na toh unki gaand phat jaayegi,1
Aur tere bade showrooms chl re h? ‍♂️ loduchand tu khud itna unemployed hau khud ka tweet bhi n…,1
Beautiful Ghazal-Kistaraf Daude Chale Jate Ho-Urdu Ghazal-by Gulam Abbas via,0
She's a arrogant chubby motiShe won't bro she follows and then unfollows nibbi,1
Awwwwwwwwwwww it just hit core in my heart deep inside kya mast hai mere dono maal Armaan aur Asad ❤❤❤,0
OMG how many nepo-gang members are showing pity for the victim Karan Johar How innocent this flag-b…,1
स्त्रियां ईश्वर का वो गहना हैंजो उसकी खूबसूरती बयां करतीं है।Beautiful,0
Abey sale 2020 ki paidaishCorona virus ki shakal ke chutiyeArnab Goooswami ka mu me le le roj rat ko…,1
itni khubsurat cheez hoi aur tum idhar ro rahi ho??,1
Such a beautiful place❤️Jhanda ji darbaar sahid dehradun uttrakhanddehradundiaries dehradun uttrakhand_dairies uttrakhand uttrakhandtraveller petermckinnon portraitphotography landscapephotography exploringnature exploringindia editing travelling,0
Tere bhai ke lie h ye grmi devr g,0
Phir inhain randi kaho tou bura lag jata ha in ko,1
Beautiful or pretty se mujhe koi lena dena nhi mujhe sirf woh pasand gai or koi na,0
""" Raaste Khubsurat Ha Tumhare Sath Manzil Ki Filhal Baat Nahi Karte",0
Bata kya raha h kl mai hi mar kr gaya hu raat m mera hi maal h vo teri ki chut m,1
Bloody disha Rapist apni biwi ko rape krte hue jb maan bhar gya to behenchod tune ek bacchi ka rape kr…,1
abey suar k tattey kuttey k lund ghadey ki jhant k baal China se compare na kar wo ter…,1
Tu insaan v hai hai haramkhor hamare devtao ka naam apne gande muh se mat liya kr harami,1
Hone wala husband teri phati hui namazi chut dekh Kar sharam se Mar jayega,1
Chal be bhadwe sanghi teri maa ki choot me ghode la lund zindagi bhar apni maa…,1
Adil rashid wicket le jaaye *Aaw dil hai muskil*SKY choka maar de *Surya uday hogya hai iss baar*Ek alag hi maal foonk k commentary karta hai ye,0
Beautifulap ke silsle to ho bhi gaeHamare to Khuda Khuda kar ke ab baraf pighli heSunday ko Phir pari thi,0
Hahaaisa ilzam na lagayiye Baya ki bhi beizzti hai ismeuska ghosla to behadd khubsurat hota Isne to lifafe se bun rakhe sath me,0
Bhut khubsurat rishta hai ye Anupam ji,0
Re chudail tu phle likhna sikhtaki logo ko smjh aaye ki tu bol kya rahigwar khi ki kuttiya chal nikal,1
Teri maa ki choot barhway mootar peni nasl hrami Teri ma ka nikanama ha choooto,1
Teri maa ki tanzeem pay tanzeem 126 men huwi hai chal bagh Kisi awara tanzeem ki ulad 12…,1
Naa nhi hoti Pornstar vaishya Hoti haiRandi ek degrading word haiJaise slut whoreDusra question bekaar hai,1
Teri maa ka yaar lagta h kya koi inme se jo tujhe dard ho raha h??,1
Bheed lagakar se competition kar rahe ho kyaWoh 420arnabPAGAL nanga naache to aap ko b…,1
my broke ass is back to sali sali sa giveaway era if u see me rt-ing and replying sa giveaways no you didn’t,1
Bhai Salman Chakki prime phase me hai na? Unki last 2 movies 10M nahi kar payi 10M aaj bhi BW k lie bht badi baat hai ovs me Log 5M me celebrate karne lagte Aur vo bus appreciate kar rhe toh usme kya ja rha bro Log unko slut shame gaaliya de rhe Vo toh apne me khush haina,1
yaar tumhari cosmelun tumhari behen ki taang bhens ki dum gashti ke bache kameene ullu ke patthe randi saale madar chod bc ki aulaad 2020 ki nasal bichoo khayenge tujhe kameena haramzaade,1
Beautiful Eyes aur women Of Paradise aur b kuch meanings hain Aise hi likhtay hain Urdu mein jaisa maine likha h,0
"Jo bhi hindu girl muslim se marriage kar rahi hai hindu log ushe pariwar ko """"randi ka pariwar""""…",1
JazaKallaah Beautiful kaise hai aap aur kya haal hai,0
Russell Ko Over Do BC Aur Watson Gandu Ko Out Karo Yaar D11 Ke L Laga Raha,1
MUJHE TO KABHI YAAD NAHI KAI CHUDAIL M KYA TERA DUSHMAN HUN HAAN,1
Tum bhi behad khubsurat ho aur usse bhi jyada behad khoob sirat Which is more important,0
Is khubsurat se chehre par daag mumkin nhi,0
अजीब खेल है ये मोहब्बत काकिसी को हम न मिलेकोई हमे न मिला ❣️❤️Good Morning Beautiful Uma,0
Teri maa ka tho uska bhi nahi hey kya,1
Kisi ko Bollywood me aane bhi n deta HunJo nepotism se lade uske pran bhi harta HunKahin starkid mujh…,0
Tu to aise phadphada raha hai jaise ki kisi ne teri maa ki gaand phaad kar teri haath me de di ho,1
Aise tange uper utha chad pel du ghapa ghap ghapa ghap,1
750 कमेंट में 500 तो आपको जी भर के नई-नई गंदी-गंदी गालियाँ देते है।100 आपको बेहुदा कहते है।100 आपको कामवाली कहते है।बचे 50 वो तो आपके Paid Follower होंगे जो आपको अनजाने में Beautiful Pic Beautiful Post reply कर देते है ताकि आपको भी लगे की आपका भी Existence है । SwaraBhasker,0
"""My dear respected friends~Beautiful Good Morning~""रिश्तों को शब्दों का मोहताज ना बनाइये__अगर अपना कोई खामोश है तो ख़ुद ही आवाज़ लगाइये सुप्रभात आपका दिन शुभ और मंगलमय हो",0
Abe chrsi ssr k fan trp list aai ni bc drug leke news chap re h…,1
Kitna khubsurat sama tha jab main unse Mili thiUnse mil kar kuchh pal mein unki ho chuki thi ❤️Follow,0
Beautiful Duaa BHAI ALLAHA KAREEM HAMESHA SALAMAT RAKHEAMEEN,0
Faisalabadi khubsurat Khusron k shoqeen hain tum jaise Tofaani khusron k nahi,0
Do takay ki ghulam aurat apni bakwas band kar Yeh na ho kay koi teri aa kar bakwas band karday Y…,1
Inlogon se savdhan rahain kyonki ab ye aaj ka pahla phase se hi Tera maal chhino party ka heart bitting badh gaya hai madam jai sri ram,1
Dhvanivinod mam is more beautiful than neha kakkar,0
Matlab tab tak marwao jab tak dard mahsos hona band hojai randi ho kya?,0
Sir apke jaise khubsurat or ghane baalo k liye kuch tips dedijiye AskSRK,0
Chaman vairaan wadaan shabnam chatith jaame pareshan gulGulan tay bul gulan andr dubaray jaan paida karBeautiful lines Deep meaning,0
Kuch bol do to ye randi rona suru kar detihai bato zara,1
Ramzan most beautiful month of the year Pura Roza rakhna hai hame aur gana iftaar ka bad sun laga,0
Teri maa ki chut lauda ka baal madrchod teri maa ka lauda,1
Teri ma ka bhosda sid gaali dena achi bt hai to le Gaandu maa chuda ab,1
Abe to dangai party AAP bol rha to bjp ko kyun nhi bol rha yhi to hypo…,0
This beautiful bond Ye sanskar apko sirf Sanatan Dharma mei he dekhne mil sakta hai Hinduism SanatanDharma,0
Tm ghire huai ghinone insaan sai hoUnse bahar nikal kai dekhoDuniya ab'bhi khubsurat hai,0
कुछ अलग दिख रही हो आप इस मूड मे Beautiful an cute,0
Teri maa bhi chodega salee bharwee gufa ki paidaish Asharam ka Result tu,1
jab teri behan ki gand mai lund daadta ho os ka moot nikal jaata hai tere oper gyi hai randi,1
Teri maa ne dekha hua marteHUEto baat alag hai‍♂️Abhi tak proof haike usne mara haiJaake dekh liyo…,0
USS shehnaaz kuttiya ke bache itna bada bada breast hai uska 10bacho ki MAa lagati hai piche hi pade gai vo,1
Yeh hai pyara aur hai kabir ke Kabir beautiful mammi-pappaVashmay KyunUttheDilChhodAaye,0
This monster would have been behind bar in any democratic country except ruled country with head of the gov being “beti padhao beti bachao” is just a farce like all his schemes loot poor on pretext of patriotism n nationalism and gift adani Ambani,1
Madrase band naa hue to aise gandu log hi nikle ge desh ko barbaad kare ge hume apne ki…,1
You're a disgrace if you live or hang out at/near old baneshwor area and you haven't tried moti dai ko chiya atleast once,1
Art banae ke baad RR ( randi rona) shru kar diya,1
"Tumhara tweet main samajh gaya lekin iss chudail ko accha keh diya toh ""buri"" shabdh( jo iss ka aabhu…",0
Jis din ghazwa-e-hind ham jeetain gy inshaAllah jo zarur hamny hi jeetna hai usdin socho maal-e-ghanimat main hamy kia kia milay ga ❤️,0
Apni zindgi meh hamesha aise logo ko pasand karo jinka dil chahere se zyada khubsurat ho,0
It's a beautiful day Goodmorning friends ❤️पंछियों के शोर के साथप्यारे से एहसास के साथएक सच्चे विश्वास के साथहो शुरुवात आपके दिन कीएक प्यारी सी मुस्कान के साथGoodMorningTwitterWorld,0
Let's look at the data2013 Avg small savings interest rate 767%Avg inflation 1017%Real returns for savers -25% (negative returns)2020Avg small savings interest rate 63%Avg inflation 495%Real returns for savers 135% (Positive returns),0
Video होली पर 'राधा' बनीं सौम्‍या टंडन 'मोहे रंग दो लाल' पर किया जबरदस्‍त डांस farmersrprotest INDvENG,0
Ye haramkhor dp save kar liya ye hi basis par voting karni thi kutte to bola mai cute…,1
Ghee k lundmuh m leh aur choosta rehLukha tera baap haiteri maa ki choot m niklunga seedhaukhadh le…,1
Nepo kids are going to be on sadak after sadak 2 failure€ lesssadak2 AliaBhatt SanjayDutt…,0
1 Bihari teri Maa pe bhari q ki usko chod chod kr uska pussy ka janaja bhar nikal diya h,1
Chal nhi paogi agar ek baar kuttiya ban gayi to tange khol Ke hi chalogi,1
Main nahi karne waaliMain notif nahi dekh rahi Kamini ladkiaati hi mushkil se aur yeh karti hai Upar se aaj special day hai Chahe toh 12 baje ke baad daalungi Badla le kar rahungi tujhse,1
Mamta ki fat gai h jis din bjp Bangal m ghus gai jeet kar tumhare pale huye suar k pille…,0
Aur yehi asal account he Tere jese randi k bachon k liye muje 2 2 account ko zrurt ni prti Beech chorahay tokne wali baat apni maa k yo kr sktya ho tum Us bndi k liye nahi jis ne beech chorahay me tmhare musheer ki aur tum jese dallon ki gaand phaar di,1
O ksi ontri maa k bachy teri maa ka yaar Dastgir khurram Dastgir ka piyo us ny Fatima jinnah k sth k…,1
kal tk jo rate cut pr randi rona kr rhe the vo aaj taunt kr rhe aaj lekin khush nahi ho rhe ki rate cut nahi ho rhaBehno kro randi rona start,1
Yes a Poonchh wali Gadhi like you would be happy to join the clan of Rohingyas,1
Gand fat gyi kya ab nanga hokar nacho aajtak walon,1
Yaqeen mano isse khubsurat koi manzar nahi hoskhta ❣️,0
Teri tu maa hey tera ghum naani ka ghum ik jaisa sanam,0
Kya chutiya hai re tu ghanta ka neta banega tu Dekhlo bhai Janlewa par hamla hua hai Samjho be shabdo ko Bhosadike dakait gaand mara ab saare kisan andolan ki khud hi maa chod di tune ab kar randi rona laand kisi ko fark padna hai ab,1
Gadhi ki support gadhe hi kar sakte hain,1
dostkhuda ke is duniya me har chez khubsurat haiwonila aasmahare bhare peidhchu chu karte panghia samundarzharneyaur a sansho ko chute huwe hawaaur khas kar nari aur nar,0
Sun bey bhadwe ye lala apni Gand me palta ke daale or jaideep naam KE gandu ko bhi palta ke apni Gand me daale bhadwe,1
RaGa GanduUske Supporters Super GanduUska to kuch nahi hogaaap to apna Bhala karo,1
B-CM na naya campaign SaluteMahaPolice‍♀️‍♀️‍♀️‍♀️‍♀️Waise salute toh banta hi hai ab 100 cr/month ki vasooli koi choti moti baat thodi na hai,1
Teri maa tera kharcha uthate h naa bol ni to mein uthata hu jldi bol chokki 133 tera maa ka boss da,1
Please let us know where Khan's Son claimed they got this decree? I hope Rumi's Chipkali will have answer of this,0
Ha bhisdikeenashe ne Teri maa ko chodaaa Hoga Jo tuje yad he bharve ke bchee yaha k…,1
इतना beautiful kon hai ye । इतनी नशीली आंखें। ❣️सिंगापुरी अहमक,0
Galti to tu mujhse bhi bhot badi hui hai Maal to teri buddy bhi fresh hi ayi thi Ab jake dekh kaise logo ne ane jane ka rasta bnaya hua hai waha,1
Sadiyon se tarse hai jaisi zindagi ke liyeTeri sohbat mein duaayein hain ussi ke liyeTera milna hai uss rab ka ishaaraMaano mujhko banaya tere hi jaise kisi ke liyeThese beautiful lines in voice is real heaven ShreyaGhoshal,0
Sara Ali Khan Filmfare Award के लिए किया सिंड्रेला लुक अपनी नशीली आंखों से जीता सबका दिलSaraalikhan Flimfareaward Cindrella bollywoodactress bollywoodbreaking bnollywoodnews beautiful,0
Hahahaaha Corona sirf School me hi jayega kya?Bhai yaar bhakti karo par itni nai k sach jhuth ka fark dikhna band Ho jaye Bangal elections ki bheedh dekhe hain aap vaha kya vaccine faila die hain or market se le k randi khane tak sab khula hai school kholne se kya hoga?,1
Yeh kya soch hai nanga nach chalraha hai yaha tho yeh tho masth opportunity isiliye nalle sare yaha janne ke liye maar rahe hai,0
Kami lafz ka matlab pata hai?? Tum kahan ke chaudhary ho??? Kya gandi soch…,0
KAJAA KAJAA KAJAATREASURE_BEAUTIFULI vote TREASURE for StanWorld,0
Abe gadhi tu bata na kya tarika hai tu adhi sunni adha hi bata akal ki andhi jahil aurat metal aurat,1
No they don't Us needs india to counter china Nato countries are in love with Chinese maal,0
Ooo teri maa ka phuda koti ki bachi mpa ki seat ki seat ki khatir Nawaz sharif ka apny face Mai dal…,1
Sirji mera ek number to sirf mere bhai ke pass hain phir bhi Saari dunya se dhamki aati hain bol ke peecha chod de m…,0
ABE JAAKE APNI AMMI BAHEN KA IJJAT LUT YAHI TO KAR…,1
Maybe in Italy or Thailand the minimum age to contest elections is 20 Bhai-behan dono same maal fookte hai lagta hai supplied by one Italian Bar dancer,1
Stop the trolling and attack the maal wala gangThose having drugs and money bothCBI File 302 In SSR Case,0
bhai mein kisi ko slut nahi bol raha tum naam parhlo khudi snap pay,0
Tmkc randi idiot df lodu Not Maguire's fault stones is a fucking dumb fuck who doesn't realise where his teammates are and is so used to his fucking system that he does shit blindly,1
Aisa baat bolungi na jitne beautiful fans hain sab hasenge par aap rooge samjhe na aap ufff aap ke nkhre jee chahata hai jaane do,0
ye toh tapsee pannu apne chut se paida kr rhi h anurag ko,1
Khubsurat larko ko daikhna hi nhi chahiyai phigalna hum nai hi hai unho nai tou muu bhi nahi lagana,0
He is missing his moti gadi sidnaaz forever,1
Teri Maa behan ka bhi photo float ho rha aur tu hi ker rha dalalee ke paise Kha rha,1
lg ra h teri maa ka yaar h teri itni kyu fat ri h salman k liye tera baap h kya,1
So beautiful if this days comes पुनरुत्थान की तरफ जाने में क्या दिक्कत है इसी वेषभूषा में जो ऋषि लिख गये उस पर पूरी दुनियां में रिसर्च हो रही है आप अपने छोटे भाई का पाजामा और बड़े भाई का कुर्ता पहनने को स्वतंत्र है,0
Kya log ho tum?? Dhanda karna hai to khul ke karorate list bata diya karo ab to ada…,0
Kyu kisi ladki ko badnam kar rahi ho ye tum nhi hotum itni khubsurat kab se ho gayi,0
Meri chand blessing haJust love you kamini,0
Ab tumse ek nay sambhale jati Ek baccha nay nikalta toh hum kya karienRandi rona kartey ho hindu ki abadi kam hori Kam hogi na biwi ko dhande p bithaoge Khud ka uthta nay Kaise bacche hoge,1
गांव की गोरी बनीं मोनालिसा दिखा बेहद ही खूबसूरत अंदाज EntertainmentNews monalisa,0
Kuch bhi kaho jub tak midiya vale sach nahi bataye ga tab tak ye chalta rahega aaj ke midiya vale randi se aage nikal chuke hai,0
4 baap ke najais auladTeri maa ki chut me arman malik ka lund,1
"""Yehi to haseen yaado ka khubsurat nata hai Jo bina kisi shart ke nibhaya jata hai Rahe hum door to kya huaYaad zubaan se nahi dil se kiya jata hai",0
randi k bachay jis bande ki picture tunay dp lagai hai woh bhi pakistani hai,1
Teri maa ki chut choti nunu nikal lode,1
Ha I remember that And on another 80s pop note; I did not know Terrence Trent D'Arby changed his name in much the same circumstances as Prince,0
Usne do khubsurat alfaz kya bole hum to mohabbat hi samjh baithe,0
How the fuck u issue such a huge order oversight thoda maal idhar bhi pass karo,1
Oh teri maa ka bhosra bc rundi kya ho gaya hai tum logon ko,1
Aaah tujhe dekh k l*nad aur tight ho jata h teri jaisi gadraayi maal ko to kuttiyaa bna ke tmhri gori gori soft g*aand pe thappad maar maar k laaal kr k jorrdarr ch*daayi krni chahiye ki chinkhee nikaal jaaye tbui tmhe mazaa aayega,1
Aankh se andhedimag se behre ho tumif u really think that he's committed suicide then either…,0
Ye ek randi ka bacha hai kyun k iski maa ko pata nahi k is ka baap kon tha IStandWithAmarJalil,1
Bhosdiwala hai kya sale Kal ko google teri Maa ka photo kisi aur ke sath lga dega tb bhi yhi bolega Itna beli…,1
Yahan pe Jasmin Ka dimple dikha aur Mai pighal gayi poori Tarah❤️Yaar she is looking so beautiful❤️PaniDiGalOutNowJasminBhasin,0
aur chipkali bhi Saath hi hai mijhe lagta hai but nvm,0
A neighbour of my cousin who is a Vella and Lafantarr married his cousin who is an MBBS doctor born brought up studied and now currently working at a Hospital in UK and she was forced to marry this guy back in Pakistan just bcz of Family commitments and ghar ka maal ghar mein,0
Teri baat se pta chl gya tu teri maa bhan se bhi aese hi baat krta hoga or agr teri maa b…,1
इंडिया से 4 बार हारकर पाकिस्तान मुल्क की हालत उस बूढी Randi जैसी हो गई है जिसको ना तो कोई ग्राहक मिलता है और ना ही धंधे में पहले वाला नाम रहा ‍♂️‍♂️अगर कोई नक्सली इनके कोठे पे गया तो ये फ्री में choos लेगी उसका ताकि कम से कम धंधे में नाम तो बना रहे,1
Ek no ki chudakad randi ho to tumhe to har tarika pata hoga,1
nothing illustrious like the above one but today my basic Dahi Cauliflower paratha parbal aloo oranges with watermelon my lunch,0
Did you just call yourself a liberal? Tu gadhi hai gadhi not liberal,1
फ़िर भी कुछ भी कहो beautiful तो हो आप बाबा,0
Yes girlfriends are possessive because they know kisi bhi kamini se patt jayega,0
I am sure kuttiya ko iss madam se training military hogi,0
हिंदुओं में एकता हो गई हो तोअब जानवरों में बहुत ऊंच-नीच है उसे भी मिटाना चाहिए उसके लिए हंस की शादी मोर से बगुले की कौवे से सांप का बाज से शेर का हिरण सेDon't destroy your beautiful Varna systemवरना संतान वही होगी जो ऊपर के जानवरों की होगी वो ना घर के रहेगें ना घाट के।,0
Ammi ki chut amir bhan ke lode ki sala gandu,1
With Honorable Minister Social &amp; Welfare Social Welfare &amp; Bait-ul-Maal Punjab SyedyawarabbasbukharipunjabBaitulmaal,0
These a'maal are NOT limited to tonight nor is it a special ibaadah for tonight It's just a thread I created of virtuous a'maal which we can carry out at ANY time to earn some reward May Allah accept Aameen,0
Abhi Kuch bola gya tere ko toh pure gang ko lekar aayegiAnd dont u think u r beautiful joSimp bol rahiVaise bhi I am Not lesbian,0
अकबर बीरबल कहानी दुनिया के सबसे सुंदर बच्चे की खोज,0
Rhea jail mai hai aur woh 22 Sept tak rahyegi ush k baadh kya woh bail pe chut jayegi,0
Teri maa ka bhosada Tu madarchod leader hai Tu bhosadi ke pion ke kabil nahi Tu saale…,1
So true kuch chutiye bahut hoshiyaar samjhte hai khud ko dusro se dhang se baat karna hi nahi ata,1
Mard bus ameer ya gareeb hota hai aese hi jese aurat khubsurat ya badsurat hoti hai,0
Hamare desh me aaj agar law and order kharab hua hai toh iska karan hai ZEEZee abhi bhi samay hai sudharo apne aap…,1
Bhai tum jese chutiye hi Chinese maal use karte hain,1
Ugly wugly kuch nahi hota sab khubsurat hotay hain habibi,0
Aree pyar pane k liye khubsurat hi hona chahiye aisa to ni h na,0
Wah randi wahJab csk vs rr me umpire ne tom curran ko out de diya bad decision kyu change kiya tha…,1
Jaise hi pohnch gei gi maal mil gei ga,0
Tere baap ka commentary box hain ya teri maa ke mayake se dehej me aya hain bsdk Dhoni is…,1
Lines v khubsurat hedit vaur aap v mohatarama,0
Ye ek bhais hai Aur ye moti hi achhi lagti hai Love from Sidhearts,0
एक ऐसा फल जिसके सेवन मात्र से बुढ़ापा तो रुकता ही है साथ ही इम्युनिटि भी बढ़ाती है muskmelon jim fitness beautiful,0
Mumbai ko banane wale non marathisTumhari aukkat kya chhodi non marathis ne mMUMBAI me Jhaanth baraabar Tumhara CM ambani aur amitabh jaiso ko invite karta hai Mumbai ki shaan Non marathis hi hai Tu kitna v randi rona ro le fact is fact,1
Suna kisi Randi de bachyy apni Maa da oo ontari aurat,1
See sooo beautiful sidnaaz or hum abi tak ⁦ ka wait kar rahe hai ❤️❤️❤️,0
दिव्या भारती की देखें खूबसूरत तस्वीरेंdivyabharathi DivyaBharathi,0
teri akki ki maa ka mei sutli bomb akki mc bc bkl,1
Actually mimicry bhalayi Arnab ki ki but aadat to bollywood druggist charasi nashedi ganjedi logo ki bt…,0
Randi rony daaly hoty hn dekho 2nd py ho,1
Han Tu tension na le teri maa behan Gufa ka dhiyan rakhti hai,1
Teri maa ka bhossra behan k lorre randi k bachy haram ki olad kisi kanjar k nasal jhutty mukar khutty ki nasal,1
woh puchte hai Kitna pyar karte ho ??ab unhe kon batayen Nazar humesha neche karke chalte hai kahi khubsurat chehara dekh usse pyar na ho jaye,0
HAPPY HOLI SIDHARTH AND HIS MOTI BABY STAY SAFE ❤,1
Meko yeh Yaad aa Gaya ekdum se ladki ko ye beautiful Nahi bolta necklace ko bolta hai ‍♀️,0
YAAR CHIPKALI FELL ON MY HEAD RIGHT AFTER I SHOWERED OWNSKWBODBW,0
Me seeing Tagline aa hi nhi rahi Chalo naya maal laoHOLI KA RANG DISHUL KE SANG,0
shaguftadahisar mein 10 rupiyaa kaa nalli kaa packet liyaa khaane ko us mein koi taste hi nahi kamaal hai 10 rupiye yaa 1 rupiye ki india mein kimat nahi hai to maal baicho mat naa10 rupiye aur 1 rupiye kaa maal rakh ke mujhe hi nichaa dikhaate homaal tumharaa,0
kaise huakaise hutum itne strong and beautiful kaise hua zizoookya raaz ho sakta hai,0
Me to Sirf Gufa me hi dhiyan rakhata hun teri maa behano ki Gufa kaGhar ka muje nahi pata Teri m…,1
HanTeri maa behan ki G ka rate thik hi haiTeri maa behan ko purane rate pe koie dikat nahi hai,1
Abe chutiye andh bhakt teri maa aur behan ka kya rate chal raha hai be ? Suna hai rate gha…,1
RepublicBharat ne hilla di sab ki ab kya dupke ho niklo bahar sawalo ka do javab Sandeepsingh Tweet2Rhea bachlo…,0
Esa dekha nh khubsurat koi Jism jaise ho chanda ki murat koi SHEHNAAZ APKA SWAGAT HAI,0
MahimA ji itni khubsurat hai koi bhi pyar me pad jayega,0
Thanx SirDay 2 Doing great as explained Being new to the market I also do option buying as EVERYONE DOTime laga but samjh agya PAISA MAAL BECHNE SE BANTA HAI KHARIDNE SE NAHII thing I would suggest to all new comers HAVE PATIENCE market will reward you,0
Jo 4 photos dipika ne lagayi ha kya slut shame ha tu mujhe bata,1
Sunn na madharchod teri mausi ka chodo Mandir aur masjid ka gyan yaha mat…,1
Bhar ma jae ese attitude or ese log inky sth jb esa hota ha to phr inky randi rony ni khtam hoty,1
I’m all for bargains but not on home decor Lol no ma’am plus I don’t have kids so what would be the reason and I don’t like guests so it will probably just be Bafana Randi or Nompu then my family,0
Pagal Jo ho hi Bewa gaei to kya us ka shohar qabar me sali se shadi krey ga kya?,1
Thanku moti for showing soo mch love ❤️,0
bhagirathi coming from left and alaknanda from top they merge to create ganga it’s so pretty,0
Everything will be remembered mr moti and party StopHateAgainstFarmers,1
Bhai bada afsos hua sun kar ye chinese vaccine jo 15 march ko lagvayi thi muft ke maal ke sath aisa hi hota he ab bhi waqt he kharid lo,1
Are dialogue bhi copy paste karta haiasim ki lunaticcopy cat chal hat be gadhi original bolteri aukat sirf yaha bhonk ne ki haiteri shakal dekha agar chasma na ho to teri khud ki shakal nahi dekh paye giteri ankhon mein hi defect haidefect ki dukhan,1
"Related I love that the dweeb who wrote the opinion piece I pulled that screen shot from? Includes this paragraph trying to equate the Chicano Freedom School with right-wing ""school choice"" bullshit",0
Teri maa ka bhosda Tera baap hai india madarchod Teri aukat humare niche rehne ki hai,1
Gadhi ki sakal leke to bas la*do ki hi sawari kar sakti hai wo bhi parking area me,1
She was right ye janta hi sala CHUT haiAur boltey hai nepotismAur karo trend HappyBirthdayKareenaMessage4SSR,0
Lund dhaari maa hai teri shayad Asli profile banane ka dum nahi hai gaand me,1
Tum logon ko kon duaain de raha kanjro zara randi mehal se bahir niklo thokar pe hi mil jain ge tumhain bad duaain dene walay,1
"Hi here is your unroll Bhojpuri song ""Miyaan toli waali maal superhit lage re"" (Muslim… Talk to you soon",1
Kya aap meri help kar sakti ho my incest hu maa bahen ko chod na chata hu shagufta,1
Why is that ? Same national union leadership ? Ask Randi Weingarten,0
कुछ पास आयेंगेकुछ दूर जायेंगेबहुत कम लोग ही हैं जोनिस्वार्थ रिश्ते निभायेंगे।Beautiful life गुड मॉर्निंग,0
ye teri maa ke chudne ka result h saale phenku,1
Ye rahi link jisko join hona hai ho sakate ho its free 4 youSoch rahe ho free ka maal bekar hi hoga pr trust me sikhana hai to bohot kuch sikhane milega pakka,0
Lanti insan gandu kahin k i am Muslim Alhumduliallah per insaniat hai muj main mairi nazer ma…,1
Ee hee hee -keşfet instagram video beautiful takip reelsinstagram amazing like4like instalike like beğen car world türkiye güzel good araba instagood sosyalmedya socialmedia like4like follow izle watch reels dünya takipet followme life discover,0
"Finally it's a Wrap and Shuklaji waiting for his Moti with all ""formalities of paperwork done"" ready in his handWaiting for you ShehnaazGill❤️❤️❤️❤️❤️❤️❤️❤️❤️❤️❤️SidNaaz",0
Jai shree radhe radhe bahut khubsurat lag rahe ho aap ji,0
"SushantTruthNowKINDLY DON'T USE ""DEPRESSION"" IN THE NAME OF SUSHANTPLEASE REMEMBER HIM AS A ""HERO""WHO TAUGHT EV…",0
abey maa ka bur salman se chodwa rha hai kya msg randi ka aulaad merko teri maa ka bur katuwa wala laura se chodwa deta hu,1
Jo zyada khubsurat us kay liye rate kam,0
Soch khubsurat ho to Sab kuch acha nazar aata hai,0
China ki maa ki ch*t 3 baar Arunachal Pradesh to hai hi hmaara Aksai chin Tibet bhi aur Pakistan bhadve se Gilgi…,1
Sai bat ha ap ki soch gando jasi ni bakly Randi gasti 2 Taky ki aurat jasi zaror ha,1
Good Afternoon Beautiful Aleena ❣️❤️सौदा कुछ ऐसा किया है तेरे ख़्वाबों ने मेरी नींदों सेया तो दोनों आते हैं या कोई नहीं आता,0
Ha haa I think he got this China maal for doing black market realme8Pro at realme UK,0
Toh bata na kitna rate hai deshdrohi ki maa ki,1
"Bas bhai aap hi umid ho party de dena bas Lekin party dene se phle ""she's so beautiful"" se puch lena Kahe hi baad me lade jhagde to hamko accha nahi na lagega",0
Oh detective sara is here Dhum tana na na dhum…,0
Jake and Sunoo are 100% on enhypen stan twt Not only but they are actually each other's moot without knowing it If you see…,0
Bura mat mano Kiran jiaap khud ko unki maa bana k beta beta bol k Ashleel baat…,1
Tumse dil ka chain haiTumhi se hai Qaraar Tum na roothna ke rooth Jaayegi bahaar Awesomely beautiful waltz❤,0
Randi rona karke or sad reh kar thak gyi NOW IS TIME FOR SOME ACTION gonna take a nap,1
Aap 69 m maja lo aur maja aaye ga,0
kya lawdu hinduo k Marne pe bht maza aa rha tha tujhe gandu kabhi debate me baith gand me g…,1
Teri maa meri maa nai ho sakti q k tu kisi randi ki aulaaad hai jo har jaagah se chudwa k b khush nai hoti,1
What a super joke of the day from gandu Rahulisiliye to iska name papu pada haiyato sayad Rahul aapn…,1
sale fate huye condom k nateeeje k paas bolne k liye words nahi h mere words mujhe hi copy Kar Raha hai hatttt sali 100 baap ki olaad jakar apne baap ko dhondh,1
Achhhajab sid ke liye stand liya tak aapkodikhaa nahi hogamereko sid aur sana se matlab unke fandom se nahiphr mai aapko bhi bolun ky jab Sana ka character assination krte the slut shaming krte hai daily daily tab kyu nhi rokkte apne fd waloko,1
Join me today as I host a Queen Table Talk on Instagram LIVE 6PM I will be discussing my platform Q&amp;A and hear about some programs &amp; initiatives I have planned IG DMJ_✨QUESTtoSuccessPVElections,0
Sahi keh rayo Khan LorayQusoor Teri Gashti Maa ka haJiss ka Phudda merwa merwa k Full KH…,1
Aur shat me tumhre didi ko leye bena kaye jaye ge beta tum tansan mat le tarye didi ko sh…,0
Casteist roots? Holika was the sister of a king and ancestor of Rishi Kashyap? Konsa maal punka h,1
Beautiful to apne desh me bhi kam nahi hai Baat yahan yuva soch aur talent ki ho rahi hai na ki DATING maarne ki,0
She shuld grilld by ED such a cheap and zahil rehaa chokromm chudail gold digger…,1
Sale kuttiya bewakuph samgh rahi HaiBangal me na hai Mumbai me hai,1
"Happy Birthday Sharon You have been a great big part of my life for as long as I can remember -- and talking to you (and Randi) was a true ""pinch me"" moment",0
मेरा कोई कुछ नहीं बिगाड़ सकता है क्योंकिमैंने पहले से ही अपना सब कुछ बिगाड़ रखा हैgoodmorning beautiful world,0
Agr ise beautiful singing kehte hai toh me toh Indian idol jeetne layak gata huEarphone lagane k baad me bhi Sonu Nigam Arijit Singh se kam nahi,1
Teri maaa ka bhosada Sale Mohamad se chudwa dunga teri khandan ko…,1
Baba ne kar dia teri maa ka halala hahahaha hamare pas bhej naaa lau***re,1
Apne hi desh vich asi dar dar ke nahi rehna tuhade kuttiya toh khalsa khalishtani hai ta asi khalishtani hai gye han rok to tuc Sanu challenge hai protest jit ke java gye ghar wapis asi har gye ta Punjabi kihne kehna Sanu tikat Saab leader sade,1
Your sach a beautiful person outside or inside bhi ❤ full of positivity se bhari hui ho tum zyda time nhi hua tumse baat krte hue but jitna bhi hua hai bhot pyaari lagi tum mujhe ❤ Grup ke londe pagal hai tumhre liye ek toh devdass bhi ban gaya stay blessed Neeli,0
T-49 जिन्दगी में दो फूल से हमेशा सतर्क रहनाएक April fool और दूसरी Beautiful,0
Chal jahan se bhi liya hain kum se kum eek surname toh hai Teri Jaison ka bhi surname hota hai Utkarsh…,1
Lgta h kuch mulle teri maa ke yeha rat gujar ke gai h tbhi tere jesa hijda peda hu…,1
Vaise bahut Khubsurat ho aap bahut Gajab Ki sundarta hai aapki,0
Re chuthiya mother chodh lowde doing 3rd class politics first think then talk lowde,1
Randi k buchay tujhe zanjeero may jakar kay laenge Suar,1
Ek Ada Apki Dil Churaane Ki Ek Ada Apki Dil Main aa Jaane Ki Ek Chehra Aapka Chaand se ziyada khubsurat Sa Ek Zid Humari Chaand Ko Paane Ki,0
chante ee chante marunga koyi power nahi jo tujhe mujhse bacha sakay ab tairay chootad peetunga jam kar,1
yeah burrihya bahot bak bak krti hy Pakistan aur PakArmy k khilaaf ab dum dbaa kr bhaag jaay gi kuttiyaYeh Hussain Haqqani ki rkhailen srf pr bhonknay k he to paisay leti han RAW aur CIA se mn column likhne ki jghah yun he to nhi milti? ️,0
kedarjadhav Bhai tu dressing room 6ka k trah nach skte ho but cricket khelte 6ka Mar ni sktaKyu bina mehna…,1
Gadi dekhako ki gulaf Confuza gaue kaa Sakal to piche hi chut gayi,0
Life is beautiful reBas tum chutiyon aur chutiyaape se thoda dur rhne ki koshish kro,0
hi sender saya jungkook boleh dibaca ya kalau tertarik/tanya² boleh dm saya langsung,0
Dekha ek khwaab toh yeh silsile hue such a beautiful song this is,0
Ab mujhe kangna ke sakl dekhna me bhi nafart hoti h isko pagalkhana bje dena chahiye isko whi treatme…,1
Kyu teri maa ki chut nahi h kya re randi ka bacha gaand se paida hua h kya tu,1
To tere Baap ka kya be R**nd ki aulaad Usske ghar ne bijli paani aye wo kya bole wo usski…,1
Esko kyu le rhi ho mera lund le lo apni chut me,1
Ssdak se shuru huyee thi sadak par hi reh jaayegi yeh shitty story Sadak2disaster sadak2review SanjayDutt Al…,1
Chalo adhy khubsurat to hen shukr h,0
फिर कुछ बेगैरत लड़के/लड़कियां इनकी पोस्टों पे कॉमेंट बॉक्स मैं wow Beautiful Awesome Nice के कॉमेंट की झड़ी लगा देते हैं और इनके दिन रात ऐसे ही गुजर रहे हैं।अल्लाह इन भटके हुओं को गुमराही से निकालकर दीन की तरफ लौटने की तौफीक अता फरमाए।,0
lol no one gives a fuck about your democrazy It's all business That is why EU signed a trade deal with China despite all the human rights Randi rona,1
Na tum bhot jyada choti ho Na tum bhot jyada moti ho ( bhot kam ho)Sundar tum ho hi kafi shakal se dil ka pta nhi PS Aur appreciation chaiye ya ho gya,0
Uttarakhand 51 temples were taken over in 2019(plus Mahadev temple and Maa Poornagiri temple taken over in 2021)Neelkanth Mahadev temple Kandapatna taken over in 2021 in Himachal Pradesh2 temples taken over in Haryana in 2017Tripura Sundari temple taken over in Tripura in 2018,0
So beautiful Apni mehnat se lagaye hue plants to badhte hue dekhna Wo ek alag tarah ka sukoon hai,0
Teri maa ka doosra khasam hai jo itni tarfdari kar raha hai?,1
Luta howa mail wapis karain aur jainbus thats the accountability we voted for Mr there is law applicable on luta howa maal?? Kon log hain asi,1
Bs** mad****bhen ke** to kiya kyun maza ayya na bhd*** chu*** machhar ki ja** gandu ma ch** gaan* mara ja ja gaan**…,1
Good Night Kamini Take careBtw itna late?,0
Congratulations to delhi walo for kejruddin government Bhugto salo ab free ka maal ka maza,1
IshqMeinMarjawan2I am literally laughing over appreciation tweet over KAMINI SIYA with in few days she will flip And we will bash her,1
Jitne khubsurat jodi hai utna hi Khubsurat kaam kiya hai dono ne sath me TahaAndAlaya,0
apni maa kay boobs dekh press kar kya bhady kahrdy it teri…,1
KV har interview mein bolta hain ke Love story bohot zyada khubsurat hain❤️I just HOPE AND PRAY ke aisi koi bhi zaroorat na aaye ki story change karni pade ya phir kuch idhar udhar karna pade❤️Give us the full narrativeWe believe in KV❤️ShauryaAurAnokhiKiKahani,0
Kamini will be flipping soon Woh pyaar mei andha hogaya hae New lover gurl on town,1
Khanumarfa Ye randi ka bhashan suna hai koi kya lagta hai isko chodhu yaa chod du,1
Bahut hi khubsurat dilkash umda aur behtarin post,0
Bencho Abram ka toilet cleaner ka duty bhi nahi milega tujhe teri MKB BTW iski Maa Iski Bahn,1
Ha ye thik hai I'm a die hard fan of kejroo but is trh ki baddzubani bardasht nhi is katwe ko Sabak milna chahie Aur aastha tu imaandaar patrkaar to nhi hai lekin tu khubsurat hai isiliye tereko follow kr rha hu baki Tere me mam jaisa ya jaisa,1
Teri maa ka bhosada saale charsy SSR ke bhadve Tu sala vo gandi naali ka kida hai jo jahan jayega…,1
Kamal jesi khubsurat biwi ho magar fir bhi Haath ka hi use kare use kya ‘Samrat X’ kahe?,0
Accha phir to bigg boss ko bhi bol de jo aaj task hone wala h use na karao Jaga nanga nach macha raha h chache…,1
han teri behan bhee randi hee hai theek kaha hai,1
Bhai maan gaya tera victim card ko Shuru tum log karo jab jawab miley toh fir wahi barso purana Randi rona,1
No sorry and yes he is shit That moron is celebrating Holi with approx 100 people in society lawn n I can see oldies too Uff ya kb akal ayegi in Gadhi ko,1
Hi guys I hope you'll give small shops like us a chance )) Big shops started from scratch din naman and it's our time rn to start our own venture to get big and to be like those big shops here in twitterAnyway sa hindi pa nakakasali sa opening ga namin sali na kayo,0
Who doesn't love a in box Premium finish stylish cover + Free ka maal hain tab to aur pasand aata hain,0
"""He joined the police force as constable and in a span of six years rose to become circle officer With a nose for sniffing out crime Moti Jaslia a seven-year-old tracker dog helped the Mainpuri and Budaun police solve at least 31 cases""",0
Teri maa ka bhosraaa haramkhor gantaaa g to teri fat rahi he15 log teri maa choddd rahe heaue t…,1
Kuch nai hota tm logon ki healthon ko randi ronaay bnd karo aur parho ja k,1
Teri maa ka bhosda Ye bolne wala tha but pura padha to pata chal,1
आप लोग दुबारा से प्रयासकरने से कभी मत घबरानाक्योंकि दुबारा से की गई शुरुआतशून्य से नही अनुभव से होगी।FridayThoughtsbeautiful india delhi happy picoftheday travel mumbai photooftheday indianfashion bestoftheday photography,0
Napunsak Congress ki sarkar me desh me ghusakar atanki aaye din blast me saikado log mar kar chale jate the tab to ye randi rona koi chamcha nahi karta thaChamcho ko ghor dukh hai ki ab aam nagarik ki maut kyu nahi ho rahi hai Gulami ki bhi had hai,1
it was not horse it was Gadhi ( Female Donkey),0
According to Bullywood Chut**abrities making a movie on so-called 'Women Empowerment' makes you true Feminist …,1
24 hrs m nanga kr diya sabko or bhsdk sab bhag gye,1
Waise Tune To Apni Maa Behn Phufi Mausi Mami Chachi Dadi Nani Sab ko CHOD diya hoga…,1
To sahe kise Randi ka kuta hain,1
OMG bhaisahab bol rahen hain don't be vella( patient) correction is over maal uthao,1
Arnab sir ka bas chale to wo Rhea ko कानून ke kuch Karne se phle saza de deBas ek baar dono ko आमने-सामने baithay…,0
Humara Gadha pappu to abhi bhi tika hua hai aur gadhi bhi twitter par gandagi faila hi rahi hai,1
hi guys are you interested to join a gdm with me and i hope u got a solene un kasi we are soulenes to cut the intro we are solene simps thank you sali kayo please,0
Acha suno mera birthday tha kuch din phle toh I am here to share with you or ye apki wali moti baby ka n mera cake h ab toh maine yha moti baby likh diya ab toh mereko like reply milne se rha chlo koi n ap cake enjoy kro red velvet cheese cake,0
"अगर किसी लड़की की ब्रा strapsदिखाई देती हैं तो""Randi hai""",1
Salmon bwe jodhpuri kutta autorickshaw association ka bhi grand chat ta hy kya tu…,1
Sai4SSR republic Khudki STATE/RAAJYA pehle sambhal le ye shivsena logBade aye CBI demand karneCBI ABB SHIVSENA TAK BHI PAHUCHE…,0
Bacha Gaya tuTu jhasi ka niklaMumbai me rehta to Tera Kya haal hotaBach Ga…,0
Agr humanity hi sabka dharm hoLakshay hoJe dunia se khubsurat orr koi chiz nhi hogi❤❤❤,0
I love her sali ka pa sa miss earth world and universe pleaaasee,0
Army bratni Yes I was naive You will be asked the same Kitna maal hai sain?,0
bhaarti apna randi rouna rounay aa gae bhaee,1
India's supreme investigation agency CBI has already take over susant singh rajput case ssr I I pledged from all…,0
Sahi keh rayo Khan LorayQusoor Teri Gashti Maa ka haJiss ka Phudda merwa merwa k Full KHULLA hoo chukk…,1
Chinese maal It will perform same as Chinese covid vaccine resulted on kathputli katora khan,1
तुम्हारे प्यार की दास्तान हमने अपने दिल में लिखी हैन थोड़ी न बहुत बे-हिसाब लिखी हैकिया करो कभी हमे भी अपनी दुआओं में शामिलहमने अपनी हर एक सांस तुम्हारे नाम लिखी हैHello Beautiful Reet Good Morning ❤️,0
Ap toh shakal se logon ki shadi me mufte pe nachne wale khusre lagte ho aur apka lea…,0
So Aaj Mere Little Brother Ka B'day Hai❤️Pehli Bar Group Me Mile The Tu Ek Dum Sweet Cute Aur Innocent Hai❤️ Jb Tu Mujhe Behna Bolta Hai Na Sach Me Bohat Jyada Achha Lagta Hai❤️ Group Ke Masti Majak Nok-Jok Pyar Ye Sari Bohat Hi Beautiful Memories He,0
Celebs who love polka dot trend ⚫⚪PriyankaChopra saraalikhan DeepikaPadukone AnushkaSharma AliaBhatt,0
Aby tu b to gyaa thaa london faisal ki jaidady dkhany Gandu ab tk wapis q nh aya saboot lekr adalat tu Chutye,1
Teri Ami ko choda tha tabhi tu nikala tha putr Randi ki nasal tu nhi subdharta ma chodwana ka shok ha tujha,1
Tumara bap hai gadha aur jahil tumara maa chal jao randi kahin ki,1
Jo shabdo me bayaan na ho uss se khubsurat kuch nahi,0
Broken but beautiful romantic web haipahle ke part Dekho Uske bad BAAT Karna koi action web Nahi hai Ji agastya Rao ke Sath agmi BHI hype Hoga☺️,0
Teri maa ki chut Randi ke bachey bharwey ki nasal Khan sahb ne Nani kaha Terry baap…,1
Teri maa ka bhosada phaad dunga saale druggy ke fan,1
Jo khubsurat hota wo apne ap ko ugly hi bolta hai,0
dali sali kayo fhshdhdhdhd no need to follow me naman I just like to do random GAs,0
I don’t mind Kabir actually There’s a point to him &amp; he drives the story forward But useless Chipkali and useless Sardard omg nikaaalo dono ko,1
Enni bejjati di dose bahut hai fer meri TL te aaya na ta sara nanga karoonga chal nikal hun,1
Sir please help us mera papa private driver hai lockdown mai kaam chut gaya hai Mera papa ke upar bhot…,0
Tere jese hi kuchh gandu dekhenge hume a baat pata hai Or sun agar mere tweet se kuchh farak neh…,1
Jala toh tum logo ko ki rahi hai trophy ke basis par toh rr nahi kara sakte fan base basis par randi rona kara rahe hoShameless,1
Good Afternoon Bhabhi Sach me bahut garmi hai aur aapne garmi ko aur badha di hai Wahi jo aap karwa le mujhse,0
Foj teri teri baji ko GIRAAJ ME CHODA H AS LYE TUJHE TAKLEEF HOTJ H SALY HARM KHOOR K OLAAAD KUTTY KA BACHA USI FOJ K JOTE CHATE HN SARE PATWARI KUTTON NE AJ FOJ KO GALI DETE HO HRAAAM KHOOOR KUTY RANDI K BACHY,1
Randichhap teri maa ke bhossssdde me se hua he us pappu ka janm,1
Fir bhi tuje nahi degi abb randi rona mat kar chal vaak idhar se,1
TERI AMMA CHUD RAHI THI MADARCHOD JAB ANKIT SAXENA AUR RAHUL RAJPOOT KA MURDER HUA TERI M…,1
Choron mein hamesha se hi ekta rahi hai Ganimat ka maal,1
randi mamta teru maa chud jayi mamtabenergy jai shree ram,1
Behenchor bsdwaleteri maa ki aankhTeri maya chor de ham saale bhad*eKitna gira huva insaan…,1
Islamabad jo k shehr hukmarani karta he wahan pr koi industrial area nahi he aur shehr ko bhot khubsurat tarike se rakha he Aur jo shehr poore mulk ka boj uthata he us shehre karachi ki ap halat dekhen kesi he Mulk k chote chote shero me orange line aur green lines chalrahi he,0
Teri maa chodi kya isme lavde agar tu mumbai kein rehta hai tho address de ghar aake teri aami nhi…,1
(Chori ka maal)Reply to this and i'll say three things that remind me of you,0
Bhai edit kyun karna vo sab cheap cheese…,0
"""chutiya gandu bc mc zandu "" is a such magical wordKab muhh se nikal jaye pata hi nhi chalta",0
Randi bala nahi dela hai to maat do sala kahi,1
ohhhhh tu toh chudai mh expert h mujha lga tu yh nhi jnte pee tu toh bhuki pyasi h tujha mard kh Lund k…,1
Mallu Hannah Baker is sasti randi of this platform Jiska mood woh aake iski gand leta h,1
Fir tum jinnah ki rakhail k bacche kashmir me Mujahid kutto ka rape aur genocide par randi rona krte ho,1
Abe gandu bhakt h na tu dekha h Mena tera jesa bhakt jo gay ka pesab pita h or gobar kh…,1
Who r u to declare N why shd Marathis pay heed to uWe hv already thrown ur tadipar n chaiwala out of our MahaU think Marathis wl take u A gujju seriously Wd tadipar n MotiBoth mass murderers from ur stAll NonBluejp sts can declare ur gujrt as MurderStateGuuujrat,1
Zindagi ne unke liye kuch behetar choona ho❤️this is beautiful,0
Sushant ke maa ki chut aur tum republic walo ki maa ka bhosda,1
Kalbhoshan teri maa ka rishta dene yha aya tha jo Pa…,0
Kya Kya bol reha h rape huaaa h kitnaa baar bolage samaj me nai aata issi Lia gali Diya th…,0
Partition hua aur saare khubsurat ladkiyan border k uss taraf chale gaye,0
No matter what will be the result but people like itsSSR (Sushant Singh Rajput ) can't do suiside with out even…,0
do u know the meaning fo zero mjhe lgta h teri maths bhut week hogi ya tune pdai nh kri h…,0
Halala ki paidaish teri maa se pooch le jisse tu abbu abbu bolta aaya hai ab tak woh te…,1
Waise jo real neha haiwo bahut bahut beautiful and smart haiWo kabhi apni real photo nhi lagayi hai,0
Tumhari jiji ne hi khud bola tha mai kamini hu,1
Clara33350322 Praveen08494145 SSRCulpritsBehindBarBollywood jokers can't match itsSSR Level The level of itsSSR intelligence B…,0
Abe Bhosdi Aur log v Karte h YE sab Unka bolo harami bahen Chod madharchod Iska Dan na liya Karo,1
Chalo lala ki Jan Tumhare liye Tiktok se khubsurat londe pakr k Lata Hu,0
"""jab life risk me daalo na to make sure jeet tumhari hi ho warna celebration kya sirf zinda rehne ka karoge""EDKV2HIT…",0
Tumhare jaise jihadi ko har koi chod raha hai ab kis kis ko bapp banau ? Hindu hai hum Bhiya &amp; bahen ka pata hai hum logon Ko,1
Kya bat hai yrrr Juhi chawla aaj bhi kitni khubsurat lag rahi,0
Good morning Raj bhaiya apka din behad khubsurat aur Sukoon bhara ho,0
sana sister jitni beautiful❤ aap ho ek larki mere liye bhi dekh lo please,0
Akshay to sala h hi fattu Pe Teri maa ka bh faadu madartod,1
But you are lovely and beautiful Mujhse dosti karogi/Kar lo na kyu mana kar rahi hoAur wo bhi publically troll kar ke?Itna ghamand accha nahi hai Hum kaale hain to kya hua insaan to hain,0
He kya karti ho ?? She logo ko khush Karti Hu He ek Raat Ka Kitna leti ho ??She Teri maa ka chola maaru Memer Hu,1
Or America mn he sab se zeyada Randi Khano ko jany waly Randyon ke gag huryan film dekhny waly or bachon ke huryan film y un se zeyadti karny waly Budday he hoty hhain,1
Teri maa ka bhosda madharchod Seculars ka choda madharchod jaake apni maa ko chudwa le maulvi se s…,1
Kash k asi hi koi chipkali mil jaye,0
Kuch to reveal karo Ok fine no reveal but atleast kiara chipkali lollypop ka scene dena band karoWe dont want to watch this chipkali flirting with vansh Plsss its irritating we need to skip scene parts coz of this lollypopWe want RiAnsh IshqMeinMarjawan2,1
teri maa ka bho bharat maa ka gala kat dita matlab???? kutte kera bhi gala katega sucar ki aulad najayaz pedas,1
Suar se bhi moti chamdi Vaise patrkarita me nikhar aa rha hi aage aage dekho hota hi kya dalal ji Agar khela ho gya to inka kya hoga Mujhe to isiki chinta hi vaise beizat to kai baar huye hi ek baar aur intjar hi,1
Sala gandukhel nai sakta toh utt ta q khelne me,1
madhrchod rndy ka bcha riya teri maa hai kya re madhrchod gandu pure Bollywood ka boycott hoga pure india me smjha re beta,1
So beautiful Sister aap bahut khoobsurat aur society ke liye bahut achha kaam kar rahi ho allah Aapki umar taweel karein aameen,0
Crush You deserve betterMe Nahi mujhe teri jaisi Kamini hi chahiye,0
हसता हुआ मन और मुस्कराता हुआ चेहरायही है जीवन की सच्ची सम्पति So beautiful,0
Ab koi chor chori karne aiyega kissi mohalle to ye thodi dekhega ki koun hindu h or koun muslim hai usse jaha saman milega wahi se le bhagega or tu Pakistan or Bangladesh ka Randi rona ro raha or udhar tmahare papa vaccine de rahe h ja ke papa se puche yaha gyan na do,1
Aap bhi behad khubsurat ho aarzoo ji Gm,0
Ye Besumaar khubsurti hai meri Zindagani Dekhi nahi yesi khubsurti kahi Pari hai Parion ki Rani hai Prety zinta Hamari hai ✋ Bahut khubsurat khub shubh pyaar Jaanu take care sanghni ji,0
Teri MAA ko tere Papa ne Kabhi Kuch Nahi Kiya kya wo keh…,1
Chutiya gandu hai ky tu? Kedar is waste of time BSHDK,1
fir reservation ka randi rona karte ho uske baad khud bikhar banke ews reservation bhi leleta ho,1
To the freeloaders - Tu nanga hi Toh aya tha kya ghanta leke jayega,0
BJP ki vaccine hai tumhare jaise jalte srikhand nh lagwayengeTo bacha maal bahar hi to jayega,1
7 y/o me Book Fair me parents ka haath chut jaane k baad,0
Watch Aliabhatt Sadak2 aaplog movie toh kro Warriors4SSR ne Sadak per naa utara…,1
Tuh hi mere mommy hai randi maa ajaa mere lund chus le,1
Dia Mirza ने अपने पति और सौतेली बेटी समायरा के साथ मालदीव्स की शेयर की सुंदर यादें DiaMirza Bollywood Actress Maldives Memories Enjoy Photos,0
Jab maine tujhe beautiful bolatab tu l hila ke gaali di,0
Randi maa chuda jaa k Lann choos,1
Ap bahut khubsurat ho ek bar muje ap se milna hai,0
टीवी हो या बॉलीवुड फैंस को लुभाने में कोई भी कसर नहीं छोड़ना चाहती है मोनी रॉय mouniroy dancevideo instagram video,0
Copied copied chila toh diya pr ek gandu ne bhi proof nhi ki…,1
this holi donot purchase LG ka maal but only purchase their mothers maal,1
OH BHAI MERA HI MAAL MEREKO HI KYU CHIPKA RHI HAI,1
Tujhe kitina chane lage hum beautiful ❤️❤️,0
Life is beautiful enjoy karo na? kiya milegi kisiko troll karkeKoi farak nahi padega celebrity ko tumko padegi,0
DRS ka Randi Rona abhi Tak Jaari hai,1
ICL alag tha gandu wo BCCI ka nehi tha wo kapil dev n Neo…,0
Aap ki ammi to bahot badi randi hai,1
Kitne bar there chut Ka Pani nikalwaya,0
Krte h randi rona mc teri bato ka sense tereko hi hoga aur sun galiya bsdk teri maa ki…,1
1400 years se terrorist ek hi quom hai jo khud ek terroryst rapst pedo maal e genimat pe jine wale lutere ne banayi hai,1
Ma shaa Allah ❤️Allah ap dono ko bht behtreen muqaddar alaa tareen nasib or khubsurat tareen qismat se nawaze aafiyat k sth aamen,0
Kya Baat Hai Janab bahut hi Khubsurat❤️,0
ChutiyeSab Ko pappu samjha hai kya?pehle pata kar wo area Abhi bhi China ke Ka je me hai aur us…,1
Achaaa?? Wow Badha behtareen sajaye And alag sa rishta hain Special wale Bohut sundar Ajkal aisa kaun karta hain Koi nehi Aisa rishta kayam rahein Beautiful,0
Tu ksi randi khane ke padawar ho qasam se tu apne bap ke alod ni ho,1
senta di aapke baare mei kya hi bolu jitna hi bolu kam hoga jis tarha se aap hamesha sabko inspire kiya tutne wali insan ko jod diya hamesha alag hi tarha ke se sabko motivate kiya kitni khubsurat insan hei aap,0
Oi kutay k putar corruption is what ur father NS &amp; teri maa ka yaar SS karta tha Names u mentioned r sacked on doubts,1
Gadhaaamera first shaq tu hi thaatu itnaaa likhaaaa mere liye woh bhi roj loveee u gadhelove u soo much and jab tu gadhi bolta h na mereko teri awaaz aati b,0
SaanyaParasite ko expose karne ka time aa gaya or He will expose himselfThat smug constipated look he givesacting all high &amp; mighty; whr he is nothing but cuckoo who lays its eggs on some1 else's nest-artaat-chori ka maal antii mei daal &amp; fir YT mein aake bechBhaand hai wo,1
Mittali56230832 Spotboye chetan_bhagat he was not upset att all about his movies because his life mantra is to keep going on❤️ an gi…,0
Surkhon ne sirf criticize karna hai Jab Dar economy ki maa behn kar raha tha tab patanae kahan thay ye sab Ab course correction pe randi ronay daal rahay hain,1
Matter kya hai nhi pta na janna hai Pr teri maa ka bhosda madarchod,1
To sadi kar lijiye beautiful bhi ho,0
CA_Jyotiranjan arnab5222 Sir When Sandip Singh will be arrested? Some YouTube channels are showing that he is trying to leave Indi…,0
Tawaif ka purana nam Randi he he aur aj bhi yehi nam se mashoor henTou phr ap bataen ap kya naam dengi in zani aurton ko k jinko k Allah bhi sakht na pasand karta he aur dunya aur akhrat men sakht saza di jaegi (agar Allah se mafi nahi mangi tou),1
Nathu naali ka keeda thha jo 30 saal tak apni maa ka dudhoo peeta raha bilkul teri tarah,1
Tu kitne fake id banaye ka kuch hone wala nhi ek baap ki aulad h…,0
Zaroori nai sir kuch log bahar aur bhitar se khubsurat nai hote,0
Ek Ganjedi doosre Ganjedi Ki Photo laga ke Chilam Bhar Ke Kash Marega to Shayad Uski…,0
Gadhi is missing her Kullu badly All these songs Sana is listening too says ❤️❤️Baby is doing her job pretty well but her mind &amp; heart is always missing someone❤️Please come quickly BebuMumbai also badly missing u❤️❤️SidNaaz,0
chalti gadi se feka yaisi fake aurat ko tyo fekna hi chaiye tha jhuti kahi ki mai ne dekha tha iv bol rahi thi family friend our I support shukla ji kamini jhuti kahi ki,1
C5 pai jake randi rona nahi dekha toh kya hi Mumbaikar ho tum,0
Or sun tu jo koi bhi aagd se jara sambhal kar bhokna nahi to tujhe teri oukat dikha kar nanaga kRt dungi katt mulle…,1
Haan yaar India mein hi itne saare khubsurat places lekin sabko Taj Mahal hi yaad aata hain,0
RSS walay teri maa baha ka saath bura karay gay to phir pakisatan yaad ayay ga,1
Log humse jalte hai Jaltee hai is baat se Q ithe zyda khubsurat lagte hai hum saath me,0
Andi bandi sandi agar 2 rupya nhi mila hoga to Arbaz ki maa randiAur Katue apne zakir nair ko dekh lo,1
Bohot din ho gaye layout nahi kara Aaj toh mauka b hai Holi ka Matching layout on theme of Holi with my cutie moody pagal kamini bestie on the eve of HoliShRitu,0
Gandu ho tum gawar bhi ho sabse jayda rape rajasthan me ho rha saja milti to rukne naa gawar,1
Chuthiya captaincy again kuldeep krunal at this point,1
Lol Andhbhakt stop Barking Prove d charges firstUnlike ur bluejp proved in Ssr case Pulwama case N several other scams under ur Moti govtNo Amt of allegations r going to mk ur party to mk a comebackWe Marathis won't allow dat to happen So Get lost,1
Teri MAA Marne ke baad mey Teri MAA ki yaadoo mey khoyaaa hua muth Mar Raha hu Teri g…,1
तीन मिनट के नृत्य ने ललिता रानी को बना दिया जया प्रदा सत्यजीत रे ने कहा था हिंदुस्तान का सबसे खूबसूरत चेहरा,0
hramjaade kutte teri ma baar bala ka koi dharm nhi hoga or tera nhi hoga saale agar rajniti me dharm…,1
sarap maki sali sa usapan kaso di ako mka relate hehehe but I love the way gaily talk about this things just wanna say all of ur advice I keep it in my mind,0
The only term suits her isBeghairat ( Being grown up on Haram income every drop of blood constitutes Haram maal greatly contributed towards her hereditary character of being shamelessness ),1
Dont give faltu ke arguments to demean they ahad left India for earning a livelihoodhar koyi protest site pe baith ke free ka maal nahi kha sakta chikhs ki tarah,1
Kub jama kar chod rahi te mari sanskari mal,1
Maal hai kya??So disgraceful Who were dealing the Maal roaming freely and doing everything they wantMinister Conspired SSR Murder,1
Ram ko koi chakka bolega geeta ko randi bolega sun lega tu bhosdike,1
"Kuch b lika ho tum randi ko tu samaj agai ho ge Jo army chori kary apno se wo kia army ho ge ""haramee""",1
Ab toh tum nanga hoga kya bolega be nazadeep ki nazayaz wwarish jake rubbish se advice le thoda chor chor mause…,1
Nivedita Basu has posted a beautiful BTS video of Tandoor Please go view like n comment on it Yakeen ko jo mujh mein bun liya Naya main mujhi se chun liya Dil jogiyaaa Dil jogiyaaaTandoor RadhamiDesai TanujVirwani NiveditaBasu,0
Kabhi aayi teri yaad maa toh hum jee bhar ke ro liyeKabhi jaageh hum saari raat toh kabhi din mein hi so liyeAans…,0
teri maa behen ki story sun ke acha laga bhagwan kare tera family buiness aise hi…,1
Not daily but I have faced it for example qad chhota hai sirf rang gora hai when I had my babies uff itni Moti etc,0
Ohh chal sahi haiTu small bets lagata isliyeMe to bc ek to bohot jeet jata ya fir sidha nanga ho jata,1
मै पतंग हवा विच उड़ती जावांगीsonaleekulkarni apsara actress marathiactress beautiful beauty crezy gorgeous abhinetri marathi marathiactress sonalee mitwa posing photoshoot fillamwala,0
Teri maa ka Lun h kya rey mc?Jisko bauna chus ke batla hi reh gya?Kutte bhokne se tujhe q fark pade…,1
Bhai yar ladkiyo ko troll kro ya jo bhi kro ye distort bot laga kr kyu bigaad dete khubsurat ladkiyo ki photos?Why ?,1
is post pe tere dalle nanga naach kar rhe hai Hasle 4 din ki mehman Tera to…,0
Saare Sharm hath gaye poora nanga ho gaye padhe likhe log Sathya se koi vaasta nahi poora dimagh laga jhoot ko fai…,1
Tumhare yaha chalta hoga gadha gadhi humare yaha aisi bhasa ka prayog nai hota aapki soch aur manners kitne mahan hai wo dikh raha hai to aap to na hi bataye ki kaun kya soch sakta hai kya nai,0
- first impression of you lucuu gemoi- your nickname in my head randi?- you’re my moots- rate closeness (1-10) 8,0
Dainik Bhaskar is saying that the green cloth was able to bear 200kg of weight and sushant was only 80 kg Expose D…,0
jisdin is gandu ko team me nahi lunga usi din ye 50 marega + 2wickets aur sabne captain bhi banaya hoga,1
"When papa mkc said ""life ko enjoy karo bete kab tak darte rahoge bachpan mai bhoot se jawani mai chut se aur budh…",0
Ee tag tho trend start chedham randi Worstmytrimoviemakers,0
Bahen ki chut Teri gareeb sale tera hai kya Yaha India me madarchod free ke tattu,1
Insha Allah sis Pakistan ka koi bhai acha friend vgerah ban jaye to wahan ghumne aana hain mene☺️ Pakistan bohat khubsurat hain,0
इतना आसान नहीं होता जीवन का हर किरदार निभा पाना इन्सान को बिखरना पड़ता है रिश्तों को समेटने के लिए devbhumi HimachalPradesh beautiful evening nahan chowgan,0
Teri maa k phudday Ka raaz faash kia bhadway? Konsa raaz faash kia Apni maa ki choot se Kuch bhi na…,1
Maa ki dalali karte karti uski boor ka bhosra banwa diya Ab kya chachi tayi bua sab…,1
Mahi ImRaina Thank you sirLove uwe know you guys were not talking in public but you are missing him a lot…,0
Toh devaro ko kyu dikhati firti ho bhabhi Ji parda karo,1
Dalla krishna ki 1600 randi thi bataya ki nahi Madarchod,1
Rubina ne sahi nanga kiya BB ko aa gaya line par kabhi pehla kisi season aise bola hai nahi BB14,1
Gareebee hattaoo khte 2 Congress n greeb hi hta diya sara maal loot k le gai,1
When you are immensely talented- U dont need 3 layers of makeup- Designer dress- Rain dance- Cokcroach n chipkali se darna- Bewaja girna n pakadnaYou can create magic with simple banana leafImlie Adilie,0
sir boht acha faisla kiya hai apne dil khush hogya haidil jawan hogya hai masti charh gayi hai aisay khubsurat faislay sy,0
Changa bhala viyah ho Riya Ki Randi rone laye,1
Chipkali ke liye official gana ban gaya finally Dhadkne badhi naDon't block me I will cry,0
Jhopadi teri maa ka nalle 2 paise k chichore actor,1
Konsi duniya me rehte hain aap grmiya aate hi ye sali niche utarke utpat macha deti hain,0
Janb wo randi gashti Haram zadi hy Ghariya logo paodawar hy,1
Bike toh mil jaye gi bike chlany wala chahiay,0
Mc nanga hokar highway par bhag jo truck wale teri gaan maar jae Ranty k bachhe jhaantu khabhri,1
Bangal main pahla phase se hi Tera maal chhino party ka heart bitting badh gaya hai sir jai sri ram,0
Sale teri randi ammi ungli karte photo dalegi to log yahi kahege na koi sati savitri…,1
Baadiya college ki kuch gini chuni chuthiya enjoy kar rhi hua aap btao,0
Abey Raand Randi Kangana You have used Sushant's death to launch your political career in B…,1
Kyu bhai hamse tweet kyu hide kr rakhe ho ek baar ham…,0
Beautiful Saagar Pyaar ki kashti jab bahne lagiBahte gaye kinaaro se aageWaaqay - waah waah se aage,0
Gadhi esa na bol negative hi ayega pri get well soon dear jldi se aana vapis take care,0
tumlogo nay kya randi rona lagaya hua mai meri tweet kay neechay dafa ho khoton,1
Teri maa kaa name laxmi hai ka b Bjp k dalal,1
Mtlb ma dono condition ma shocked hi raho chalo gi good ho gaya,0
Dekho kitna bara Ijjat hai Bollywood Ki Isse Aachha To Kapra Randi bhi pahanti hai Ye To Randi Se Bhi Gaye Gujre h…,1
Bhai fakhar ne khud bola that was fair phir v randi rona laga h jaise kitna 5 balls pe 29 maar deta Waise v harta he pichla match itna easy chase last ball pe jeeta 342 chase karengay Zimbabwe se khelo,0
Abe oye randi k bacche tm sale pakistaniyon ka Kuch nahi ho saktatm log ko virat kohli se v dikkat modi se v dikkattmlog ko sirf india mai dhamaka karwana hai,1
Doodh jab nanga hi na ho ga to billa kese mouh maaray ga think about it,1
Leke puja ki thali jyot man ki jaga liTeri arti utaru boli maa tu jo de de sahara sukh jiwanKi sara tere charno…,1
Chail Himachal Pradesh | Beauty of Chail | Chail palace | Sadhupul Chail via beauty beautiful travel Tourism bloggingtips YouTuber Himachal HimachalPradesh traveller tourists Blog bloggers vlogger,0
aap toh naina se bhi khubsurat haina,0
plz retaird mc gandu math khen tho bat nahi utata Sakta tho,1
Delete Kar Diya bhai Nahi toh Randi Rona karta,1
She is not her but its the other her wo toh sirf kamini thi,1
Randi rona karne wali Congress ka to antim sanskar karne ka samay aa gaya hai haramkhoro,1
"Coronavirus is the only ""Chinese maal"" that lasted for more than a month",1
Chuthiya why r u showing polling booth of TMC GET YOUT SELF CHECKED WITH MENTAL DOCTOR PLEASE TAKE PISCHI AS WELL,1
Parminder ki chut mai bar de bahut bada hai poora mas…,1
Abbe teri behen ki chut mein 2 hathi guss gaye hai unn ko bhi bahar nikaal dena,1
Pakistaniyo ke muh se Development Education Science Economic finance matters Ye sab achchha nahi lagtaJehad maar kaat khoon khraba katal gazva E Hind aur kashmir kashmir kashmir Ye sab Randi rone hi Pakistaniyo ke muh se achchhe lagte hai,1
Aap apne aap ko bahut hi beautiful samajhti ho But aap itni beautiful ho nahinjitni aap khud ko samajhti ho,0
Ary din bhar ladkio ko slut shame karte rehtefemale trad kehti pati k paw ka pani piyoEk part dominat or judge karte hue mar jaegadusra khud ko nicha hi samjhtiMutual understanding k naam pe bus mazak hi hoga naa,1
Y dnt u talk abt nepotism and the big production houses whu have rejected ssr's movies including relian…,0
His cheap AliaBhatt is again givin lessons on stayin positive (about negativity creat…,0
Friend Aaj raat ko kiska Match hai ?Me Mera Baap ka aur Teri maa kaFriend Blocked,1
Chuthiya sala Uske answer me thume kuch problem hetho boldo No need of nonsense,1
Agar Dil hi kale ho thoKhubsurat chere v kisi Kam Kai nhi,0
प्रियंका ने यलो ड्रेस में शेयर की Photoपैर देख लोगों ने किए ऐसे कमेंट PriyankaChopra Bollywood bollywoodactress,0
Jis jis channel ne aaj din bhar jhoothi khabar chalai sabpe fir karo arnav sir Sabse usike channel pe mafi mangwao…,0
G or wo Teri maa ka Yar khurram dastagir ka baap tha randii gashtii,1
Did ra******** Pappu and booze Pinky visit this victim ? The bast******* won't as the culprits dna of their grandf…,1
Srm kro namard hinduo jo ab bhi is Mamta kuttiya ko vote dene ki soch rahe hi,1
In kutton ko nanga kar ka latkao aur phir sorry to say lakin inka us hissa ma baseball bats sa maro,1
Maar hi dalo aaj mujhe beautiful jawline wali,0
Mushkil raaste aksarKhubsurat manzil tak pahuchate hain,0
Poore serial mai mazze sirf jeet ke the matlab ladkiya aur chudail dono uske le literally mar rahi thi,0
Assalam_O_AlaikumSabahAlKhayrसब को सुबह का सलाम❤️पर्दा एक औरत को दुनिया की तमाम वहशी नज़रों हिफाज़त करता हैHijab_Our_PrideHijabisHijabi_BeautifulHijabi_Bold,0
Latest development - Rhea chakraborty Once again summoned by CBI tomorrowDishaSSRMurderMystery CBINarco4Rhea,0
BRO I WAS PAINTING AND I SUDDENLY SAW SOMETHING MOCING ON THW GROUND BESIDE ME AND I SAW A CHIPKALI AND LITERALLT IVE NEVER RAN THIS FAST JN MY EBTIRE LIFE N E WAYS NOW THE CHIPKALI IS HIDUNG I WONT SLEEP HERE UNTILL ITS GONE,0
Kis ne aap ko bhabhi bol diya ji us me v itani khubsurat hasti ho,0
Jinne Lawhore ni wekhya o whore ni banya,1
Tu apny asli najaiz abbay gandu imran yahodi ko na dikhana kahin yahodi funding say t…,1
Chinaman ko China ka maal bana diya INDvsENG_2021 INDvsENG INDvENG feel for Kuldeep should think seriously think about soft signal,1
Lier lier lier haramkhor Tera bi hath h sushant ko marne me Live stream dekha tha na maut ka Aur…,1
Muft ka maal the deposit interests thoda kam kiya as the real interest rates are low n inflation is all time lows If u don't have any knowledge of finance n economics don't uttter nonsense shit,0
जिसे मैने जाना थाजिसका ये दिल दिवाना थामुझे क्या पता था उस कातिल कामेरा दिल ही निशाना थाThe Most Beautiful People areJust Beautifully BrokenBrokenButBeautiful3AgMi SidharthShuklaAgastyaRao,0
Sir jii photo bolti nai hai jo director us video ko banaya hai ussi ka byan sun kar aaya hu kabhi to dharam ka chasma hatha kar dekhi duniya bahut khubsurat lagey gii,0
Wonder if they called her chipkali because woh ceiling pe chipki rehti hai or because woh light mein chipi rehti hai,0
Abey oo gandu garnal goswami ki lunwala channel ko dekhna band kar pehle bsdk,1
Teri maa ka dabba he kya Kaisi chuttiyo wali bat kr rha he56 kya 100 se hi…,1
Bangal ke randi gram Mein coronavirus bilkul Bhag gaya hai ab Nahin badhega Bangal Mein Corona Amit Shah aur Mithun Chakravarti Sambhal to rahe hain Dar Ke Mare karo na apne aap Bhag jaega,1
Lgta h kuch mulle teri maa ke yeha rat gujar ke gai h tbhi tere jesa hijda peda hua h…,1
O gandu wrong reports thi wo k pakistan sab se ziada porn dekha jata hai…,1
Mjhe bhi nhi lagta or na hi chipkali se aram se maar sakti hon han but mari hui chipkali se ghin aati hai,0
kumud sundari will post more jen gifs to the library soon &lt;3,0
So after 4 matches of opening with Gandu Bhadwa Narine finally after millions of gaalis from fans management deci…,1
Teri maa ka raj gaya ab ganbu Italy jaa kar maalish karwa ab tu aur ranbe chob,1
ke ek tweet se bawaal mach gayasaalon jab SidNaaz lovers se aur SidNaaz ke saath hone se itni dikkat hai toh dekhte kyun ho tweetswaise woh tweet in laakhon tweets se better hain jahan do insaanon ko objectify karte hain slut shaming karte hain &amp; what not,1
Khubsurat ladkiyo ka weight nahi badhataKhubsurati badhti hai,0
For all the Chicago folks if you're craving some yum desi food - Moti Cafe is the one to check out today,0
Rahul Gandu 70 sal me tera baap nana dadi pura khandan 1 inch China se nahi le saka au…,1
Teri maa ka codke gaand maa dunaga madarchod teri maa ke pudi m danda dalke gol gol ghumaunga smajha madarchod teri maa ka chodu,1
Etna ignore krta hu phir bhi kch gandu aa ji jate ha,1
Thank you so much Guru ji for such a beautiful day मुझे आशीर्वाद डिजेए की आज का दिन अच्छा जाए और मैं अंजाने में भी किसी का दिल ना दुखाऊँ। पिताजी सेवा सिमरन और आप जी से प्यार की हिम्मत बख्श्ना। अब आ जाए गुरुजी सारी सृष्टि का उद्धार करने के लिए,0
when CSK looses team didn't perform Jadhav ganduwhen CSK wins Mahi bhai ki captaincy ne jeetaya,1
Sali Sana ki hetars Tu hai chutya wo nakli fan hai Sid ke aur Tu nakli fan hai Sana ki Randi delit Kar kutti sali,1
Doodh piya teri maa ka ghar पहुंचेगी to dekhna sikud ke sukha aam bana diya maine teri maa ka doodh,1
teri maa se pooch kitne mulllo ka bulla kha aur choos chuki h…,1
TERI MAA KY PHUDAY PEY CHAR KY DHAMAL DALU KISI GASHTI MAA KY BACHY RANDI NASAL KY PHATY HUVY CON…,1
Me bhai yr bahut Upset huwoh Riya baat nahi kar rhi kal seFriend bsdk ye tera roj ka natak hai ye randi rona bandh karaur jaa gaand maara jaakeMe haan abhi thoda thikk lagh raha hai,1
Pakistan se 1947 Mein Maar kha ke aayeAb India Mein kyun Khalistan ki demand kar rahe haimajor part of Khalistan is still in PorkistanUK Europe Mein Pakistani (jinko hum Roj thokte) ke Saath rahenge Hindus ko Gaali dengeMSP aur freebies ke liye idhar Randi Rona kyu Di,1
Teri Maa behen aur jijaji ke liye order kiya tha MMS Ji ne,1
Agar hum pak ko apna maal bechenge to isme kya burai hai fayda hi to hai Indian product ko new market mil rahi hai hamari production badhegijyada production se rojgar badhegihamari export badhegi jyada export se dollar ki reserve badhegi,0
Ambani teri maaa ki chut bhosdike randi bhikhari ka awlad jio ka owner madarchodh gandu Jab me aacha internet dene…,1
Feku rahul liar rahul rajasthan mai jeetne ke baad chup hojata hai aur Bihar mai harne ke baad evm ka randi rona karta hai pappu jindabad,1
teri maa ka bhosda randi chutiye lauda choos mera maderchod Laude ke baal game chalane nahi aata laudon koo idhar baithke kya me hilate rahu kya pura din Kaale tatte ki jhaant lauda pakad mera randi ki aulad,1
Sun be Gandu Apne Desh par dhyaan de Hamare Union territories ki chinta tu mat kar…,1
So beautiful look smile and image Dearछल करोगे तो छल मिलेगा आज नही तो कल मिलेगाअगर जियोगे जिंदगी सच्चाईसे तो सुकून हर पल मिलेगाओम शांतिअच्छे विचारों और भावनाओं के साथ आपको शुभ रात्रि,0
Galt ke sath hi to galt kro moti ji,1
मैं हर रात जागी के इस बार शायदमोहब्बत तुम्हें इस तरफ खींच लाएBeautiful song❤️,0
Even I was her huge huge fan n have met her too I lost respect list she was caught in drug case Maal hai kya ? Seed nahin hash chayiye,0
Ganxxxxdu sale aaj teri maa ka bhoxxxsda udas karega ye lankesh,1
Bhai in logo ne adhe adhure video dalke randi rona suru kar diya,1
Astaghfaar they should have contacted social media or bait ul maal People do help so promptly,0
Wohh tarzan ka takat dekho… woh mumbai police jo sabhiko jail bhej raha usko direct na…,0
ab isme bhi tumhara randi rona hoga kya?????,1
Hindu ke Devi devtao ko koi gali de Sakta hai aur jab prophet ka sach bola to aag lag gyi Ye seria Pakistan nhi hai Aur tum Jaisi Randi ko ham Hindu samjhte hi nhi Tum hybrid ho varn shankar,1
SidNaaz और AgMi में से सबसे ज्यादा पॉपुलर टैग कौन-सा हैंOnlySidNaazFandomKnows via Hindustan,0
Khuda ki Qasam agr AllahRaazi hai tu Maut se KhubsuratKuch bhe nahi❤️,0
Chalo yeh btao agr apny khna ho Ap kesy ho punjabi me to kesy kaho gi,0
"This is so beautiful BOOKMARKED~ truly exemplifying bothSabse bada hai prem jagat mei +~ ""tatavn ke tatv jagjeevan sri krishn Chandra Aur Krishn ko tatv bhi Radhika kishori hai Krishn Chandra tatv bhi Radhika kishori hai""",0
Maa ki chut ki paani ka test ka maaza hi kuch aur hota hai,1
Arey aisa kush hona hi tha Arnab ne Mumbai police Shiv sena aur AajTakk…,0
Teri maa ka bhis da madar chor bhadwi gyan mat pel mc,1
Ek to in ka randi khana ni band hota ek ni to dusri bhen pesh kr dete hain,1
When your friends see your GF&amp; suddenly shoutingXeii saa tor MAAL jai ase,1
Posting on behalf of a friend whose mother is cancer patient since 2017 Seeking bait ul maal's cooperation in her treatment Case is forwarded on 1st march 2021 under diary 96 from bait ul maal rahim yar khan,0
Why it’s written Ever green when the name of the ship is ever given??? Yahaan pe bhi Chinese maal??,0
I am deeply saddened to learn of the death of Jalal Adeni a renowned director of Oriya films and music He will be remembered for popular films like 'Hira Moti Manik' and Repentance',0
Iss gandu k shakl se elergy hai tu door raha kr Badboo sa aata hai,1
Bhakt spotted Accha hua rbharat ke saath Inko support krne wale deshdrohi hai ndtv ramraj me kmi…,0
Tu baap ki gand se paida hua h ya kisi sorry tera baap bhai ar chacha me koi fark nh h Kyu ki tum ho hi bahen chod,1
*Chori ka maal* atleast Unflop thiswhats ur score10% = u know my name30% = u recognize my profile10% = u found me through my memes20% = u found me before i posted memes10% = we’ve dm’ed before,0
Next match m iss gandu ko dekna nehi chaiya,1
Wo I no sleep oooo Moti ji beyen,0
Bohot hi maal lag rahi ho mam Love you,1
Yaar kaunsa maal foonk rahe hai ye logEven if all he said is true who is the alternative to BJP and Modi?,1
Don Randi comes in tmrw He played on The Wrecking Crew Phil Spectors Wall of Sound The Beach Boys and countless others Leave a question below and we’ll pick some and send you a sunset sound shirtthewreckingcrew thebeachboys philspector thewallofsound,0
Abey Teri maa Roz China ke soldiers ko Blowjob deti hai is…,1
Bhai tere ghar me agar shaadi ka function hoga aur teri maa behen aise nachegi…,1
He won’t talk about development neither jobs nor economy Bas ram Rahul rehman GoBackModi,0
Is chipkali ko dur kro how?????Why she kissed you?,0
"When I see beautiful girls ""Bhagwan ne inne badi fursat se banaya hai mera toh muh or body parts hi laga ke bhej diya Chal Nikal",0
Beta konsa maal fukta he tu? Soja tu tere se naa ho payega Tere jesi negative aur backward mindset wale log ke wajah se hi hum abhi developing nation he,1
Tu to Teri badi ben ko bhul hi jati hai kamini,1
Are madharchod tum kaise insaan ho ek baavli gand ke liye randi rona karna jaruri hai kyyyyaaaaaaaa,1
No accept krlo khud ko jaise ho waise apne aap khubsurat ho jao ge,0
Is umar me bhi kamaal ki jawan aur khubsurat lgti ho ameeta,0
Ye gandu neta h Sala ye apni beti k sath bathroom v jayega Action lene ka dam nhi h Aur excuse bana raha h,1
Iss Moti aurat ko aaj iski Sahi aukat dikha Di logo ne,1
Bakki sab side but here mere RiAnsh kitne khubsurat dikh rahe hai Riddhu &amp; Vanshu ☺️☺️☺️IshqMeinMarjawan2,0
Are nhi vro Jb rab ne banaya hai inhe itna khubsurat tareef to bnti hai naAur rahi bat flirting ki to mujhe kisi aur se pyar hai salon se,0
Two bit Hindutva troll abbe teri maa ki chutKangana abbe teri maa ki chut,1
Gaali hum bhi de sakte Hain ye Twitter hai isiliye nahi de rahe Kya Teri MAA ko mumbai Indians…,1
Lollypop &amp; Chachi convo was hilariousChipkali and cockroach But one thingSo Vansh and Angre ne R ki fake death plan ki but R ki dress kaise change ho gyiYeh club wali dress kisne pehnai She was in suit rightriansh IshqMeinMarjawan2,0
Yeh teri maa ka Narko test Karwa deSach bolengiTeri maa ne kithno ke Aabu ke saat rang raliya manayi thi Badwe,1
Chalo apke dhuk Mai shareek h hum briyyani kab mile gi steak to gai,0
"जन्मदिन विशेष | ""ParveenBabi की शख्सियत से एक आजाद खयाली झलकती थी 1970 के दशक में उनकी तुलना हमेशा जीनत अमान से होती रही"" | क्विंट के आर्काइव से",0
jhot bolna to koi apse sekhe moti nahi ho looking nice &amp; beautiful mam god blessed always happy rahen aur khub sari khushiyan mile keep smiling,0
South Pacific with some awesome drumming the Angelique Kidjo sings Idje-Idje before Tamikrest &amp; Hindi Zahra play Timtarin After we have Oumou Sangare Djesse Mory Kante Baaba Maal and closing with Tabu Ley Seigneur Rochereau playing KinshasaDS106Radio 4Life,1
That's why they are silent Arnab SirCheck thisThey can support terrorist but not a pure soul like Sushant Sad…,0
Teri maa meri maaAb dilwa le apni maa ko galian Phadwa le apni maa ka jo phadwana tere ko,1
Maharashtra 100 cr pm W Bengal 300 cr in TMC youth leaders accounts and companies in Thailand UK Anup Manjhi investing 150 cr in two companies Loot ka maal ED is unearthing hundreds of crores from illegal activities across states,0
SIDHARTH BHAI KA DIALOUGE MEREPE CHIPKA RAHI HAI KAMINI‍♀️ FC DEKHO NA MEKO KYA BOL RAHI HAI YE DAAT RAHI HAI MEKO AAB AAP HI KUCH KARO ‍♀️‍♀️SidNaaz Hits 3M On IG,1
Aisi sharyri sirf arfa bna hi bna sakti hai Sasta nasha karke bhaithi h Haina kaminiJasminBhasin Jasminians,1
Desh ki Vani Akaash Vani Jise Apne Khubsurat Geet Sangeet ke liye Jana Jata Raha lekin Na Jaane kin logo ke Karan Aaj iski Vani gum Hone Lagi Hai murkh Divas per aakashvani ke sabhi UN Chahte Logon Ko Badhai jinhone isko garm karne mein Apna yogdan Diya,0
Teri maa raand ki pilli tuu raand ka baccha teri maa ke chut mein time bomb lagake paki…,1
Moti c larki ma to roz krta hon aisa apko idea diya tha aur apne osi waqt amal b kr liya pher saboot ke sath pic b upload ki Waah bari farman bardar frnd ho aise hi amal krti rahogi to hope jaldi oper pohnch jaogi,1
Kya baat hai Bhabhi Ji Hume garam karke bhaiya ko thanda kar deti ho Sarsar anyaye hai bhabhi Badi jalim ho tum,1
Maa chuda randi bhen ki lori maa ko lun teri gashti ki bachiTery phuddy me nuclear bomb dalke aurat march me chor aunga,1
Sab hi log dekh lo congressiyo chamcho k tarah hi hai yeh vaaley bass logo ko chut** banarahe hai or…,0
Oo madam twhy dont u undrstand that this is all due to over population of India Jinki aap log najayaj aulad ho unko population kum krne wale kanoon laane me dikkat haiaur islie ye aur agar ye gov law laegi to randi rona rone wale aap hi honge,1
"Chuthiya dhand se padh le Quran Usme yeh likha hai ki ""God has given you a flat space to live""ie our home While the shape of earth is sphere it is clearly indicated Ham Eid moon ke hisaab se bnate hai tabhi 21 din baad chand full moon hota hai",1
+That Kiaraoh godthis is the least I can say about herSiya v kamini niklishe hurted VanshOr jis kiss k liye subah se taras rhe the woh toh mili hi nhi ab kal tk wait krna padegaShashu bhaiya accha khel gye hamare saathIshqMeinMarjawan2RiAnsh,1
Beautiful painting of SrinathJi Jai Shree RadheKrishna,0
Thanks how sweet bilkul jaha SidNaaz ho waha sab khubsurat lagne lag padta❤️,0
Meri maa teri maa jese 100 logo ko nhi deti jo esse puchne…,1
EK LADKE KE IZZAT KRNA USE KHUBSURAT BOLNE SE ZYADA ZAROORI HAItuesdayvibe RespectWomen,0
Yeh firse aukaat pe aagya beta hm Sidhearts se panga mat le nanga kar denge,1
Oh Kisi rakhail ki olad tum log poojari ki najaiz olad ho tum Ka Ker apnay poojari Ka p…,1
Teri maa ka bhosda landya lavde Tera asal baap to owaisi h nA madharchod,1
Zindagi aur bhi Khubsurat ho jati hai jab humsafar Baap jaisa sacha pyar aur fikar karne wala ho❤️,0
I know king this is impossible to get reply from you there r many fans but i also your fan from Pakistan and love you soooooo much and as you say kismat badi --------cheez hai sali kabhi bhi palate sakti hai so I am trying my luck plzzzzzz reply AskSRK,0
Parda ho to aesa ho k dekhne wala khud apni ankhen sharam se neeche kar deMashaAllah she looks beautiful in hijab on her wedding day,0
Jisay Yaad Karnay sayLabo ko hasi cho jay AikEsa khubsurat khyal ho Tum Kapil,0
Hahhahah zhandu ho gaya y chanel international media nai tu Ise nanga kar diya,1
Badmaash ladka kahin ka Kaise baat ko palaat rahe ab dekho I am happier actually if my unconditional love gives you the most beautiful feelingPyaar mein dard wala sukoon hai dard bhi aur aaram bhi Par dono apse hai Isliye dono pe mera haq hai aur dono mujhe pyaare hai ♥️,0
Abbe indian girls pakistani girls se jada padhaku hoti hai sale he 2021 hai nahi 1921 aur mumbai ke abdul ne 21 kuttiya ka blatkar kia vo konsi koum ka tha,1
Aabe Randi Ke bacha jo CM hai usko bol re bhosdi Ke,1
Haa mujhe bhe waise lagabut beautiful ha jodi❤❤,0
JAHIL BUDHA RANDI KA BACHA TATTI JESI SHAKAL JESA MADRCHOD,1
Abe saalon kitni baar haro ge Hr baar harte ho pr randi rona khub machate hoSaala garib mulk,1
BTown mh almost all actors married h and mostly of them are relationships with the womens who doesn't belong to film career sab log career n love ki gadhi thik se chala rahe h yese mh SSR apne pyar jiska haat pakadh ke proud ke sath Har function mh jata ho ushko kuy xchodega?,0
Teri maa ki ¢hoot bhomsri ketere se ek jhaan£ ka baal na ukhdega pen ke lawade paki mada₹cod,1
Teri maa ka dudh piya ho na to sale imamdari ka kaam kar or kisi or ki aulad h teri maa ke sambhand…,1
Koi motikisi ki besti baisn ka or channey ki dal ka halwa kha k tora work out kartey howey takey inno besti k ghar s aya howa soji ka halwa khaiya jaey Note ye wo hi h jo ap samjh rhey ho moti,1
Khubsurat bohot hai tu lekin dil lagane k kabil nahi hai,0
Madarchod kutte tu nanga hi rehta ha kaya tera baap bhi jab pm tha vo pedal jata tha kahin bhi haramkh…,1
BREAKINGRhea Chakraborty leaves DRDO guesthouse after 7 hours on Day 2 of questioning by CBIYe Arrest Kab Hogi P…,0
Bau jaldi ayoo Pappu ka Randi roona start hogay hai,1
Aor ha ek bat aor Hy agr tere pas loda hota to ye Jo Teri maa bhen bi…,1
Tere maa di fudi bhen de lode tere maa de lum bhen de lode kisano ko aantaki bol rhe…,1
Arre 6ka Army yeh kya trend Krwa rhe ho yaha Twitter peHosh main aao Josh pe jaaoyaha gaamnd na maraoHappy25thBirthdayMrFaisu,0
Teri maa ka phooda randi k bache apni maa ki choot sambhalo pehle,1
If anyone is comparing Rabbish Kumar with Arnab Goswami then he is like I don't Care Chahe desh h…,0
Canada kumar ko hua corona unke fan ne start kiya randi rona,1
Hakeemo Wara Wutch Tam Doodh Na Dag kamich Cham beautiful Lines,0
NBSA NE AAJTAK PAR GALAT REPOING K LIYE 1 lac Ka jurmana thoka Kuch iss par BH…,0
Sabhi ko Kareeb se dekha all are beautiful ji,0
Bilawal Bhutto urf bilo Rani Kia tuj ko pata hai teri maa ka qatil tera baap kanjar Asif Ali zardari hai,1
Kokila Ben ki sadi chuttu kis zamane me ji rahi hai beghatiya sochh…,0
Beautiful ❤❤❤❤❤ Dil ko karar aya Tujh pe hai pyaar aya Pehli Pehli baar aya O yaara SidNaaz ❤❤❤❤,0
लग जाएगी नज़र दुनिया की जान लोलगा लो काजल चेहरे पर गुजारिश मान लोGood Morning Beautiful Aleena ❤️❤️,0
[chori ka maal]how close are we ? 10% - mutuals 10% - interacted on tl10% - dmed10% - seen my face 10% - heard my voice10% - know my other social media accs10% - know my real name10% - mutuals on priv10% - i told u ily10% - been in a gc together,0
Isme clearly chutiya police wala harami dhakka de rha h aur haramkhor republic tv wale…,1
Haa sona chaiye q ki papa ka lund leke bor ho gai h naya try karwana chaiye,1
"Ek din ""April fool"" bana k kya faida jab ki log roj chuthiya banate haiNote Aur hum bante nahi banatae hai",1
RekhaOnIndianIdolIts beautiful showshuru aaj raat 930 baje dekhna naa bhule Rekha ma'am ko,0
its fully safe just use respected brand my suggestion are myprotein ON And always buy it from a respected and trusted shop bhut nakli maal bikta hai market me,0
Oye sun piddi Dubey logo ko gaali na dena issh saale harami se compare Karke Teri aukat kise hui jar…,1
Teri phatti na chal cow motar pee aur janwar ka maa khta hai aur ham teri maa k roz…,1
France k flag utha kar zomany play card utha kar Nabi Pak aur hazrat Aysha k mutaliq zo many elfaaz likh kar shrif nahe randi he ho sakti han,1
Beautiful pic sir coach sir ke alava jo do bande hai ye bhi youtuber hai right maine inka video bhi dekha hai,0
Tum block hoo kar randi ronay kartay hoo phir kahte hoo block kyu kiya,1
Judiciary b janti hai kuch nahi ukhaar paay ga Laga reh randi rona karny,1
Teri maa ka halala maine hi toh kiya tha,1
Chamakti dhoop se kahi jyada khubsurat andhera hai vahan sukoon bhi hai or sukoon se hum bhi hai,0
acha to twitter pe aake randi rona thik hai? chutiye tameez se baat kar you are nothing,1
Mask kay sath tuo mein bhi pyari hi lagti hun wohh alag baat moti lagti hun,0
Tum sirf or sirf nautanki kr sakte homeans nanga naach,1
ako lang baaa HAHAHAHAHAHAHA di naman ako aware sa phrase na “second rate” noong bata ako,0
Yeah the Afaan Oromo speaking Marroo is dead This one is the English speaking one I mean are you telling us Jaal Marroo knew before he died about Tigray war &amp; the letter he will write in defense of his OLA? Maal kun samaa wayii,1
Beautiful words सच कहाँ आपने सुप्रभात आकांक्षा,0
Rohit Bhe Gazab Ka Mc Hai Khud 7/8 run banaka out hojayega fir team jit jaayegi aur sab credit lalga 6ka hai kya voh ?,1
He is disgusting period and jisko hero banaya tha aj wohi channel pe wo villian dik raha Itni khusi mil…,0
Bhai hum bhi stock market wale hi hai Bass abb rozz rozz ka dard nahi dekha jaata isliye maal daal diya hai portfolio mei aur bhool gya hu for 1-2 months atleast,0
Moti Govt Vowed 100 Smart cities in 5 Years - we are fooled again GlobalFekuDay,1
Tori moti moti moti moti moti moti moti shayo You driving me crazy I'm feeling so lazy,0
Meri shakti MahadevMeri energy MahadevMere sbse pyare Kashi K Raja Bhole Baba MahadevHar Har Mahadev Jai Ganga Maiya Myfav Mahadev Maashakti MondayMorning sweetimefeelingblessed MaaGanga mycity Varanasi beautiful,0
Teri dono behno ko chodta hu tel lga ke puch lena Ykin ny ho to chut pe mera bhi likha hoga Roj t…,1
Ye to nahi hai wo aisi nahi dikhatiYe to beautiful hai shilpi ji to young hai,0
Maa chuda le fate paul randi ke bache,1
If my mulk is kutta then your mulk is kuttiya,1
many mishaps like I remember singing Pere peere for beat it beat it wham song ignorance is kind I used to sing kangaroo is kind (I’m like why would they put kangaroo in the song and how is it kind),0
दिव्यांका त्रिपाठी ने अपनी खूबसूरत स्माइल और सिंपल लुक से लूटी महफिल Entertainment Divyankatripathi,0
"Latest Snap of Yeeee Hottieeeee Pata Hey Sana Ka Maal Hey "" SidNaaz Hits 3M On IG “",0
Tum Ravish ki chaat raha congress ka paltoo pappu mutar pee kar bakvas karne a gayea…,1
To Egypt ka econmy bhi issi pe depend haito kya hua tha na 56dino pehle ek boat Isme fas gyi thi evergreen naam ki boat Thi jiska weight 2lakh toon tha480m long and 59feet moti tere jaiseto ye boat ne rasta kr diya block hua u ke wold ka bada trade to band hogya,1
kanjri maa ke chodday lund ke sirray gareeb admi ki hadtti toor di madar chod bharway ka bacha teri maa ko nanga ker ke chodo,1
AWESOME KYAA WAQT AA GAYAA HAI PAK ZAMIN PER PAISO KE LIYE SHARAAB BANAAYI JAAA RAHI HAI PAKISTAN HAS BECOME CHINESE WHORE CHINA FCUKIN PAKISTAN TOP BOTTOM FRONT N BEHIND AND PAKI POLITICIANS LOVING IT,1
abe kya gandu player hai touch ni kar pa raha,1
Teri maki chut bc ye tujhe hindu lagta hai bc ye sala muslim hi hai a…,1
Abbe chut k beej riya to teri behan h right aur teri maa ka dusra shohar mahesh bhatt ri…,1
sir gi muzaffarpur Bihar se Kolkata Ka Train chalo karo,0
What if I wanna hear “waaah bahut moti ho gayi ho”?,0
sahi hae classes hae so sona nehinind chut jayegi ye sunke to,0
Mera to ek hi hai lekin teri maa ka to halala hua hai to isliye tere me confusion hai …,1
गोरे गोरे मुखडे पे काला काला चश्मा ️ marathi marathiactress marathicelebrity beautiful hot hotness hotmess cute cuteness fillamwala,0
Vo rapist bolenge tum Tum hope whereever you are be happy vala randi rona krna Stan acc or senseless chutiya acc,1
shame on u sudhir bhai Aap jaise intelligent ko samaj mein ana chahihye ki arnab goswami ko pasan…,1
Kal Se Pakka Padhunga WalaRandi Rona KarnaPermanent Hai*Aaj Aaram Kar Leta HuKal Se Pakka Padhunga*,0
MAdharchod rrb patna randi ke chodal bahar bhej kar apna maa ka bur chodwayga,1
Jitna Randi Rona Karna hai Kar lo Baap abhi bhi baap hi hai,1
~ Thode Bheege Bheege Se Thode Nam Hain HumKal Se Soye Voye Bhi To Kam Hain HumDil Ne Kaisi Harkat Ki HaiPehli Baar Mohobbat Ki Hai ~ you eyes you made me numb honestly It was so beautifulShauryaAurAnokhiKiKahani ShaKhiSAAKK KaranvirSharma,0
Hamid mir kisi kanjhri maa ka tum paida he naa jazz huwa hon naa tume maa ka pata aur na tume baap ka…,1
Ab samjh agai hai vro ky sona is better than randi rona✋,0
Patterns from ParadiseA rendition to be remembered this Tussar silk saree in regal purple is an ode to generations of artisans who leave us in awe with their stunning Bandhani and Madhubani workSundariSilks TussarSilkSaree Bandhini MadhubaniSaree HandpaintedSaree,0
Randi rona?Jab ap kay walid ap kay lye kisi bat pay parishan hotay hain to kya wo Randi rona kartay hain?,1
Abey ye kya boli kuch bhi pgl wgl h kya or shkl tune dekhi nahi all teri dekhne ki aukaat nahi to bacha…,0
Teri Ammi ki chut ke hain halala ki paidaish,1
Legit 110% true and still other channels specially tak wala is doing nanga naach,0
Barbadi ka name bhi mahatma gadhi hi hye,1
Tune jab ek ladki Ko dalit ladki bola na usi vakt tu aur tere jaiso ki a…,0
Sab khubsurat hai kis kis ko tag kroon?,0
Koi fayda nahi sale me maal to milta hi nahi hai,1
wahi to jo us awaz ko pehchaan gaya woh paar hogaya Have a beautiful evening,0
*she doesn’t like thinking about Carlac or Kalevala And she won’t even bother bringing up the bombings that happened on Sundari She’s filled with shame whenever she thinks about it*We did what we had to do *she’s lying to herself*,0
Aur tu biggest kamini this world has seen Ps Pehle wala printing mistake tha,1
Ok skip the word “fight” It was meant in the context of how science often expresses frustration with the media I was trying to emphasize how we address that lack of good coverage Back to your comments about propping up otherswho is that done? Likes and retweets?,0
Aise photo ko aap social media par daal kar kya paigaam dena chahti hain Aap ek bhartiya nari hai aap apna pehnawa apnaye saree me aap iss se zayada khubsurat lagenge aap saree aur gon me photo update kare maa kasam qayamat lagengi,0
Bhaijaan tu teri tui wich keera kiun pudhak rha h? Tmhe aur koi kaam nhe? Mtlb tm itne wandhe ho ke kuch bhi chutiyape kroge akar? Apni tarbiyat dekhi h? Aik jhoot kitne jhoot bolta h yr Apni sachai dhondho jakar pehle phir idhar akar randi rona krna Ajeeb chutiya insaan,1
Ap k dourehakoomat main wazeereazam shahid khaqan a abasi ko American airport pe nanga kiya gaya t…,0
☹️mene to tereko dayna bhi bolna bnd kr diya h or tu h ki mujhko chudail bol rhi,0
Aacha teri maa ka he rape bhaisnaaz ke baap ne kiya t…,1
A Very Simple But Hilarious Solution For Vansh To find K Wo Ridhu Hai K NhiVansh Just Say Chipkali Infront Of Ridhu Agr Dar Gai Tu Ridhu Nhi Tu Koi OrModern Problems Require Modern Solutions Sae Bola Na? IshqMeinMarjawan2 HellyShah,0
Tu to wo ho jo jis desh ka khate hai sale usi ko ganda karte hoTumhara tharkipana ban…,1
In YouTube walo ki mkc maderchod lawde kaa security hai inki Ye mc l…,0
Taleem yafta bashaoor or khubsurat nhi hn phr aap,0
DestinySafar Khubsurat Hai Manzil Se Bhi ❤SidNaaz,0
Ye twitter account hai ya randi? Aik din koi use kerta hai tho aglay din koi aur,0
Nibha n nibbhiin relationship how good we rhum choti se choti cheez ek dusre ko batate Awwwww Shhhooo…,0
Ye aap ho lag hi nhi rhaPehle se jyada khubsurat lag rhi hai,0
I didn’t really have a choice in which one I got but received the moderna vaccine The only side effects I had was a sore arm (~36 hrs) little bit sleepy and developed a rash that went away within 2 days about 8 days after my first dose Going back for my second dose tomorrow,0
Wohi randi rona kerna tha jo sirf her hall me kerta rehta hai,1
isalilsand Aap aao aapka bhi SWAGAT Karte Hai Now everyone will have to face our anger SushantWasMurdered…,1
Abe Gandu Vishnu Ke 7 Ve Avtar Ka Nam Dal,1
isske chart pe kuch dekhneka nai hai Maal hai toh bechna mat Rather all metals are showing some strength,0
Abey chuttad gandu it cell ko refer karu kya tera tweet,1
Agar windmill turbine mein 1 kapda bandh diya jaye to pure desh mein koi Nanga nhi ghumega Just a thought baaki t…,0
Tumhare Randi Rona se koi fark nahin parta Haan maja bahut aata hai Tum Jaison ko jalta dekh,1
♥♥Kahate Hain Ki✨ Zindagi Mein♦♦♡♡Shikayat kam aur-)Shukriya Jyada Kare to ♣♣Zindagi bahut Khubsurat Ho Jaati Hai,0
"~Beautiful Good Morning~'To all my dear respected friends""साँस_साँस सिमरन करो___इक साँस ब्यर्थ न जाए""न जाने किस साँस में___अतिंम घडी आ जाए_औम नमःशिवाय_हर-हर महादेव_ सुप्रभात आपका दिन मधुर शुभ और मंगलमय हो",0
Iss bhadwe ka jada ho rah h Mc saale teri maa ka b₹hosdaa,1
Gf yaar mai moti hoti jaa rahi huMe kissing can burn 64 calories Per minuteI can help you if you want,0
Actually the best play was Tata Steel BSL if you consider capacity EBITDA/ton change in PAT &amp; valuation(price to book and FY23 forward PE)It was a 10x opportunity but thanks to the institutional &amp; retail shareholders jinhono rupia ka maal 10 paise mein bech diya in the merger,0
I WAS PEEING AND A FUCKING CHIPKALI FELL ON ME AND I RAN HALF NAKED ISTG IMMA D*E TODAY,0
Life is beautiful ❤️Tumhara ahankar mubarak ho tumhe karlo Kathaye kuch nahi khak Chan rahi ho,0
GHTIYA company hai Vodafone sbhi se nivedan hai aishi GHTIYA company ki SIM port kerwa Ker Anya kishi netwark se juden lekin Vodafone me kbhi nhi ayen kyon ki Chor hai company sali phle recharge kerwne ke liye 72 msg lekin phone lgao kbhi Lagta hi nhi,1
Tere baap ka naam pata chala ya teri maa ko pata hi nahi kaun aaya tha,1
over actingcrappy short clothesWeird Maker upWe r tolerate thz stupid &amp; creep character But now don't show us vansh and Red lipstick chipkali force puke intimate scenes ladki lao vansh ko chipka do cn u stop thz nonsense No Gyan plz✋ IshqMeinMarjawan2,1
Btw im not moti Instead im VERY SKINNY,0
are sala ye nasl hi dogli hai sali jo sirf talwe chat kr badi huyi hai,1
Ro Ro kar dhunda karoge ham jaise tang karne walo koChale jayege ham ek din kisi khubsurat Kafan ka naseeb ban karGoodnight,0
Chokist fans aukat hai Gandu logon ki Eak reply dega toh maa chodke rakh dunga lavde ki,1
Teri maa ka brosda b0SDI wale chacha Gaan fatt gyi teri 75 vote me maa khuda gya apni,1
Teri maa ki chut mai kutte ka lund,1
Guru has literally no intrest in this song nd this chipkaliHis reactions are like ye gana mera nhi mere mr hamshakl ki hai nd she tries 1000 times to get some bhaav but he has 0 intrestshe has lost her self respect,0
if cong would have been power they would have been also opposed even now they are been opposed as captain is much criticized by the farmers in punjab the farmers in punjab also have two three ago protested outside the moti mehal on some other law other than the farm laws,0
Gool Maal only for Utpal Dutt Else no repeat value Andaz Apna Apna I missed in my list,0
This indian womans name at the shop today was Kamini,1
Chutia Gao kay muttar is Pakistan nay tum logon ko poori dunya may nanga kar dya hy Terroistan kay barway,1
Teri maa toh ek dum maal hai chodne ke bad hume bhi pass kar de teri maa ko chodune ka mann kar diya,1
Lol ask her ancestors where she is from????? Lol 3rd class Randi is talking about Pakistan,1
Lekin tu khud hi toh keh raha tha ke punjabi samjh ni aati toh kuch aur bolo gadhimujhe kahaan english aati haitumne bola hamaritoh tumhari hi hogi firab directly ho yaan indirectlyjhumkey?,1
I took moderna felt slight headache and sore shoulder Patents experienced alot of pain on the shoulder fatigue and a pretty bad fever After tyenelol its like nothing happened,0
Aapney toh kaafi khubsurat gaana Gaaya Sumit Ji Mujhe kaafi pasand Aaya ☺️,0
Teri maa ka bhosda moderchod do kaudi Dalal suwwar atankwadi Gufa ki paidaish tujhe kuch pata re ga…,1
"AAR Member Note Congrats to Randi Rashkover on the publication of ""Nature and Norm Judaism Christianity and the Theopolitical Problem""",0
Muje mere pese waps kr jb nhe jita paya to block kr diya tuje Team bnane aate h kya gandu sale,1
Teri maa ki chut mera lund Teri behen ko muh mein mera bhi mera lund Pathingala sir hindi la thittun…,1
Jinko nhi mila o ro rahe randi rona eshe hi bolte hai angur khate hai,1
Nooooo fr ? How many doses you have to get ?,0
Gand me jalta hua koyala bhr denge bhai kasam se hindu hain hum gandu nahi delhi wale to pani pr i…,1
Aajtak chutiya randi walo delhi ko to dekh lo madar chod,1
Tum logon se baat nahin karenge to kis se karenge jo raat ko like kiya na kya pata vah hamare friend ko manane ke liye ke log mujhe kisi aur ke sath dekh sakte hain ki nahin kyunki broken but beautiful a rahi hai kyunki vah apne friend ke khilaf jakar hamare kam ko content deta,0
"Another thing Sir What happened to you these days vo ""TANCH MAAL"" Vale statements nahi aa rahe aapki taraf se aajkal",0
I think tujhe bahut experience hai Kiynuki yeh sab tumaha…,1
kaha hai ye haramkhor ab desh mai ek ladki ka rape huaa ab kyun chup hai Ye ek number ki harami aurat…,1
Isay Bnane wala pehly hakumat se nikal dya gya jb dil na bhara phr jail mai daal dya Phr uss ki jaan khatry mai daali gayi usay bahir bhej kr randi rona shuro kr dya gya Ab uss sd kbhi directly Aur kbhi indirectly mafyan mangi jati hainAb dar hai k kahin wo wapis na aa jye,1
NirvanaRajput Analizing Rhea &amp; Mahesh Bhatt viral Watsap chats Part 2 Just for fun ArrestRhea ArrestRheaChakraborty RheaChak…,1
"Mall ya Maal? Aap toh ""One in a Billion"" ho ma'am",1
Abe mc teri maa jaise hogi tabhi tu itna gandu paida hua h jo apni MaA ka naam kharab krn…,1
banda kahega bandi se tumhari punishment tum ho hi itni khubsurat control nhi hota bichari bandi bandi bhi kam naa uske mann mein ladu phutata hainIshqMeinMarjawan2 RiAnsh RraHel,1
Teri maa ka yaar jo walk ker raha hota hay,1
For some reason I used to mix up Kunti of the Maharbharata with this thing (khunti in Bangla),0
Aap bahoot khubsurat lag rahi ho her baar aap dil me utar jati ho mere ❤️,0
Matlab tu maanta h teri maa ka khude waah re l,1
DR JOEL WALLACH &amp; DOCTOR OF NAUTOPATHY RANDI SHANNON 'THE' SHOT VACCINE via,0
Tere Chuchiya to Nichod Nichod ki Piyoga Saath Main tere Chut Bhi Chatugaaa Tere Bode ka Namkeen Juice,1
Happy Holi wishes from team Sundari KalyanjiGogana Rizwan BalReddy SureshBobbili ArjunAmbati RizwanEntertainment SriValliChaitanya,0
When your frnd starts ignoring youU ye b bik gayi/gaya sali/sala,1
You will go down to this level HaramKhor Rahul kitne mei bikka tu sala harami RahulKanwalDalalHai,1
टिस्का चोपड़ा ने शेयर किया वीडियो दिखाई जयपुर की मॉर्निंग और नेचर के खूबसूरत नजारे NBTRajasthan RajasthanNews jaipur Bollywood,0
SiddharthShukla tere baap ka show hai ya teri maa chod gayi h bosdiwale tu hota kaun saragurpal ko nikalne wale a…,1
Kal republic ne jo HathrasHorror ko expose kia congress ko uske baad Maha govt ko nanga naanch to karna hi tha WeSuppo…,0
Qanoon aik Randi hai jis ka istamaal huur paisay wala bedraaigh karta hai aur agar aisa hee chalta raha tu aik din ye purra mulk Randi Khanay ke tasweer buun jaai ga,1
jitnay wakeel hartal mai shamil hain unko nanga ker k ulta latka k maro gandi nasal ki paidawar hain ye saray,1
WHAT WENT WRONG NOW KHUSHI SE CHUT MARWATI RHI SARA MAAL KHA GAI AB AUR DHUND LIYA CHUT KO SEAL KR DO,1
Acha ye ek padhi likhi gawar bichme ghusi aisehi hai sab chuthiya Rubina k fans,1
Acha achaSorry yaarPehchana nahiQasoor shayad hamara bhi nahi naBachpan me anoushah bohat khubsurat or Cute thiAb to mirror darr jata he,0
Abey gadhe isne tum sab ki jala rakho hai He is a self made and super successful Tum…,1
kya hua bharwe nanga nach ban ho gya suwar kal tere chenal ko rambilas paswan ki news batayegiblock kar mujhko,1
Itna mujhe patah haiGauri you are blessed with beautiful eyes filled with innocence Agar bharosha nahi hai check in mirror yeah phir koi bhi photo apna utha ke dekh lena I won’t lie,0
HiMeri pyaari Shreya mam aapne BawraYeMann song sunna?Aap suniyegaBeautiful aur emotional song hai Shreya mamClassical compositionarrangementssinging aur har cheez amazing haiAccha apne lunch kar liya? Apna khayal rakhiyega,0
Of course Mai ghr pe khoya bna bna k kha leti hu Mummy bolti Moti ho jayegi But I don't careChoti thi toh packet ko daant se kaat K Waise hi pi leti thi milk,0
*Agar Larki ki Dost ka Bhai Handsome ho*Le_ Larki Yaar Apnay Bhai say Setting karaaday ❣️*Agar hamaray Dost ki Behn Khubsurat ho*Le_ Hum ‍♂️ Teri Behn Hamari Behn ❤️ Allah hamesha Nazr-e-Bad say bachaye Hamari Behn ko ⚠️️,0
ABEY BHADWE SAALE KAAM SE KAAM RAKH NA MADARCHOD quarantine reh na saale narangi lund Teri BIWI D…,1
Khubsurat zindagi ka raazDua ki jaie dua di jaie dua li jaie,0
Lol Modi trying to normalize relations with pak sasta maal foonka hai,1
Sab chutiyapa khubsurati ka hai Khubsurat na hoti na ye tou bas pawri wali video pe 2 likes aatyaik uska apnaaik fake id se,0
Tiwari ji bol rhe to shi baat khubsurat ho bhabhiji,0
Oh Randi video daal warna seenay k liye darzi Nai bheje ge,1
YAY Glad you were able to got one Thay is the important thing Because my grandmama qualified so early being 93 and I because I am a legal caretaker we got in relatively early and could pick location per vaccine I don't think you can now But any vaccine is a good vaccine,0
72 hooro ka to pata nahi par teri maa bahenbiwi ko 72 lund jarur milenge randi ki aula,1
oh itny moti yaar kya baat hi,1
Teri maa ko maulavi ka pyar de tu,1
Randi शब्द किस हिंदुत्व के ग्रंथ से लिया है ढोंगी बाबा के चेला जी,1
Me chodunga tumhe nanga karke Pehle rani banake fir kutiya banake,1
Abe teri maa ki c**t anpad insaan3 najaaish maa ka 10-12 aulad me s…,1
Tu to madharchod ye bhi bhool gaya jab maine teri maa ko tere baap ki dead body par p…,1
These two make an adorable pair Hit the love button if you agreeSRKians SRKian srkprideofindia ShahRukhKhan AliaBhatt…,0
Dear beautiful girlsMere crush ka naam jaanke kya karogi tum? »»» Aur milta kya hai ye puch ke tumhein?? Haan??,0
tujhe to aise bura lag raha hai jaise teri maa ka yaar hai dabu,1
Twitter per ILove you ki koi value nahi hotijiski chut pyasi aur jiska Lund khada hot…,1
✍️दर्पण ।। ▶️ ।।।।।।।।।।mirror selfie love photography instagood india mirrorselfie photooftheday instagram reflection fashion picoftheday travel me follow happy nature mirrorpic instapic photo smile summer fun fitness beautiful,0
teri maa ka bhosda are u responsible for guj1984 sikh riots bsdk,1
Teri maa ki chut me Vrgin salman ka lund,1
Teri maa ko itni aasani se chodunga land fakir Tu shirf dhoni or ab D ke batting ka cam…,1
Han Jee 2/3 Bana Kar Randi Memona Aur Ess Ki Luchi MaaKo Pilaye GeSweetie Bas Cream Zaror La Kar RakhnaJo Teri Maa Ki Beli Ke Muh Ko Taang Bana Deti Hai,1
Mehwish tum bohot khubsurat aur hott hogayi ho last year ke muqable,0
Aroo ji baat sunienYe Saif Roz mere DM mien RANDI RONA Karta hai k Aroo ji se kaho mujhe unblock karein main Aroo ji SE Kabhi badtameezi Nahi karunga aisa Kaha usne,0
"Today's ""Gandu"" of the day award goes to this sexy and hot player from csk kedar jadhav CSKvkkr KKRvCSK…",1
Are kidhar ghusayenge uskoSab overseas Maal jama kar rakha hain unhoneCould have gone for geniune pace bowler,1
Tune maan liya teri maa auto wale shee apni kaali gand aur chut marvati haiSabhal bee teri maa ko SRK…,1
Sahi kaha kyunki teri maa Meri maa Mujhe ye nhi pata tha tu teri maa ko muli ka mazaa dene wala…,1
Duniya jaye sali bhar main koi parwah hi nhi,0
Khubsurat wo hai jiske paas paisa hai,0
Berang thi zindigi sab ho gaya tha ghumIndradhanush kushi ka le aayi ho tumSato rang tumhare aage lagte h pheke Kushiyon ke sahi mayine tumse hai seekheHasrato se ho rahi aaj meri jaangDil chahe aaj ho jaye hum ek RangThese beautiful lyrics GhumHaiKisikeyPyaarMeiin,0
वाणी कपूर बताएंगी कैसे रखें सुंदर कमनीय व छरहरी काया समग्र सेहत के सारे नुस्खों को करेंगी पब्लिक healthtips Styletips,0
Kyon apni maa ko gali de raha haiTeri ma gayi modi ke pass loddu tab tu paida huabeez to tu mod…,1
-Wakilin raya kasa-Sarkin Gandu-Makama KaramiAs seen on people status on watsapp,1
Kal republic ne jo HathrasHorror ko expose kia congress ko uske baad Maha govt ko nanga naanch to karna hi tha WeSupportRepublic,1
Rab na kchh na dekar bhi sab kchh de rkha hai meri jholi me duniya ki sbse khubsurat tohfe mere pyare bhai-bahen mai bahot khushnaseeb hu jo mjhe bhai-bahen ka sath mila h life mesubhabakhair goodmorning thursdayvibes,0
Maal Bahut badiya maal Itna aacha ki dekhne ke baad icognito ki side jata bhi nahi tu Shayd chrome hi haata deta phone se Itna aacha tha vo,0
Ye mard bhi Soch skte Hain auratein b Soch skti Hain aur us jaisa practice kR skti Hain pr Tu kahaan smjhega Tu patriarchal culture Ka product hai Jo patriarchal privilege leke yahan slut-shame krne aa gya hai,1
Beta Ham to esy Hi Hy jaha bhi lund ghus…,0
Tu kisi Maha gshti ka Kuta hai bsss tery din rat ka bhonkna btata k heera mndi ki SB se bri gshti thi…,1
Kya re randi bano begam ke pote rajesh laude,1
Q inki shakal se hath khubsurat hoti hain,0
Beta tu bhi padh leti aage badh jaatiidhar kyu randi Rona kerti he,1
Duniya ka atankwad Muslimye na ho to duniya khubsurat,0
SonamKapoor - nope Still dont like ur nasal voice Still dnt like ur below avg acting,0
Report maaro is Mona tonabki I'd bhi ho jayrgi suspended sali khud chaye khud ko dekhkar hi Durr jati hogi mirror mei,1
Aaj aasman bahut achha lag raha h Aur me usme khona chahti hoon Kitna sundar h pure kale asmn ke andar shiny shiny tare aur chand pata nahi use kya khubsurat bana rahe wo tare ya wo kala rang,0
This effing chipkali came near to washroom door nob and when i tried to sho sho that khabes chipkali fell on floor I better know how i survived in washroom It was traumatic,0
Gobar khan Rd hai and tu uska 1000 wa 6ka bacha,1
Inhe ke culture mien bhabhiji cheap jokes type and sali adhi gharwali concept hai Agree we have marriages with cousins but kitna distance rehta hai once we cousins growup then girls in the family alag boys alag and know cheap loosetalk at all Anyways inkoe samjh ke bahar hai,0
Congress is operating that pret aatmarahul gadhi sonia gadhiArmy just shows shaheed to get more benifits for a person-They destroyed my life for supporting rahul Gandhi,1
Teri maa ka bhosda Arnab GooooTo journalist hai yaa bjp walaMadarchod,1
Market economy ka jamana hai Kisan open market me maal bechna shuru karega tabhi healthy and competitive ecosystem develop ho sakega,0
Mean moti hun patli hun jaisi b hun thik hun jis ko ni mean pasnd wo ignore ker de baqi mery followers tu hain hi pyrey love u all,0
Aap sahi kah rahi hain khubsurati aksar parde me achi lagti hai warna khubsurat to wo bhi hoti hain sorry main unka naam nahi lena chahta,0
han ji alhumdolillah behtreen hen khubsurat baal kiyun masla hai koi ?,0
The Amazing Randi was one of the greatest performers of his time As well he virtually debunked every mainstream charlatan I am an extremely huge fan of his work outing Uri Gellar and Peter Popov as frauds,0
तार्रुफ़ रोग बन जाये तो उस को भूल जाना बेहतरताल्लुक बोझ बन जाये तो उसको तोड़ देना अच्छा।वो अफसाना जिसे अंजाम तक लाना न हो मुमकिनउसे एक हसीन मोड़ दे कर छोड़ देना अच्छाचलो इक बार फिर से अजनबी बन जाये हम दोनों।Beautiful lines by sahir ludhiyanavi,0
"Maa ki chut tum sab roasters ki nahi dekhna tumhaara ""loasht""Half of you all are uncreative and other half is j…",1
I always think that where is arfa Ab konsa drama dekh ri hai kamini? Btw alfa is pyari ❤️❤️TERA SUIT FT JASLY HITS 50M,0
Afsos ki baat ye he k larki soye to randi he &amp; jin k sath soi unhe kya bolen ge??? ya un pe b sawal uthe ga jin ko count tak yaad nahi k kitno saath soye???,1
No esther u have to take one name dayan ?? Kamini Answer kar,1
Acharya pracharya laudacharya pujari pandit guruji swami saadhu in sbki paidaish maulvi ki bt kr ra…,0
Itne khubsurat gulab hai phir kyu udaas ho ???,0
Eek Opposition party ki videshi randi/rand frastretted aurat jab balatkar karvati hai to aaisee 40 inch ki bra pahennewali cancerious aurat k maut ki Indians prarthana karte hai Uske maut ke baad balatkar bandh ho jayengeJai Hind,1
Jisko koi kaam krne ka man nhi hota wo gareeb nhi bana firta hai jabki gareeb apne ko kabhi gareeb nhi bolte sakal dekh ke to lg raha free ka maal khane wali party se ho kaaju ki roti Tum hi khilane gyi thi kya,1
Usko bhi famous karna padega Randi ke bacche ko,1
Bosad papputum chindi choro ka yehi hai BC sharad pawar kidr aur yeh lulli kidrkuch toh soch k bol bhadwaypar tera dosh nahi haiapni maa ko bol modi ka kela lena ban karey aur kabhi kabhi tere baap ka bhi lund chus layrandi k bacche100 baap ki paidaish,1
Divya Khosla Kumar फिल्म फेयर अवार्ड गाउन मैं दिखी खूबसूरत जलपरी के लुक मेंBollywood divyakhoslakumar filmfareAwards2021 Beautiful Look Actress,0
Sanskari kuttiya hoti hi etna bhukhi h,1
Ye gawar ki aulad tu itni padhi likhi hai k dusro ka education decide Kar rahi hai ye Rubina k fan aise hi hai Kya begani shadi me Abdullah diwana plz get lost chuthiya log not allowed,1
Triyog Randi hoina Randi ko chaak ho,1
friendlyTaragathi gadhi daati lyrics written by you,1
Yeh Canada jaake aur zyaada khubsurat ho gayi hai ya aisa sirf mujhe lagta hai,0
Teri kaum hi madarchod gaddar hai yaha ka khate yahi ke sainik ko gaal…,1
Sochoga sorry ek bar gadhi wala kam KIYA mena Apart from thi Didu ap tu bhot pyaara ho Sbsa best cutest ho everyone loves you u r best mom best sister best wifey and indeed best lady out here Stay the same ❤️ enjoy your day,0
Teri maa ki chut randi k mai yaad rakhuga tereko chinta mat ker,1
Shubh prabhat Jai shree krishna Beautiful lg rhi ho,0
Adhura ishq kitabo me hi achha lagta hai Beautiful writing though,0
Ek hi dukaan ka maal hai bikne ki jaroorat nahi hai Delhi ke kisi vidhayak ko Sab ke andar ek kapil Mishra hai bas mouka aane dijiye professor saab,1
Teri maa ki tanzeem saazi ka tu natija he,1
Nothing nhi samaj payen gi uper level ki baat hai,0
Teri ammi ka bhosra bhenchod teri maa ki chut mai haathi ka soor,1
Life is Very Beautiful Jai_Guru_Dav ✍️ पूरा वीडियो यहां पर क्लिक कर कर देखें,0
randi sali tujh jaisi urban naxals ko sacchai itni chubhti kyu hai afzal guru hi teri maa…,1
Donald Trump in the last 24 hours*Lied that he won 3 nobel prizes*Mocked seniors*Told the people of Pennsylvania t…,0
Jas pls have a look By one of ur biggest fan ❤ And mine kamini,0
Bsdk kaun hai tu border pe jata hai kya gaduAkrman hone wale haiKhud ko importance de raha chutyaThurky,1
Insab se nafrat fd war dono hi badhti hei Sabhi aapni khudhki jagah sahi hei sabhi hotbeautiful etc etc hei compare maat karo 1 se 234 aise hi badhti hei already ek insan de diya sid asim ka,0
Yrr dharal ko beautiful bol dete to kuch ho jata kyaa,0
Nanga means expose kijiye aap ise desh k saamne sir Kai baar kiya or kijiye ye log nhi jaante Modi ki…,1
Achhhajab sid ke liye stand liya tak aapkodikhaa nahi hogamereko sid aur sana se matlab unke fandom se nahiphr mai aapko bhi bolun ky jab Sana ka character assination krte the slut shaming krte hai daily daily tab kyu nhi rokkte apne fd waloko,0
Once upon a time Nora the obsessed transtrender set out for adventure An old creep brat told Nora a story 'Listen well' she said to Nora 'to this aroused by Randi saga ' Once upon a time Nora the drugged out drug addict left her home Nora went home',0
"Small bits but very important information AKA ""Choti Choti Magar Moti Baten"" To avoid technical errors while submitting application for Digital Signature Certificate activationPC",0
Nahi yar kyunki main kisi bhi ladki ke post pe beautiful pretty comment karta hu to wo samjh jati ha ki main kis way me bol raha hu aur tumhe apne friends ke thinking pe thora bhi vishwas nahi sed lyf,0
This is soooo beautiful Bahut pyaara chote Aur dher saara pyaar tumhe itne khaas shabdon ke liye ❤️❤️❤️❤️,0
Koi itna khubsurat kaise ho sakta hai,0
Aur teri maa ki choot me Modi aur Amit ka baaja,1
Its not that meray paas koi baat karnay ko hai Me ye kehna chara hon me khubsurat bhi nai hon,0
Mujhe to pata hi nhi tha yeh kab hua Sali itni noti kyu aa rhi,0
Is Randi k bache badhwe ko jald se jald arrest kare,1
Teri family ko main support karun ga tension mat le tum chakle walon ka dhanda band nahi hone dunga ter…,1
Morning breakfast k jagah maal phuk liya kya ya fir dimag hi nhi ha,1
Andharu randi marriage ke All are invited,0
Government dont buy SHARBATI wheat they pay prices for normal wheat ITC buy this wheat in large quantity under contract farming There is a wheat quality sona moti sri sri buying it from Punjab farmers by paying rs 80 per kg these are desi qualities having low yield,0
Haye ye chipkali ko jass bina chain hi nahi bechari bhagori,0
TERI MAA KI CHOOT ME HAATHI KA LAUDA TERA BAAP LOVE JIHAD FAHILATA HAI MADARCHOD FATI CONDOM KA PILLA MADARCHOD,1
HRSV2009 All culprits should be questioned &amp; culprits should be arrested Rea &amp; sandeep singh should not disappear Sandeep singh may…,0
Hum to aapke saath mast mast gaane share karte hain aur aap hamare saath apna randi rona Kab tak chalega aisa????,1
Entire NTN want Justice for Sushant Singh RajputSatyamev JayateVande MataramJai Ho n jai HindSUBHPRABHATAMND…,0
Randi k paidawar agar paidaish haram ka hai to bat to sedha kar Bhenchod 160 chasing mn banai thy bap ne tery,1
Satsang ki aadhi gadhi Or tap k barsh hazaar phir bhi barabar h nhi chahe pucho ved puranaGreatestGuru_InTheWorld I_FOUND_GODKABIR_SAHEB_IS_SUPREAME_LORDTHE ULTIMATE IMMORTAL KING OF WHOLE UNIVERSES IS HERE ON SAINT_RAMPAL_JI_MAHARAJ So don't waste any sec of ur life,0
Aare Thanks Bhai iss bacchi ke Swar Kya hain Mind Blowing Maa ne Anvai laga diya channel ko aur jab isne gaana shuru kiya main bola O yeh kya hain Babeo Beautiful Voice Heavenly,0
Chal be chut mari k tu hmara agenda fail karega tere jaise bhaut aye bhaut gye,0
Watch Robin Williams high energy Standup and Eddie Murphy Delirious Those are some seriously good standup comedy acts baki sab desi sasta maal is not worth fookofying,0
Saaa*li ye sunn k to mera jisme haddiya nahi wo bhi khada gaya aaaj mai detaa hu tujhe patak k kuttiya** banaaunga aur teri ye moti moti chu**tado ko masal masal k laaal krunga r*aand sali madhar**d teri g**aand me Ek jhatkey me puraa daal dunga chillaa utegi h**aramin,1
Maa mar gai teri dusri topper ka naam lene mein,1
This was beautiful Are you a member of the Subtle Mixed Traits Facebook group? A lot of the same conversations are happening there (I’ve also made friends from all over the world),0
sir standing in a Varanasi viswa Sundari byepass marg but no traffic movement since last 1 hour,0
Pata nhi mujhe chadh gayi hai ya tum waakai mein itni khubsurat ho You're Hot,1
Andher nagari chaupat raja take sher bhaaji take sher khajaa Par Modi ji hain ki maanate nahin chau…,0
tumhari khubsurat ankh mujhe pagal kar rahi hay itni khubsurat ankh maine kabhi nae dekhi,0
Abe Sale Bhosdiwale Sun madhrchodh Kbhi beta mil Teri maa behan chod d…,1
Tu koi intaha qism ki Randi aurat ha,1
VR mansion mein sirf riddhima ko hi punishment milta tha aur kisiko nahi kyunki ye mansion vr ka duniya thaPar ab woh RiAnsh ka hainWakt ke anusar Vansh aur Riddhima ka rishta badal gayiEk khubsurat jagah banali hamari dil meinAage kya hoga?Get readyIshqMeinMarjawan2,0
Aur hit hui to teri maa aur bahen dono ko chodungaWo b ulti leta kar piichvade me mera gusa doonga????Teri id…,1
"Aas paas ki saari cheeze nazar aati hai""Beautiful necklace""""Beautiful sunset""""""Beautiful kuch aur bhi hota hai waha This is why Darshan Raval is Single",0
Teri maa ka chola bhosdi k aaukat dikha di na last mai a Allah ki aam ki chutBoycottBollywood,1
Memon bachey theek hotey or jo barey hotey wo bht typical hotey Liken memon Dill ke achey hotey hain meri tarah or khubsurat bhi☺,0
I wouldn’t know man I’m more of a “maal-o maal te canaal o canaal” kind of guy Drop me at model town Jain mandir any day,0
Maalooom na Teri m ki cht mey aisaa bada waala jhdu dala tha aur mst mour banaya th…,1
TRP to aani hi thi itna nanga naach jo kiya UP me,1
Story viewers dekh raha thaa achanak say nazar aik dp par parhi Us dp may Aik larki thee jisko may janta tak nee na…,0
Ye h hi kamini bismi sirf arash ki h❤,1
Inshort your channel ne unko Nanga kar diya hai,1
Congratulations meri pyaari Shreya mam and the whole team for 3M+ views of NeeKotiyaliObbaneSachi Shreya mam ye song bahut beautiful aur different haiAap abhi kya kar rahi ho Shreya mam?Aapne lunch kar liya?Apna khayal rakhiyega,0
Pahele dekhege khubsurat ho gi to pani pilayege nhi baith ke thodi der wapas kar dege,0
Zindagi khubsurat hi hoti bas dekhnai ka zawiya chahiyai,0
Ye aaj kal Twitter pe khubsurat ladkiya bahut jyada ho gyi hai,0
Insaan bht khubsurat bhi haiYakeen nahi toh ayina dekh lijiye,0
Yehi toh sb chahte hain pr main moti hi nhi hoti,0
Rasha che sam ye derla yakh kam randi,1
Teri to aadat hai suar hindu ki chor ke sab ke gun gaane ki mullaho ke jyada bsdk tu suar ki aulaad ha…,1
Teri MAA KA BHOSDA MARU MADARCHOD SASTI RANDI KI AULA…,1
"I am deeply saddened by wrong interpretation of my tweet ""Teri maa ka bhosda Tanishq"" It was inten…",1
Randi ke pille mera keemti time waste kiya aur jawaab bhi nahi diya,1
Dube ko mara to pura randi rona rahe the sab,1
Aman chaa peeni Sali acidity set hi nai ho rai Surr phatt reha mera cha karke,0
Iske bad ham bhi teri maa behan ka halala muft me kar dete hai iske b…,1
Ask Moti ji for jobs you Moron he never delivered on his 2 crore jobs promise or go fry pakodas/Bhujjiya,1
jo team jeetay gi mein uski side pey hoon chalo shaba✊,0
Prakriti word reminds a beautiful Song that goes like this Hari Hari Vasundhra Pe nila nila ye gaganDishaye Dekho Rangbhari chamak rahi Umangbhari;Ye kisner phool phool pe kiya singaar hai Ye kaun Chtrakaar hai ye kaun chitralaar,0
Meri ami to samjati hain lekin ap ko sun ker waqi mein pata chalta hai kay ap kay ghar randi rona chalta rehta hai isi lye ap itnay mutmin ho,1
Tere Kaun se Wale Baap ne 1400 Saal se bhi pa…,1
What about you? Kitne logon ko chuthiya banaya bhai?,0
अभिषेक सिंह ने एक ओर खूबसूरत ट्रैक ‘तुझे भूलना तो चाहा’ के साथ की वापसी,0
Jis ne USA walon ko nanga ho k dhikha diya us kliye ye jhoot koi means nai rakhta by the way lanat ho tum pr jhootay,0
The only reason something anti bjp trend gets successful at night is because bjp IT cell vale is waqt maal phoonk k so jate hai LieLikeModi,1
Kahbees Insan Teri Maa Ya Behn hoti ghar mn Ya to halal Maa ka Halal son hota to ye Tweet kabi na karta Par Haram k…,1
Absolutely Beautiful and So Cute Gorgeous सितारों से भरी इस रात में जन्नत से भी खूबसूरत ख्वाब आपको आये इतनी हसीन हो आने वाली सुबह की मांगने से पहले ही आपकी हर मुराद पूरी हो जाये Have You nice day,0
Mazak kar raha tha gandu ffs Why is everyone getting so pressed at me today?,0
Iss madrchod ne phir g Marwa li apni bsdk gandu teri wajh se match dekhna band krna padega benchod,1
Teri ma ki chut randi ki aulaad sale bhandve mother chod suar k beej ho tum bhosdi k Dalal har baat…,1
103 Female MP hai Sansad me Bhad Jhok RahiLadki Ki Zuban Nahi Kanti Rapist Yogi ke Logo neIn aur…,0
Lanti insan behgerato k begherat BHAGODAY ghaday gutter jese insan chup kr tuSalay pakistan ko tm logo ne kya apne baap ka maal smjha hua tha???Jo aaey isko kha k chala jaeyZaleel insan ALLAH tmhe marte dum tk ese hi zaleel O khuwar rkhega INSHAALLAH,1
Mrs Meldon apne shohar ke saath mar hi jaati kamini,1
woh pichle 2 match me bhi nahi mili thi gandu,1
Shikast najar aate hi randi rona shuru,1
Kyu ki biden janta hai ki imran yaha aakar wahi kashmir ka randi rona hi royega aur kuch aata nahi bolne ko,1
BiggBoss13’s Rashami Desai tweets a clarification after she gets trolled for supporting Alia Bhatt Sanjay Dutt and Aditya…,0
My body is exactly same just ma uski tarhan moti nai per boobs are same,0
Aap khubsurat hain itneke har shakhs ki zuban par aap hi ka tarana haihum nacheez to kahan kisi ke kaabilaur aapka to khuda bhi diwana hai…CLASSIC HERA PHERI TURNS21,0
Happy wala birthday meri dulari Alsi teri dosti mere liye utni hi qeemti hai jitna Meenu ke liye Parivar ki ekta…,0
My heart ❤goes out also get ashamed as a native of Satakosia (1 day will come the native of Odisha will repent) Really tearfully goodbye Wishing Sundari tigress a lovely new life ahead,0
kya vote nanga hai jo vote ko izzat de rahi ho???,0
yaar randi rona band kro aur parhai kro jaa k,1
Abe randi i am open category aur Fokat me khane ki aadat to tumhari pushteni he bhagwan ke naam se bhik le leke khate ho har jagah hum bhagwan ko daan karte he tum bhosadiwle bhagwan ko diya hua daan churake khate ho chor bhikhari randi,1
Ha to kisi or ka majak bana gandu sushant ka kyo bana ra h madarchod,1
Raja fail hi haiwo praja gadhi hai jo bharosa kar baithi hai,1
Good morning Raj bhaiya subah subah ki ye madhur muskan mubarak ho aapko aapka din behad khubsurat aur Sukoon bhara ho,0
Itni gaali khane ke baad bhi santushti ni hui kya fir chale aai tumwait and watchvery very soonka randi rona karne,1
जय श्री श्याम।god love jesus faith life church peace blessed bible christian family holyspirit music pray motivation art hope inspiration happy jesuschrist christ instagood truth photography grace prayer losangeles beautiful worship instagram,0
Before breakup Boy Baby kya chaiye aap ko say After BreakupBoy Mere say sali sab leke chali gai What Bro? What's this behaviour?,0
डॉग विजय अभी तक तुम्हारा राफेल पर randi रोना बन्द नही हुआमतलब तेरे को अपच की समस्या है इलाज करा किसी हकीम सेऔर हा और भी दवाई लेता आभौजी की गौद भराई की रस्म भी तो अदा करनी है,1
q kry pakistan ko badnaam hritik roshan ki gandhi randi kangana woah,1
Sahi sy dekho randi ky bachy kon ghussa hai,1
Aaja teri ch*chiyoo ko masalta hu aise hi,1
"Byakti Hote to Wese nahi Hote / Jarurat se Jada Gali to Sirf ""Rapist &amp; Randi"" Ko hi dete Hongein Byakti NE Bya…",0
“Overheard a woman say very angrily on the phone “I married a stale ham sandwich of a human” and calling someone a stale ham sandwich is probably my new favorite insult”,0
Kise ko panafir khonafir uski yaad mai randi rona Aagar ye ishq hai tho gaand maraye aasa ishq,1
Ha toh banwa lo na say rupye kasau rupye me milta hai toh banwa loaadhar banwa lokagaz dikha dobaat khatamhar baar ka kya randi rona hai,1
Jab koi larki mery dost ko boly tum chasma laga kr bhot bhot khubsurat lagty ho❤Le my friend,0
kyo bey itna high kyon rehta hai ki apna kaha hi bhul jata hai Rahul se maal mat mangaya karo tumhe wo pachega nahi Tum bas penguine wala stock use kiya karo,1
"Bhai ""aab pachta ke kya hoga jab chidiya Chug gayi khet"" election ho jata hai uske baad randi rona machine hack hoti hai woh galat hai 2024 se phele ballot paper wapas lao",1
Aur gandu khamosh kyun h Video pr? Bol na ki video edited tha? Tha na? To tab se Abhi k video k barey me…,0
Phelps Randi; Intergenerational Transmission of Neural anxiety socialanxiety,0
Chehra to mil jayega humsa bhi khubsuratPar baat jab dil ki aayegi naHaar jeoge,0
I got J&amp;J About 4-5hours after the shot I was illBody aches chills sweating exhaustion and a super sore arm2 days later I was fine,0
Sister is a word Didu is feeling But moti is an emotion ❤️❤️Please retweet on this quote it's true or false,0
assalamu alaikum aapke labo se aise khubsurat lafz to nahi nikalne chahiye patna main aa jao patana hai to hum to aap jaise khubsurat adakara jalpari ke kayal hai,0
Zindagi bhout khubsurat hai zinadgi se pyaar kro Agar ho raat to subha ka intzaar kro vo pal bhi aya ga jiska tujhe intezzar hai❤️,0
Aap ne kis kamaal khoobsoorti se apna ethnic randi rona ghussa diya bheech main,1
Second nahi fourth baki pehle hi bata rakha hai popula…,0
Sabyasachi Pure Organza FLORAL Saree with MOTI PEARL Sequins motiffs and embroidered border work Wedding Partywear Cocktail Designer Saree via,0
Bhenchod tu million miles or human race ke bare mei kya likhta he ? Chuthiya tu sanghi first dikhta he India mei tere jaise log hi he jo ham foreign mei India ke gang rapes ke kisse padhate he,1
Beautiful magazine Rishi Darshan Sant Shri Asharamji Bapu GetSpiritualWisdom,0
KanganaTeam Hrithik ne kiya thukraya yh to dayan ban gaye,1
Mere parents ne mujhe love marriage ki ijazat issi liye di hui hai kyun ke unhe bhi pata hai ye sab mere bas ki baa…,0
Gaaliyo ke liye maa word use naa kiya kijiye Balki teri ammi ka bhosda ammi ch…,1
Aey moti tu mujhe pita kar hi khush thi kya,1
Khubsurat toh bht tha wo surat se Lekin sooch se ek dum geera hua tha,1
flat shoes wipes tissues arimis earings and many more it can even carry a kamini human being,0
Thanks Champa ki daal pe madhumalti ki bel fail gyi hai so aur bhi khubsurat lag rha hai,0
Kuttiya k balatkar k paidais ko encounter karo sale hi duo ko gali deta hai,1
Medam mirchi lag gain kya?Jo jo orat march maen shamil hae wo randi hi hae,1
slickslammer666 boiberrylover nzboyinmelbs bimann6969 kevin357sstuff nakednixxie1 tvtamie4u randi-swallower mypanictime dukahana bbwinneed Yessss more than ok I love them Show me your dick and I’ll show you a horny gurl that,1
Teri maa ka likh du ga neechay likh du ga no 1 randi baghair paiso k b dastyaaaab hai,1
Bhai gagan sahi model aap ko bhi beautiful lagi thi yehi,0
Khubsurat hona acha haiLekin acha hona bohot khubsurat hai RKVians RahulVaidya,0
Kitni baar bola hai sabko bahen banana chod do,0
Yeah sahin bolaSalman ki maa mera hi maal thee jisko woh betixod salim le gaya,1
Khuli ankho se sapne dekhna isea hi khete hai kadak maal mara hoga aaj,0
Wo to modi ji ka naam nahi kharab ho jaye isliye in jeso ko baksh dete hain nahi to road par nanga naach hota roz,0
Rahul gandhi ke upper jo rape case chal raha tha usse fir se open krwaye fat ke haat me aajayegi rahul gandu ki,1
Itna khubsurat chaand maine aaj tak nahi dekha,0
Hamid mir teri maa nu lun kisi randi kay jo pak army pay bhonkay ga os ki maa ki chut main osay gusa doon ga,1
Chuthiya kata h bol n sidhe sidhe,0
Sir pls help me six month se meri job chut gai he or yaha pr koi job bhi nahi de raha sir me me akela hi…,0
MaryamNSharif AWGoraya Judge ko ju buruni dabau hy wo maryum or bilawal hy paisa cahye enhy Or jaan chorany ka a…,0
Ameer hona bhi bht boring hai koi RANDI RONA hi nhi zindagi mein,0
Sali tu paida hi galiya khane ke liye hui hai,1
Faltu ki bate krne se acha hpdhai me ya kisi kam me dimag lgaoye tarif krwane ke lie umr pdi h b…,0
Param pujya Shri sanedada samadi Mandir navnath dham billimora beautiful places,0
Jo khud sala apradhi ho wo ye bole to lagta hai sau sau chuhe khakar Billy haj ko chali,0
I see u as idol figure to me and truly speaking didnt expct such views abt me bt tqHaa nw u myt say ki gadhi ese hi kuch b likh dia bt ik tht genuinely u said thisthank u❤️❤️ nd haan hu emotional fool evn this made me emotional,0
Kangna ka hi dialogue tujhe suit hota hai - abhi toh hamein aur zaleel hona hai gadhi,1
Ameen kya khubsurat thread hai khud se sb jama kiya? Nhi bhi kiya to phir bhi waon,0
I got it today Balaach's giftKhud tu bhai loag apun ne ye netflix spotify etc per eik paisa kharch nahin karna thaMuft ka maal zindabad,0
Ye Hindu Muslman ki nafarat ki Aag Suna tha shheron me hota hai Lekin aisi hawa chali ki iski lapat ab hamare khubsurat gawon me bhi aa chuki hai tars aata hai Apne Bharat par,0
hahaha engot nasa abroad ako at me mga indiano dito kay…,0
Wah kya khubsurat andaz hai aap ka hum to lut kar bhi Abad rah gaye,0
Khubsurat hai wo lab jin per dusron ke liye koi dua aa jaye khubsurat hai wo muskan jo dusaron ki khushi dekh kar khil jaye,0
Teri maa ka thoko lag raha tha nawaz Sharif Sali kali gand wali,1
Lol paratha's Sikha com upper se nhi tapki tumhi hinduo ne randi rona kiya tha guru ji ke agey ki tumko Mughals se bachane ke liye ek alag army or community ke jarurat hai apni pehli santan first child tumhi hinduo ne d thi sikh religion banane ke liye and read below,1
Good Morning Beautiful Deepika सोचा याद न करके थोड़ा तड़पाऊं तुम्हेकिसी और का नाम लेकर जलाऊं तुम्हेपर चोट लगेगी तुम्हे तो दर्द मुझे ही होगाअब ये बताओ किस तरह सताऊं तुम्हे।,0
NationalJumlaDay GlobalFekuDay FekuDiwas मोदी_दिवसMoti After every fake promise to people,1
Ary good ho geya phir to bs ye picture wala chut Choor to baqi sahi hai,0
Aur Chand toh Poora ee Khubsurat lagta hai ❤️✨,0
Abe chutmari ke idhar hoshiyaari chodne ke badle pehle kaagaz dund le Agar mile nai na to bhenchood bhosda aur gand sab marenge randi ki aulad Tere najayaz baap Ajaz ki maar rhe hai na vese he,1
Pappu khud ke liye solid maal magyega Or 15 sec me so jayega Or bolega modi se dar nahi lgta saheb maal ka nasha hi kuch aaisa hota hai,1
Bhai ye baat nahi hm jisse bhi dosti nibhate h pure jaan maal k sath nibhate hain Lekin mere kuchh dost h jo bilkul hamare kareebi the hr tarah se teyar theLekin rss join karne k baad wo hm se alag ho gaye Kyonki rss ki vichardhara hi aisi thi,1
Aur Teri Maa Ki **** Mei Srkian Ka ***,1
Aisa nahi ab to tuhmara raaj haiBas mujhe Muslim galls achha lagata haiAur ye bahut hi khubsurat hai tuhmare jaise,0
Tu v asharam ka hYYa fir abdul puncture lagane aaya tha teri Maa ki chut me puncture kr chala gya,1
Lol you haven’t met me then once our eyes meet moti kon e lara,0
Agr twitter pe aake bhi tum khubsurat ladkiyo ko bina waje follow krre hotoa 8th se pdhna phir shuru krdoya instagram pe chale jao waha zyada scope hai,0
Abhi vesy 1 chipkali bs mery kch pass hi beethi hy,0
Teri maa ka halala katvey hijday ney kiya Kya tanishq bhosdiwalow,1
Meri pyari cute beautiful Bhabhi ❤️Take Care my Dear Bhabhi,0
WAIT OMG??????? I LOVE SALI TAYO WAIT LEMME,0
Another Visual from India Person name Ajay pandit (Resident of purana ganv gadhi mendu near khajori) can be seen beating brutally a poor muslim labour and forcing him to chant Hindustan zindabad Pakistan murdabad (near khajori),1
Buss ye reply karke phasgaya abb Puri duniiya ko Pata chalgaya Puri duniiya ka sabse bada…,0
Ncb b postMAUTAM krti h kya? sameer sir bataya nhi aapne in PR agents koI think it’s rhea tweeting after her so called “maal” in her own language,0
Beautiful Sara ko ku kah rahieski pic thodi hai,0
Kamini bnda insist hi kr leta h,1
Teri maa Ka Yaar hai teri maa tu har raat ko isi ka Neechay Hooti wo bhi Bikni…,1
Bilkul farz hauQ ki jaan aur maal dono hi is waqt khatray main hainIs qoum nay agar ab b na samjha toh in ka Allah hi hafiz hai phir,1
Ye bc randi ka bacha kon hai ye sarey kutti ki bache kahan se nikl rahe hain ArestAmarZaleel,1
so sweet bitiya behatreen mere bete ki khubsurat photo banane ke liye shukriya,0
Yar khubsurat logo ko v relationships problems aate hain kya?,0
Kiya wrong Bhai aur agar aukat hai discord server se ban hokay Randi rona na karo,1
Cz eta amdr secret tai gadhi I'm your soulmate but you're not mine,0
Ye mera dil jeet gayi yahapeMatlab le hi liya mera dil kamini neHBD SHAGUN PANDEY,0
Mamta teri maa ka lauda bhen ki laudi jihaadi gaand kahi ki,1
Teri maa teri maaAur meri maa meri maaBachpan se hi gully ki…,0
ks Omak kl zg abook ki khus Kay andar danda tatti ki…,1
abe ♥de tu kon hota he bhagane vala 2nd may ko to tum EVM ka randi rona karne vale hoitni buri tarah se haroge na muh chhipane ki jagah bhi nahi milegi,1
Abey Chutiye jitna Danga congress rule me hua hai utna kisi aur ke r…,1
"Lekin apni beti se ""Balatkar"" or ""Shaadi"" kaun karta hai Ek he ghar mei ammi abbu bhai aapa saali jija sasur mausa sab mil jate or baki bakri or kuttiya to hai heSach mei tum ek pariwar mei sabko mila dete ho",1
puchta hai Bharat kaha ho Arnab kuttuswami a gandu mera nam Hi Bharat h,1
Teri tarah bhikhari nai hote sab jo apni maa ka dhandha kare,1
Haha acha chalo kal se sath phoolon ki tasweer b lagaon gi,0
Teri maa ka yaar he wahan pr seeta kuti ki ulaad,1
Teri maa ki to daily ch●●t phadi jaati hai ran♧ikhne me gnd me ek saath 10-10 lun…,1
Teri maa ki chut me Shivsena ka lund gaya kya,1
